sample_idx,segment,I,Q
1276448,0,979,1003
1276449,0,971,990
1276450,0,958,998
1276451,0,964,1003
1276452,0,964,1017
1276453,0,975,1007
1276454,0,955,1012
1276455,0,971,994
1276456,0,979,1022
1276457,0,970,1017
1276458,0,967,1013
1276459,0,993,1033
1276460,0,972,1018
1276461,0,987,1008
1276462,0,961,1025
1276463,0,956,1023
1276464,0,976,1023
1276465,0,957,1016
1276466,0,972,1033
1276467,0,992,1049
1276468,0,975,1024
1276469,0,982,1041
1276470,0,985,1053
1276471,0,964,1037
1276472,0,967,1053
1276473,0,991,1039
1276474,0,981,1045
1276475,0,998,1045
1276476,0,1001,1051
1276477,0,988,1046
1276478,0,998,1039
1276479,0,997,1039
1276480,0,994,1051
1276481,0,994,1053
1276482,0,1001,1051
1276483,0,997,1059
1276484,0,1007,1057
1276485,0,1003,1066
1276486,0,1005,1052
1276487,0,992,1059
1276488,0,1009,1054
1276489,0,1019,1044
1276490,0,1017,1065
1276491,0,1019,1067
1276492,0,1009,1061
1276493,0,1014,1066
1276494,0,1035,1041
1276495,0,1021,1069
1276496,0,1001,1071
1276497,0,1017,1050
1276498,0,1028,1069
1276499,0,1047,1069
1276500,0,1025,1037
1276501,0,1024,1072
1276502,0,1025,1080
1276503,0,1028,1052
1276504,0,1016,1065
1276505,0,1052,1053
1276506,0,1027,1071
1276507,0,1041,1068
1276508,0,1044,1070
1276509,0,1032,1060
1276510,0,1065,1051
1276511,0,1052,1058
1276512,0,1057,1059
1276513,0,1050,1083
1276514,0,1043,1033
1276515,0,1047,1051
1276516,0,1028,1045
1276517,0,1071,1047
1276518,0,1043,1038
1276519,0,1067,1050
1276520,0,1070,1049
1276521,0,1068,1051
1276522,0,1066,1044
1276523,0,1079,1044
1276524,0,1063,1063
1276525,0,1085,1039
1276526,0,1076,1018
1276527,0,1076,1043
1276528,0,1080,1021
1276529,0,1067,1050
1276530,0,1076,1020
1276531,0,1096,1035
1276532,0,1108,1019
1276533,0,1105,1029
1276534,0,1097,1023
1276535,0,1096,1028
1276536,0,1083,1035
1276537,0,1100,1030
1276538,0,1084,1012
1276539,0,1078,1014
1276540,0,1103,1019
1276541,0,1103,1021
1276542,0,1088,999
1276543,0,1117,1023
1276544,0,1103,1007
1276545,0,1096,1007
1276546,0,1098,987
1276547,0,1084,994
1276548,0,1098,991
1276549,0,1101,989
1276550,0,1102,997
1276551,0,1106,999
1276552,0,1095,987
1276553,0,1097,991
1276554,0,1102,974
1276555,0,1096,965
1276556,0,1089,974
1276557,0,1084,983
1276558,0,1110,977
1276559,0,1093,977
1276560,0,1097,978
1276561,0,1094,990
1276562,0,1098,965
1276563,0,1072,989
1276564,0,1072,969
1276565,0,1099,971
1276566,0,1089,982
1276567,0,1085,957
1276568,0,1080,973
1276569,0,1103,973
1276570,0,1088,975
1276571,0,1074,959
1276572,0,1087,974
1276573,0,1080,960
1276574,0,1063,952
1276575,0,1079,949
1276576,0,1079,931
1276577,0,1092,959
1276578,0,1073,955
1276579,0,1067,961
1276580,0,1076,951
1276581,0,1081,948
1276582,0,1092,940
1276583,0,1066,949
1276584,0,1073,945
1276585,0,1071,951
1276586,0,1064,953
1276587,0,1071,936
1276588,0,1059,951
1276589,0,1067,962
1276590,0,1079,953
1276591,0,1044,955
1276592,0,1063,957
1276593,0,1060,948
1276594,0,1048,940
1276595,0,1048,946
1276596,0,1051,958
1276597,0,1057,948
1276598,0,1051,939
1276599,0,1054,948
1276600,0,1066,962
1276601,0,1034,967
1276602,0,1071,971
1276603,0,1032,957
1276604,0,1024,964
1276605,0,1027,980
1276606,0,1034,963
1276607,0,1051,968
1276608,0,1040,975
1276609,0,1051,939
1276610,0,1039,966
1276611,0,1047,973
1276612,0,1044,963
1276613,0,1029,954
1276614,0,1037,969
1276615,0,1044,975
1276616,0,1025,986
1276617,0,1022,974
1276618,0,1030,982
1276619,0,1018,985
1276620,0,1029,984
1276621,0,1012,976
1276622,0,1024,988
1276623,0,1023,986
1276624,0,1028,1000
1276625,0,1009,996
1276626,0,1025,996
1276627,0,1004,1017
1276628,0,1003,1026
1276629,0,1008,1067
1276630,0,1014,1089
1276631,0,1020,1167
1276632,0,1018,1210
1276633,0,1026,1279
1276634,0,1020,1309
1276635,0,1007,1319
1276636,0,1020,1328
1276637,0,998,1318
1276638,0,1020,1327
1276639,0,1008,1331
1276640,0,997,1320
1276641,0,1021,1307
1276642,0,1034,1285
1276643,0,1003,1283
1276644,0,1030,1284
1276645,0,1012,1268
1276646,0,1021,1271
1276647,0,1018,1258
1276648,0,1025,1232
1276649,0,1010,1221
1276650,0,1035,1231
1276651,0,1051,1215
1276652,0,1060,1217
1276653,0,1103,1207
1276654,0,1139,1184
1276655,0,1204,1188
1276656,0,1247,1197
1276657,0,1295,1188
1276658,0,1303,1179
1276659,0,1346,1154
1276660,0,1359,1183
1276661,0,1344,1143
1276662,0,1344,1159
1276663,0,1331,1127
1276664,0,1327,1151
1276665,0,1326,1120
1276666,0,1296,1147
1276667,0,1264,1146
1276668,0,1291,1122
1276669,0,1269,1129
1276670,0,1279,1113
1276671,0,1273,1124
1276672,0,1232,1119
1276673,0,1240,1113
1276674,0,1202,1089
1276675,0,1209,1117
1276676,0,1227,1075
1276677,0,1203,1095
1276678,0,1179,1118
1276679,0,1189,1107
1276680,0,1199,1076
1276681,0,1168,1072
1276682,0,1178,1080
1276683,0,1154,1083
1276684,0,1153,1091
1276685,0,1171,1071
1276686,0,1153,1069
1276687,0,1137,1071
1276688,0,1147,1083
1276689,0,1145,1079
1276690,0,1143,1070
1276691,0,1151,1067
1276692,0,1139,1060
1276693,0,1143,1057
1276694,0,1099,1048
1276695,0,1122,1059
1276696,0,1122,1033
1276697,0,1125,1063
1276698,0,1117,1047
1276699,0,1123,1038
1276700,0,1120,1041
1276701,0,1111,1024
1276702,0,1088,1047
1276703,0,1092,1046
1276704,0,1101,1016
1276705,0,1107,1025
1276706,0,1103,1034
1276707,0,1098,1021
1276708,0,1092,1031
1276709,0,1089,1011
1276710,0,1082,1029
1276711,0,1087,1023
1276712,0,1087,1023
1276713,0,1091,1024
1276714,0,1095,1027
1276715,0,1064,1012
1276716,0,1069,1023
1276717,0,1084,1038
1276718,0,1057,1017
1276719,0,1066,1013
1276720,0,1070,1027
1276721,0,1076,1023
1276722,0,1103,994
1276723,0,1056,1000
1276724,0,1066,1033
1276725,0,1069,1016
1276726,0,1065,1007
1276727,0,1075,1007
1276728,0,1055,1019
1276729,0,1060,1010
1276730,0,1063,1001
1276731,0,1058,1005
1276732,0,1048,1000
1276733,0,1051,1018
1276734,0,1039,999
1276735,0,1053,979
1276736,0,1055,999
1276737,0,1041,999
1276738,0,1039,980
1276739,0,1058,984
1276740,0,1049,1013
1276741,0,1046,998
1276742,0,1034,1011
1276743,0,1051,1007
1276744,0,1037,1000
1276745,0,1023,1011
1276746,0,1028,1002
1276747,0,1024,1002
1276748,0,1029,989
1276749,0,1018,990
1276750,0,1030,981
1276751,0,1019,984
1276752,0,1035,991
1276753,0,1032,982
1276754,0,1036,1001
1276755,0,1016,989
1276756,0,1034,991
1276757,0,1031,982
1276758,0,1025,988
1276759,0,1016,993
1276760,0,1031,997
1276761,0,1013,993
1276762,0,1022,1004
1276763,0,1009,1005
1276764,0,1025,990
1276765,0,1004,981
1276766,0,1019,994
1276767,0,1022,984
1276768,0,1010,998
1276769,0,1014,1003
1276770,0,1007,1009
1276771,0,1010,1009
1276772,0,1009,995
1276773,0,1011,985
1276774,0,1008,1005
1276775,0,1010,1006
1276776,0,1012,996
1276777,0,999,1003
1276778,0,999,993
1276779,0,986,1003
1276780,0,1001,990
1276781,0,984,1005
1276782,0,996,1009
1276783,0,1006,1005
1276784,0,1003,1009
1276785,0,1004,1016
1276786,0,1001,1006
1276787,0,1006,1001
1276788,0,992,1021
1276789,0,1012,1015
1276790,0,1023,997
1276791,0,1008,1010
1276792,0,1000,1008
1276793,0,1009,1015
1276794,0,1011,991
1276795,0,1005,994
1276796,0,991,1018
1276797,0,1014,988
1276798,0,1000,1005
1276799,0,980,1013
1276800,0,994,1006
1276801,0,1006,1010
1276802,0,1036,992
1276803,0,1007,1008
1276804,0,1019,999
1276805,0,985,995
1276806,0,1005,1007
1276807,0,993,1017
1276808,0,1009,1005
1276809,0,1010,991
1276810,0,1009,1004
1276811,0,1002,1016
1276812,0,1004,1023
1276813,0,999,1005
1276814,0,1006,1019
1276815,0,997,1003
1276816,0,1022,1005
1276817,0,1003,1008
1276818,0,995,1011
1276819,0,996,995
1276820,0,1011,1004
1276821,0,1007,1015
1276822,0,1009,1024
1276823,0,1019,998
1276824,0,1003,1003
1276825,0,1011,1017
1276826,0,996,1014
1276827,0,1021,1015
1276828,0,996,1006
1276829,0,992,1025
1276830,0,1007,1002
1276831,0,1021,1008
1276832,0,993,996
1276833,0,1002,1018
1276834,0,1014,1010
1276835,0,991,1007
1276836,0,1007,1007
1276837,0,1001,1011
1276838,0,997,1005
1276839,0,997,998
1276840,0,1000,1016
1276841,0,1003,1013
1276842,0,1004,1021
1276843,0,997,1019
1276844,0,1009,1001
1276845,0,1009,1016
1276846,0,1007,995
1276847,0,999,1007
1276848,0,1002,1014
1276849,0,1001,1014
1276850,0,983,1003
1276851,0,1011,1011
1276852,0,1005,1019
1276853,0,1008,1007
1276854,0,1003,1015
1276855,0,987,1017
1276856,0,999,1021
1276857,0,997,1027
1276858,0,993,1025
1276859,0,1007,1008
1276860,0,1013,1009
1276861,0,1007,1023
1276862,0,999,1010
1276863,0,994,1018
1276864,0,1007,1017
1276865,0,995,1015
1276866,0,1001,1001
1276867,0,1003,1001
1276868,0,997,1015
1276869,0,1000,1019
1276870,0,1010,1003
1276871,0,998,1009
1276872,0,993,1031
1276873,0,990,1024
1276874,0,999,1021
1276875,0,990,1022
1276876,0,996,1036
1276877,0,1001,1027
1276878,0,981,1008
1276879,0,999,1027
1276880,0,989,1028
1276881,0,998,1028
1276882,0,992,1021
1276883,0,993,1031
1276884,0,1005,1023
1276885,0,1004,1024
1276886,0,997,1029
1276887,0,1004,1033
1276888,0,1021,1030
1276889,0,984,1011
1276890,0,997,1020
1276891,0,1015,1011
1276892,0,1013,1039
1276893,0,1005,1049
1276894,0,1002,1038
1276895,0,1007,1041
1276896,0,996,1039
1276897,0,989,1039
1276898,0,1007,1047
1276899,0,990,1039
1276900,0,995,1028
1276901,0,1006,1029
1276902,0,991,1051
1276903,0,1000,1055
1276904,0,999,1057
1276905,0,997,1036
1276906,0,992,1038
1276907,0,1010,1055
1276908,0,1022,1042
1276909,0,1013,1041
1276910,0,998,1046
1276911,0,1017,1035
1276912,0,994,1043
1276913,0,1018,1031
1276914,0,1015,1064
1276915,0,1011,1060
1276916,0,1012,1059
1276917,0,1003,1047
1276918,0,1007,1062
1276919,0,1011,1049
1276920,0,1027,1048
1276921,0,1023,1059
1276922,0,1005,1044
1276923,0,1013,1063
1276924,0,1013,1059
1276925,0,996,1056
1276926,0,1057,1066
1276927,0,1029,1051
1276928,0,1026,1073
1276929,0,1018,1060
1276930,0,1034,1041
1276931,0,1041,1053
1276932,0,1040,1060
1276933,0,1038,1063
1276934,0,1042,1056
1276935,0,1043,1055
1276936,0,1018,1058
1276937,0,1034,1045
1276938,0,1062,1065
1276939,0,1059,1045
1276940,0,1025,1057
1276941,0,1046,1049
1276942,0,1047,1052
1276943,0,1053,1071
1276944,0,1048,1055
1276945,0,1063,1061
1276946,0,1050,1056
1276947,0,1048,1061
1276948,0,1045,1049
1276949,0,1053,1045
1276950,0,1046,1046
1276951,0,1047,1040
1276952,0,1044,1047
1276953,0,1052,1047
1276954,0,1064,1055
1276955,0,1043,1062
1276956,0,1067,1057
1276957,0,1065,1069
1276958,0,1058,1046
1276959,0,1067,1059
1276960,0,1065,1046
1276961,0,1063,1042
1276962,0,1085,1044
1276963,0,1059,1061
1276964,0,1076,1049
1276965,0,1083,1070
1276966,0,1077,1043
1276967,0,1065,1053
1276968,0,1082,1037
1276969,0,1074,1036
1276970,0,1073,1045
1276971,0,1085,1041
1276972,0,1081,1032
1276973,0,1077,1052
1276974,0,1103,1032
1276975,0,1087,1047
1276976,0,1081,1044
1276977,0,1091,1035
1276978,0,1089,1043
1276979,0,1083,1050
1276980,0,1060,1026
1276981,0,1080,1026
1276982,0,1072,1053
1276983,0,1087,1025
1276984,0,1087,1032
1276985,0,1110,1032
1276986,0,1096,1043
1276987,0,1102,1016
1276988,0,1111,1033
1276989,0,1111,1031
1276990,0,1094,1027
1276991,0,1105,1022
1276992,0,1092,1022
1276993,0,1072,1009
1276994,0,1072,1018
1276995,0,1073,1008
1276996,0,1088,1026
1276997,0,1080,999
1276998,0,1119,1008
1276999,0,1106,1016
1277000,0,1118,1008
1277001,0,1101,1001
1277002,0,1080,1006
1277003,0,1100,992
1277004,0,1114,1023
1277005,0,1112,1009
1277006,0,1109,1011
1277007,0,1115,999
1277008,0,1119,1009
1277009,0,1123,998
1277010,0,1092,991
1277011,0,1112,968
1277012,0,1105,980
1277013,0,1076,987
1277014,0,1105,981
1277015,0,1097,979
1277016,0,1102,980
1277017,0,1109,983
1277018,0,1115,971
1277019,0,1099,982
1277020,0,1107,989
1277021,0,1091,1005
1277022,0,1093,974
1277023,0,1092,983
1277024,0,1112,976
1277025,0,1103,970
1277026,0,1109,975
1277027,0,1095,983
1277028,0,1101,969
1277029,0,1084,994
1277030,0,1098,1034
1277031,0,1089,1062
1277032,0,1116,1141
1277033,0,1096,1199
1277034,0,1079,1235
1277035,0,1080,1227
1277036,0,1087,1291
1277037,0,1082,1295
1277038,0,1108,1291
1277039,0,1090,1277
1277040,0,1095,1256
1277041,0,1077,1255
1277042,0,1087,1224
1277043,0,1081,1212
1277044,0,1090,1186
1277045,0,1080,1205
1277046,0,1090,1183
1277047,0,1082,1169
1277048,0,1080,1152
1277049,0,1077,1162
1277050,0,1095,1149
1277051,0,1073,1115
1277052,0,1103,1088
1277053,0,1131,1088
1277054,0,1154,1088
1277055,0,1205,1090
1277056,0,1251,1087
1277057,0,1301,1068
1277058,0,1367,1056
1277059,0,1374,1071
1277060,0,1362,1079
1277061,0,1392,1063
1277062,0,1396,1052
1277063,0,1391,1043
1277064,0,1367,1024
1277065,0,1371,1016
1277066,0,1359,1029
1277067,0,1351,1016
1277068,0,1339,1018
1277069,0,1300,994
1277070,0,1272,1013
1277071,0,1287,1005
1277072,0,1278,1019
1277073,0,1256,1017
1277074,0,1255,985
1277075,0,1247,982
1277076,0,1213,994
1277077,0,1241,968
1277078,0,1231,991
1277079,0,1221,964
1277080,0,1156,961
1277081,0,1189,970
1277082,0,1176,960
1277083,0,1174,956
1277084,0,1187,957
1277085,0,1161,966
1277086,0,1153,953
1277087,0,1124,958
1277088,0,1142,944
1277089,0,1124,947
1277090,0,1122,953
1277091,0,1122,961
1277092,0,1123,943
1277093,0,1115,947
1277094,0,1109,958
1277095,0,1080,943
1277096,0,1097,937
1277097,0,1071,939
1277098,0,1090,971
1277099,0,1074,962
1277100,0,1069,949
1277101,0,1060,951
1277102,0,1057,941
1277103,0,1071,944
1277104,0,1044,952
1277105,0,1055,935
1277106,0,1063,929
1277107,0,1055,943
1277108,0,1047,943
1277109,0,1034,927
1277110,0,1036,936
1277111,0,1019,962
1277112,0,1054,951
1277113,0,1020,939
1277114,0,1043,948
1277115,0,1033,939
1277116,0,1024,943
1277117,0,1023,940
1277118,0,1016,934
1277119,0,1017,947
1277120,0,1019,943
1277121,0,1019,944
1277122,0,1031,950
1277123,0,1025,951
1277124,0,999,946
1277125,0,1030,951
1277126,0,1011,955
1277127,0,1013,928
1277128,0,992,927
1277129,0,992,947
1277130,0,999,940
1277131,0,997,937
1277132,0,1013,935
1277133,0,1004,961
1277134,0,990,944
1277135,0,989,963
1277136,0,1009,952
1277137,0,990,964
1277138,0,982,947
1277139,0,993,954
1277140,0,999,968
1277141,0,998,965
1277142,0,994,949
1277143,0,985,959
1277144,0,971,958
1277145,0,989,954
1277146,0,984,955
1277147,0,990,945
1277148,0,999,952
1277149,0,1003,960
1277150,0,991,970
1277151,0,984,969
1277152,0,971,972
1277153,0,985,960
1277154,0,995,967
1277155,0,980,964
1277156,0,988,968
1277157,0,997,967
1277158,0,967,984
1277159,0,976,978
1277160,0,978,965
1277161,0,975,957
1277162,0,980,982
1277163,0,969,969
1277164,0,960,975
1277165,0,975,979
1277166,0,970,989
1277167,0,968,978
1277168,0,983,993
1277169,0,984,990
1277170,0,982,991
1277171,0,973,986
1277172,0,954,979
1277173,0,973,980
1277174,0,963,977
1277175,0,962,982
1277176,0,971,976
1277177,0,997,976
1277178,0,980,984
1277179,0,973,968
1277180,0,978,981
1277181,0,987,1000
1277182,0,967,976
1277183,0,971,984
1277184,0,969,991
1277185,0,981,987
1277186,0,965,995
1277187,0,978,1002
1277188,0,971,1000
1277189,0,968,1000
1277190,0,970,1014
1277191,0,968,998
1277192,0,975,1000
1277193,0,970,1002
1277194,0,981,1001
1277195,0,978,1005
1277196,0,963,995
1277197,0,959,999
1277198,0,992,996
1277199,0,950,1014
1277200,0,966,1023
1277201,0,980,1006
1277202,0,957,1012
1277203,0,991,999
1277204,0,988,994
1277205,0,975,1003
1277206,0,975,1002
1277207,0,973,1012
1277208,0,974,1011
1277209,0,983,1017
1277210,0,971,1023
1277211,0,989,1007
1277212,0,980,1022
1277213,0,985,1006
1277214,0,985,1015
1277215,0,966,1025
1277216,0,983,1002
1277217,0,968,1020
1277218,0,979,1021
1277219,0,984,1008
1277220,0,987,1027
1277221,0,981,1026
1277222,0,981,1020
1277223,0,981,1023
1277224,0,988,1027
1277225,0,964,1023
1277226,0,991,1034
1277227,0,971,1037
1277228,0,977,1022
1277229,0,994,1019
1277230,0,994,1016
1277231,0,984,1022
1277232,0,989,1036
1277233,0,987,1027
1277234,0,975,1045
1277235,0,976,1029
1277236,0,968,1030
1277237,0,988,1033
1277238,0,974,1018
1277239,0,985,1033
1277240,0,982,1035
1277241,0,1003,1030
1277242,0,993,1035
1277243,0,984,1022
1277244,0,999,1055
1277245,0,975,1047
1277246,0,981,1035
1277247,0,997,1049
1277248,0,980,1035
1277249,0,988,1051
1277250,0,987,1031
1277251,0,1007,1061
1277252,0,981,1021
1277253,0,974,1029
1277254,0,998,1030
1277255,0,1003,1029
1277256,0,1007,1036
1277257,0,985,1033
1277258,0,998,1027
1277259,0,999,1031
1277260,0,1009,1020
1277261,0,1007,1032
1277262,0,991,1042
1277263,0,1010,1041
1277264,0,999,1029
1277265,0,993,1041
1277266,0,1008,1033
1277267,0,1012,1037
1277268,0,1003,1042
1277269,0,1007,1039
1277270,0,1018,1039
1277271,0,1002,1030
1277272,0,1004,1039
1277273,0,980,1042
1277274,0,1003,1034
1277275,0,1005,1047
1277276,0,998,1033
1277277,0,995,1023
1277278,0,1007,1030
1277279,0,1007,1026
1277280,0,999,1055
1277281,0,992,1038
1277282,0,1005,1029
1277283,0,1004,1035
1277284,0,1007,1038
1277285,0,1013,1033
1277286,0,1010,1035
1277287,0,1007,1022
1277288,0,1007,1037
1277289,0,1021,1038
1277290,0,1025,1018
1277291,0,1008,1043
1277292,0,1026,1032
1277293,0,1026,1047
1277294,0,1027,1030
1277295,0,1015,1055
1277296,0,1024,1045
1277297,0,1017,1043
1277298,0,1024,1034
1277299,0,1016,1029
1277300,0,1021,1045
1277301,0,1013,1050
1277302,0,1007,1065
1277303,0,1011,1039
1277304,0,1015,1051
1277305,0,1015,1055
1277306,0,1008,1041
1277307,0,1014,1043
1277308,0,1034,1053
1277309,0,1015,1040
1277310,0,1027,1051
1277311,0,1035,1055
1277312,0,1016,1055
1277313,0,1035,1045
1277314,0,1012,1062
1277315,0,1021,1032
1277316,0,1030,1047
1277317,0,1030,1051
1277318,0,1005,1053
1277319,0,1026,1055
1277320,0,1026,1045
1277321,0,1018,1057
1277322,0,1018,1066
1277323,0,1038,1031
1277324,0,1028,1053
1277325,0,1029,1048
1277326,0,1041,1058
1277327,0,1025,1019
1277328,0,1043,1055
1277329,0,1055,1031
1277330,0,1038,1040
1277331,0,1048,1039
1277332,0,1039,1057
1277333,0,1050,1049
1277334,0,1049,1058
1277335,0,1065,1047
1277336,0,1067,1050
1277337,0,1056,1037
1277338,0,1061,1029
1277339,0,1056,1027
1277340,0,1052,1024
1277341,0,1050,1039
1277342,0,1050,1041
1277343,0,1050,1027
1277344,0,1067,1047
1277345,0,1062,1037
1277346,0,1047,1045
1277347,0,1061,1036
1277348,0,1084,1049
1277349,0,1061,1045
1277350,0,1064,1023
1277351,0,1053,1018
1277352,0,1060,1039
1277353,0,1055,1039
1277354,0,1045,1039
1277355,0,1071,1041
1277356,0,1051,1045
1277357,0,1056,1035
1277358,0,1063,1015
1277359,0,1057,1028
1277360,0,1067,1031
1277361,0,1067,1035
1277362,0,1052,1028
1277363,0,1070,1039
1277364,0,1075,1022
1277365,0,1069,1015
1277366,0,1056,1049
1277367,0,1055,1033
1277368,0,1061,1030
1277369,0,1056,1031
1277370,0,1063,1032
1277371,0,1063,1024
1277372,0,1063,1039
1277373,0,1057,1030
1277374,0,1047,1021
1277375,0,1051,1027
1277376,0,1066,1025
1277377,0,1053,1019
1277378,0,1047,1023
1277379,0,1055,1011
1277380,0,1076,1027
1277381,0,1059,1032
1277382,0,1055,1027
1277383,0,1064,1027
1277384,0,1060,1009
1277385,0,1061,1039
1277386,0,1075,1034
1277387,0,1069,1036
1277388,0,1082,1025
1277389,0,1054,1023
1277390,0,1079,1004
1277391,0,1066,1013
1277392,0,1056,1022
1277393,0,1076,1020
1277394,0,1079,1015
1277395,0,1082,1011
1277396,0,1060,1012
1277397,0,1077,1005
1277398,0,1079,1020
1277399,0,1079,1009
1277400,0,1071,1019
1277401,0,1061,1019
1277402,0,1057,1007
1277403,0,1064,1002
1277404,0,1072,1007
1277405,0,1074,1016
1277406,0,1055,1011
1277407,0,1087,1001
1277408,0,1086,1011
1277409,0,1077,1021
1277410,0,1079,1019
1277411,0,1077,1003
1277412,0,1055,1005
1277413,0,1059,997
1277414,0,1067,1005
1277415,0,1077,1011
1277416,0,1064,1011
1277417,0,1063,992
1277418,0,1065,999
1277419,0,1059,1008
1277420,0,1066,1002
1277421,0,1062,1003
1277422,0,1066,1007
1277423,0,1048,1013
1277424,0,1056,995
1277425,0,1068,995
1277426,0,1075,1006
1277427,0,1071,999
1277428,0,1089,1001
1277429,0,1066,1011
1277430,0,1075,1015
1277431,0,1066,1056
1277432,0,1063,1093
1277433,0,1070,1143
1277434,0,1054,1159
1277435,0,1076,1241
1277436,0,1058,1295
1277437,0,1056,1280
1277438,0,1056,1292
1277439,0,1068,1317
1277440,0,1059,1343
1277441,0,1071,1300
1277442,0,1056,1296
1277443,0,1046,1310
1277444,0,1061,1288
1277445,0,1065,1258
1277446,0,1061,1246
1277447,0,1063,1240
1277448,0,1057,1235
1277449,0,1053,1204
1277450,0,1077,1227
1277451,0,1063,1213
1277452,0,1057,1202
1277453,0,1068,1183
1277454,0,1087,1203
1277455,0,1111,1185
1277456,0,1143,1173
1277457,0,1199,1166
1277458,0,1254,1151
1277459,0,1296,1151
1277460,0,1343,1127
1277461,0,1331,1109
1277462,0,1380,1125
1277463,0,1376,1142
1277464,0,1380,1119
1277465,0,1364,1117
1277466,0,1395,1088
1277467,0,1379,1097
1277468,0,1366,1101
1277469,0,1351,1091
1277470,0,1304,1071
1277471,0,1317,1079
1277472,0,1295,1069
1277473,0,1283,1063
1277474,0,1282,1048
1277475,0,1264,1068
1277476,0,1252,1057
1277477,0,1257,1069
1277478,0,1239,1071
1277479,0,1227,1059
1277480,0,1231,1059
1277481,0,1208,1040
1277482,0,1200,1033
1277483,0,1202,1035
1277484,0,1200,1039
1277485,0,1183,1036
1277486,0,1156,1024
1277487,0,1199,1004
1277488,0,1185,1025
1277489,0,1167,1031
1277490,0,1187,1014
1277491,0,1173,1023
1277492,0,1144,1027
1277493,0,1155,1014
1277494,0,1140,1019
1277495,0,1138,988
1277496,0,1120,1007
1277497,0,1120,1004
1277498,0,1109,1003
1277499,0,1145,1004
1277500,0,1124,1005
1277501,0,1131,992
1277502,0,1110,983
1277503,0,1097,996
1277504,0,1107,991
1277505,0,1107,987
1277506,0,1106,993
1277507,0,1088,1017
1277508,0,1111,991
1277509,0,1109,1004
1277510,0,1098,986
1277511,0,1097,995
1277512,0,1105,991
1277513,0,1076,980
1277514,0,1089,993
1277515,0,1091,980
1277516,0,1099,983
1277517,0,1087,995
1277518,0,1084,988
1277519,0,1083,973
1277520,0,1079,982
1277521,0,1060,980
1277522,0,1066,978
1277523,0,1076,987
1277524,0,1094,960
1277525,0,1063,971
1277526,0,1081,975
1277527,0,1071,957
1277528,0,1075,970
1277529,0,1058,965
1277530,0,1074,959
1277531,0,1068,971
1277532,0,1070,964
1277533,0,1066,978
1277534,0,1079,974
1277535,0,1049,959
1277536,0,1067,969
1277537,0,1067,956
1277538,0,1058,964
1277539,0,1057,967
1277540,0,1066,953
1277541,0,1044,961
1277542,0,1056,964
1277543,0,1057,960
1277544,0,1048,963
1277545,0,1069,973
1277546,0,1046,973
1277547,0,1063,953
1277548,0,1063,960
1277549,0,1070,953
1277550,0,1064,970
1277551,0,1051,959
1277552,0,1046,964
1277553,0,1055,973
1277554,0,1026,957
1277555,0,1056,951
1277556,0,1042,975
1277557,0,1047,958
1277558,0,1048,962
1277559,0,1044,958
1277560,0,1049,953
1277561,0,1024,975
1277562,0,1028,943
1277563,0,1040,962
1277564,0,1041,960
1277565,0,1037,977
1277566,0,1049,952
1277567,0,1037,960
1277568,0,1060,959
1277569,0,1040,957
1277570,0,1039,955
1277571,0,1028,946
1277572,0,1040,959
1277573,0,1040,961
1277574,0,1040,953
1277575,0,1053,944
1277576,0,1043,964
1277577,0,1037,970
1277578,0,1041,971
1277579,0,1037,945
1277580,0,1033,938
1277581,0,1045,960
1277582,0,1031,961
1277583,0,1043,955
1277584,0,1036,946
1277585,0,1019,956
1277586,0,1032,972
1277587,0,1038,946
1277588,0,1035,962
1277589,0,1032,968
1277590,0,1007,957
1277591,0,1037,975
1277592,0,1033,948
1277593,0,1032,954
1277594,0,1010,959
1277595,0,1026,954
1277596,0,1020,945
1277597,0,1029,948
1277598,0,1029,966
1277599,0,1031,945
1277600,0,1031,951
1277601,0,1029,959
1277602,0,1020,959
1277603,0,1030,966
1277604,0,1007,946
1277605,0,1047,955
1277606,0,1028,949
1277607,0,1017,960
1277608,0,1023,954
1277609,0,1013,951
1277610,0,1029,964
1277611,0,1016,959
1277612,0,1009,957
1277613,0,1033,965
1277614,0,1034,963
1277615,0,1008,949
1277616,0,1019,963
1277617,0,1008,956
1277618,0,1033,972
1277619,0,1020,980
1277620,0,1027,964
1277621,0,1013,960
1277622,0,1025,966
1277623,0,1003,954
1277624,0,1013,966
1277625,0,1034,966
1277626,0,1004,971
1277627,0,1005,995
1277628,0,1020,960
1277629,0,1017,957
1277630,0,1011,949
1277631,0,1017,962
1277632,0,1014,967
1277633,0,1018,959
1277634,0,1015,969
1277635,0,1010,950
1277636,0,1020,967
1277637,0,1034,973
1277638,0,1007,963
1277639,0,1020,971
1277640,0,1013,973
1277641,0,999,971
1277642,0,1027,974
1277643,0,1012,961
1277644,0,1015,970
1277645,0,1007,971
1277646,0,1005,987
1277647,0,1012,971
1277648,0,1013,967
1277649,0,1015,979
1277650,0,1006,971
1277651,0,1022,958
1277652,0,1014,983
1277653,0,1029,972
1277654,0,1013,997
1277655,0,1013,977
1277656,0,1019,975
1277657,0,1021,966
1277658,0,1012,977
1277659,0,1029,969
1277660,0,1023,959
1277661,0,1021,967
1277662,0,1025,970
1277663,0,1017,961
1277664,0,1013,977
1277665,0,1011,986
1277666,0,1025,973
1277667,0,1010,980
1277668,0,1003,960
1277669,0,1018,975
1277670,0,1029,971
1277671,0,1011,982
1277672,0,1011,978
1277673,0,1012,987
1277674,0,1011,974
1277675,0,1008,983
1277676,0,1015,991
1277677,0,1011,981
1277678,0,1027,973
1277679,0,1011,979
1277680,0,998,969
1277681,0,1018,973
1277682,0,1012,966
1277683,0,1015,982
1277684,0,1020,975
1277685,0,1009,977
1277686,0,1018,979
1277687,0,1000,978
1277688,0,1010,984
1277689,0,1000,976
1277690,0,1009,980
1277691,0,1010,978
1277692,0,1020,969
1277693,0,1008,981
1277694,0,1000,989
1277695,0,1001,997
1277696,0,1002,980
1277697,0,1019,980
1277698,0,1024,980
1277699,0,1003,982
1277700,0,1003,991
1277701,0,1008,977
1277702,0,1004,986
1277703,0,999,977
1277704,0,1012,983
1277705,0,1015,979
1277706,0,1007,1000
1277707,0,1015,1011
1277708,0,1020,986
1277709,0,1007,985
1277710,0,1017,988
1277711,0,1017,990
1277712,0,1025,1005
1277713,0,1010,1012
1277714,0,1009,999
1277715,0,1011,998
1277716,0,998,991
1277717,0,1011,1005
1277718,0,1015,1021
1277719,0,1010,1003
1277720,0,1019,997
1277721,0,1023,1014
1277722,0,1017,999
1277723,0,1019,1007
1277724,0,1017,1012
1277725,0,1007,1007
1277726,0,1033,1007
1277727,0,1020,995
1277728,0,1002,993
1277729,0,1011,1002
1277730,0,1033,984
1277731,0,1015,1001
1277732,0,1010,991
1277733,0,1021,994
1277734,0,1016,991
1277735,0,1026,1002
1277736,0,1017,1007
1277737,0,1033,997
1277738,0,1022,997
1277739,0,1008,984
1277740,0,1039,996
1277741,0,1008,996
1277742,0,1023,991
1277743,0,1018,989
1277744,0,1055,982
1277745,0,1027,995
1277746,0,1003,993
1277747,0,1017,983
1277748,0,1007,980
1277749,0,1039,984
1277750,0,1000,999
1277751,0,1031,989
1277752,0,1017,1007
1277753,0,1022,998
1277754,0,1034,989
1277755,0,1021,1001
1277756,0,1015,1022
1277757,0,1008,992
1277758,0,1015,1003
1277759,0,1018,994
1277760,0,1016,1015
1277761,0,1008,995
1277762,0,1020,1001
1277763,0,1029,1007
1277764,0,1011,990
1277765,0,1039,989
1277766,0,1013,994
1277767,0,1027,1014
1277768,0,1039,1016
1277769,0,1031,1007
1277770,0,1035,988
1277771,0,1008,992
1277772,0,1018,1001
1277773,0,1025,1007
1277774,0,1020,1000
1277775,0,1025,1007
1277776,0,1015,1002
1277777,0,1045,1015
1277778,0,1031,986
1277779,0,1015,1017
1277780,0,1021,1010
1277781,0,1007,1005
1277782,0,1023,1015
1277783,0,1019,1001
1277784,0,1027,1000
1277785,0,1015,1005
1277786,0,1019,1015
1277787,0,1007,1003
1277788,0,1019,1003
1277789,0,1015,1000
1277790,0,1028,982
1277791,0,1017,1004
1277792,0,1014,1000
1277793,0,1011,1026
1277794,0,1020,1001
1277795,0,1030,1018
1277796,0,1023,1007
1277797,0,1023,1002
1277798,0,1039,1006
1277799,0,1020,992
1277800,0,1022,992
1277801,0,1024,987
1277802,0,1045,983
1277803,0,1029,1010
1277804,0,1027,1015
1277805,0,1026,1016
1277806,0,1022,994
1277807,0,1018,1013
1277808,0,1031,1007
1277809,0,1031,1003
1277810,0,1020,1012
1277811,0,1011,998
1277812,0,1014,1012
1277813,0,1028,1018
1277814,0,1023,1009
1277815,0,1002,1011
1277816,0,1006,1023
1277817,0,1025,1002
1277818,0,1023,1008
1277819,0,1023,992
1277820,0,1023,1037
1277821,0,1028,1009
1277822,0,1025,1009
1277823,0,1031,988
1277824,0,1011,1003
1277825,0,1017,1009
1277826,0,1026,1005
1277827,0,1015,1023
1277828,0,1014,1017
1277829,0,1027,1024
1277830,0,1033,1063
1277831,0,1027,1109
1277832,0,1014,1135
1277833,0,1019,1196
1277834,0,1028,1243
1277835,0,1018,1269
1277836,0,1022,1323
1277837,0,1034,1336
1277838,0,1025,1316
1277839,0,1003,1320
1277840,0,1016,1317
1277841,0,1025,1296
1277842,0,1016,1309
1277843,0,1024,1258
1277844,0,1029,1269
1277845,0,1009,1248
1277846,0,1008,1267
1277847,0,1018,1239
1277848,0,1011,1220
1277849,0,1019,1227
1277850,0,1008,1209
1277851,0,1013,1199
1277852,0,1030,1197
1277853,0,1079,1195
1277854,0,1107,1179
1277855,0,1149,1161
1277856,0,1212,1181
1277857,0,1237,1156
1277858,0,1299,1128
1277859,0,1339,1126
1277860,0,1335,1145
1277861,0,1364,1123
1277862,0,1359,1132
1277863,0,1363,1100
1277864,0,1355,1107
1277865,0,1327,1122
1277866,0,1320,1096
1277867,0,1287,1089
1277868,0,1289,1118
1277869,0,1270,1088
1277870,0,1264,1098
1277871,0,1244,1072
1277872,0,1261,1065
1277873,0,1216,1077
1277874,0,1229,1093
1277875,0,1205,1087
1277876,0,1211,1087
1277877,0,1192,1044
1277878,0,1203,1065
1277879,0,1176,1063
1277880,0,1183,1032
1277881,0,1161,1048
1277882,0,1151,1068
1277883,0,1171,1056
1277884,0,1156,1051
1277885,0,1166,1055
1277886,0,1147,1063
1277887,0,1142,1045
1277888,0,1126,1060
1277889,0,1123,1045
1277890,0,1110,1032
1277891,0,1132,1048
1277892,0,1137,1050
1277893,0,1110,1035
1277894,0,1103,1039
1277895,0,1102,1033
1277896,0,1106,1034
1277897,0,1111,1016
1277898,0,1101,1011
1277899,0,1099,1041
1277900,0,1095,1041
1277901,0,1083,1021
1277902,0,1076,1037
1277903,0,1091,1021
1277904,0,1074,1032
1277905,0,1070,999
1277906,0,1091,1007
1277907,0,1065,1016
1277908,0,1075,1010
1277909,0,1083,1018
1277910,0,1085,1014
1277911,0,1070,1020
1277912,0,1079,1021
1277913,0,1054,1017
1277914,0,1059,1019
1277915,0,1067,998
1277916,0,1085,1031
1277917,0,1067,1024
1277918,0,1051,1007
1277919,0,1052,1023
1277920,0,1041,1008
1277921,0,1046,1009
1277922,0,1063,1003
1277923,0,1062,1022
1277924,0,1051,1013
1277925,0,1063,984
1277926,0,1062,1008
1277927,0,1063,1015
1277928,0,1071,999
1277929,0,1059,997
1277930,0,1028,996
1277931,0,1028,1001
1277932,0,1032,1003
1277933,0,1040,1017
1277934,0,1035,1011
1277935,0,1054,1009
1277936,0,1051,1025
1277937,0,1040,1019
1277938,0,1039,1015
1277939,0,1041,1018
1277940,0,1031,1003
1277941,0,1039,1007
1277942,0,1051,994
1277943,0,1036,1007
1277944,0,1036,1008
1277945,0,1026,1000
1277946,0,1017,1000
1277947,0,1044,1009
1277948,0,1037,1019
1277949,0,1035,1007
1277950,0,1039,999
1277951,0,1024,993
1277952,0,1034,1002
1277953,0,1024,992
1277954,0,1039,1006
1277955,0,1035,1009
1277956,0,1028,1007
1277957,0,1036,1007
1277958,0,1026,993
1277959,0,1033,1004
1277960,0,1031,1007
1277961,0,1039,1003
1277962,0,1035,1012
1277963,0,1040,1004
1277964,0,1047,985
1277965,0,1019,999
1277966,0,1031,996
1277967,0,1038,1001
1277968,0,1036,1006
1277969,0,1036,999
1277970,0,1040,1014
1277971,0,1030,1002
1277972,0,1047,992
1277973,0,1047,1008
1277974,0,1041,997
1277975,0,1025,995
1277976,0,1039,1000
1277977,0,1041,1009
1277978,0,1023,1015
1277979,0,1029,1002
1277980,0,1024,990
1277981,0,1033,1015
1277982,0,1036,997
1277983,0,1036,995
1277984,0,1042,996
1277985,0,1034,995
1277986,0,1031,991
1277987,0,1037,1011
1277988,0,1027,985
1277989,0,1027,1006
1277990,0,1030,1007
1277991,0,1033,983
1277992,0,1027,1003
1277993,0,1042,1003
1277994,0,1023,990
1277995,0,1047,1003
1277996,0,1053,1015
1277997,0,1044,996
1277998,0,1049,990
1277999,0,1038,996
1278000,0,1039,991
1278001,0,1024,982
1278002,0,1041,997
1278003,0,1041,1006
1278004,0,1039,1004
1278005,0,1035,991
1278006,0,1024,989
1278007,0,1044,1013
1278008,0,1030,989
1278009,0,1019,997
1278010,0,1038,999
1278011,0,1035,1006
1278012,0,1035,983
1278013,0,1025,989
1278014,0,1057,999
1278015,0,1035,991
1278016,0,1038,994
1278017,0,1029,995
1278018,0,1047,997
1278019,0,1051,993
1278020,0,1028,994
1278021,0,1050,996
1278022,0,1055,986
1278023,0,1038,992
1278024,0,1037,996
1278025,0,1046,982
1278026,0,1032,997
1278027,0,1059,984
1278028,0,1047,995
1278029,0,1041,995
1278030,0,1057,985
1278031,0,1044,1001
1278032,0,1062,987
1278033,0,1048,1009
1278034,0,1046,985
1278035,0,1045,999
1278036,0,1021,1003
1278037,0,1032,1010
1278038,0,1041,1002
1278039,0,1049,985
1278040,0,1045,999
1278041,0,1044,1005
1278042,0,1053,1011
1278043,0,1048,993
1278044,0,1032,998
1278045,0,1047,1002
1278046,0,1041,983
1278047,0,1043,994
1278048,0,1039,1000
1278049,0,1031,996
1278050,0,1037,1003
1278051,0,1047,994
1278052,0,1033,995
1278053,0,1042,999
1278054,0,1015,1007
1278055,0,1042,983
1278056,0,1035,1000
1278057,0,1011,1001
1278058,0,1047,986
1278059,0,1031,981
1278060,0,1038,1009
1278061,0,1039,996
1278062,0,1041,992
1278063,0,1032,991
1278064,0,1053,986
1278065,0,1029,995
1278066,0,1033,1000
1278067,0,1052,994
1278068,0,1041,1001
1278069,0,1037,1003
1278070,0,1013,1000
1278071,0,1046,985
1278072,0,1047,1000
1278073,0,1039,998
1278074,0,1045,989
1278075,0,1042,1009
1278076,0,1045,1002
1278077,0,1042,989
1278078,0,1037,1006
1278079,0,1029,991
1278080,0,1030,986
1278081,0,1033,997
1278082,0,1035,1014
1278083,0,1033,1002
1278084,0,1042,1007
1278085,0,1032,1016
1278086,0,1020,995
1278087,0,1031,1007
1278088,0,1041,998
1278089,0,1045,995
1278090,0,1044,1008
1278091,0,1045,985
1278092,0,1051,999
1278093,0,1057,1010
1278094,0,1029,993
1278095,0,1046,1003
1278096,0,1034,999
1278097,0,1027,1007
1278098,0,1049,1000
1278099,0,1044,1003
1278100,0,1019,1014
1278101,0,1043,1016
1278102,0,1033,1010
1278103,0,1046,1012
1278104,0,1032,1012
1278105,0,1038,999
1278106,0,1036,1013
1278107,0,1047,999
1278108,0,1037,999
1278109,0,1042,1009
1278110,0,1035,1001
1278111,0,1033,995
1278112,0,1033,1002
1278113,0,1041,1000
1278114,0,1035,1019
1278115,0,1024,1007
1278116,0,1037,1026
1278117,0,1035,1009
1278118,0,1030,1008
1278119,0,1044,1029
1278120,0,1044,1019
1278121,0,1029,1012
1278122,0,1045,1023
1278123,0,1038,1019
1278124,0,1033,1005
1278125,0,1055,1021
1278126,0,1045,996
1278127,0,1039,1003
1278128,0,1039,1009
1278129,0,1027,1006
1278130,0,1036,1009
1278131,0,1024,1020
1278132,0,1054,1005
1278133,0,1043,1004
1278134,0,1035,998
1278135,0,1057,998
1278136,0,1056,1016
1278137,0,1044,989
1278138,0,1045,994
1278139,0,1047,1016
1278140,0,1032,998
1278141,0,1043,1009
1278142,0,1040,1000
1278143,0,1045,999
1278144,0,1031,975
1278145,0,1059,1011
1278146,0,1037,990
1278147,0,1041,1021
1278148,0,1040,984
1278149,0,1046,1004
1278150,0,1019,1000
1278151,0,1028,1001
1278152,0,1042,1003
1278153,0,1041,1012
1278154,0,1036,1010
1278155,0,1039,991
1278156,0,1043,1005
1278157,0,1032,993
1278158,0,1047,1002
1278159,0,1039,999
1278160,0,1047,995
1278161,0,1034,999
1278162,0,1041,1010
1278163,0,1051,991
1278164,0,1049,1001
1278165,0,1040,1002
1278166,0,1056,1000
1278167,0,1043,1011
1278168,0,1025,997
1278169,0,1028,1004
1278170,0,1037,1007
1278171,0,1043,1012
1278172,0,1045,996
1278173,0,1036,994
1278174,0,1037,999
1278175,0,1038,1012
1278176,0,1031,1021
1278177,0,1044,1023
1278178,0,1037,982
1278179,0,1045,1013
1278180,0,1041,995
1278181,0,1027,1023
1278182,0,1050,1023
1278183,0,1057,976
1278184,0,1054,1011
1278185,0,1051,1003
1278186,0,1047,998
1278187,0,1042,1022
1278188,0,1024,1015
1278189,0,1037,1007
1278190,0,1043,1010
1278191,0,1055,1017
1278192,0,1036,1006
1278193,0,1040,1007
1278194,0,1026,999
1278195,0,1054,1008
1278196,0,1041,1003
1278197,0,1027,1008
1278198,0,1049,985
1278199,0,1044,1012
1278200,0,1037,981
1278201,0,1037,1007
1278202,0,1035,1001
1278203,0,1035,995
1278204,0,1033,993
1278205,0,1041,997
1278206,0,1037,1012
1278207,0,1028,1007
1278208,0,1047,996
1278209,0,1032,999
1278210,0,1042,1007
1278211,0,1044,995
1278212,0,1037,1009
1278213,0,1039,1003
1278214,0,1032,999
1278215,0,1045,1000
1278216,0,1033,985
1278217,0,1032,993
1278218,0,1035,1007
1278219,0,1044,998
1278220,0,1047,1001
1278221,0,1034,1005
1278222,0,1031,997
1278223,0,1029,1005
1278224,0,1028,1001
1278225,0,1030,1012
1278226,0,1033,998
1278227,0,1042,1018
1278228,0,1034,1045
1278229,0,1038,1059
1278230,0,1047,1117
1278231,0,1032,1165
1278232,0,1036,1207
1278233,0,1035,1227
1278234,0,1031,1271
1278235,0,1024,1311
1278236,0,1037,1296
1278237,0,1041,1336
1278238,0,1033,1319
1278239,0,1028,1327
1278240,0,1053,1314
1278241,0,1048,1303
1278242,0,1027,1278
1278243,0,1049,1256
1278244,0,1053,1252
1278245,0,1041,1259
1278246,0,1029,1223
1278247,0,1034,1229
1278248,0,1039,1203
1278249,0,1039,1176
1278250,0,1055,1203
1278251,0,1047,1193
1278252,0,1083,1176
1278253,0,1125,1158
1278254,0,1187,1152
1278255,0,1214,1167
1278256,0,1257,1152
1278257,0,1321,1136
1278258,0,1367,1136
1278259,0,1359,1134
1278260,0,1337,1119
1278261,0,1360,1118
1278262,0,1383,1110
1278263,0,1347,1117
1278264,0,1343,1079
1278265,0,1308,1085
1278266,0,1308,1095
1278267,0,1284,1093
1278268,0,1258,1064
1278269,0,1278,1070
1278270,0,1238,1091
1278271,0,1246,1074
1278272,0,1239,1079
1278273,0,1208,1053
1278274,0,1229,1064
1278275,0,1221,1068
1278276,0,1223,1068
1278277,0,1207,1062
1278278,0,1188,1059
1278279,0,1186,1039
1278280,0,1173,1050
1278281,0,1167,1036
1278282,0,1163,1043
1278283,0,1158,1061
1278284,0,1144,1032
1278285,0,1136,1039
1278286,0,1147,1039
1278287,0,1147,1024
1278288,0,1130,1031
1278289,0,1143,1026
1278290,0,1119,1022
1278291,0,1125,1027
1278292,0,1109,1020
1278293,0,1123,1012
1278294,0,1111,1010
1278295,0,1110,996
1278296,0,1116,1023
1278297,0,1097,1019
1278298,0,1094,1021
1278299,0,1084,1034
1278300,0,1106,1011
1278301,0,1076,1019
1278302,0,1074,1015
1278303,0,1079,1021
1278304,0,1067,1009
1278305,0,1079,1008
1278306,0,1094,1023
1278307,0,1100,996
1278308,0,1064,1023
1278309,0,1077,1014
1278310,0,1052,1007
1278311,0,1071,1015
1278312,0,1052,995
1278313,0,1068,1023
1278314,0,1050,1002
1278315,0,1081,1024
1278316,0,1040,996
1278317,0,1062,1022
1278318,0,1048,989
1278319,0,1058,1010
1278320,0,1049,992
1278321,0,1060,998
1278322,0,1052,1018
1278323,0,1049,1003
1278324,0,1067,988
1278325,0,1062,1023
1278326,0,1054,1006
1278327,0,1048,1016
1278328,0,1056,998
1278329,0,1028,1015
1278330,0,1046,985
1278331,0,1053,1003
1278332,0,1045,1006
1278333,0,1037,1017
1278334,0,1049,1009
1278335,0,1062,997
1278336,0,1034,996
1278337,0,1049,1003
1278338,0,1041,996
1278339,0,1041,999
1278340,0,1028,995
1278341,0,1023,1001
1278342,0,1042,999
1278343,0,1039,993
1278344,0,1037,1002
1278345,0,1044,992
1278346,0,1043,989
1278347,0,1047,983
1278348,0,1043,999
1278349,0,1045,1013
1278350,0,1020,1001
1278351,0,1041,984
1278352,0,1035,1003
1278353,0,1035,992
1278354,0,1043,992
1278355,0,1047,1015
1278356,0,1043,995
1278357,0,1031,992
1278358,0,1035,993
1278359,0,1036,1001
1278360,0,1026,993
1278361,0,1020,1019
1278362,0,1026,993
1278363,0,1039,997
1278364,0,1024,995
1278365,0,1029,997
1278366,0,1033,997
1278367,0,1025,988
1278368,0,1031,1019
1278369,0,1034,1003
1278370,0,1043,983
1278371,0,1025,991
1278372,0,1015,1016
1278373,0,1034,1000
1278374,0,1045,994
1278375,0,1016,1007
1278376,0,1023,987
1278377,0,1042,984
1278378,0,1041,992
1278379,0,1042,1011
1278380,0,1032,985
1278381,0,1020,995
1278382,0,1039,994
1278383,0,1016,1015
1278384,0,1037,1001
1278385,0,1026,998
1278386,0,1010,993
1278387,0,1022,983
1278388,0,1041,1022
1278389,0,1034,1014
1278390,0,1027,1000
1278391,0,1028,993
1278392,0,1031,1008
1278393,0,1039,989
1278394,0,1013,999
1278395,0,1033,989
1278396,0,1020,999
1278397,0,1041,1000
1278398,0,1017,998
1278399,0,1025,1007
1278400,0,1025,980
1278401,0,1018,994
1278402,0,1022,1002
1278403,0,1037,993
1278404,0,1036,999
1278405,0,1020,981
1278406,0,1035,1005
1278407,0,1036,1017
1278408,0,1027,1011
1278409,0,1026,999
1278410,0,1013,1004
1278411,0,1038,991
1278412,0,1043,987
1278413,0,1002,1007
1278414,0,1039,986
1278415,0,1018,993
1278416,0,1036,1000
1278417,0,1018,1004
1278418,0,1027,981
1278419,0,1027,995
1278420,0,1008,983
1278421,0,1036,999
1278422,0,1038,1001
1278423,0,1016,984
1278424,0,1037,1004
1278425,0,1039,983
1278426,0,1049,996
1278427,0,1023,1000
1278428,0,1032,995
1278429,0,1047,997
1278430,0,1028,999
1278431,0,1016,995
1278432,0,1015,1000
1278433,0,1024,989
1278434,0,1017,998
1278435,0,1036,999
1278436,0,1032,1009
1278437,0,1027,991
1278438,0,1026,1003
1278439,0,1039,987
1278440,0,1033,1003
1278441,0,1032,996
1278442,0,1023,998
1278443,0,1022,1009
1278444,0,1031,997
1278445,0,1045,1011
1278446,0,1035,985
1278447,0,1020,993
1278448,0,1027,992
1278449,0,1031,1004
1278450,0,1031,993
1278451,0,1021,993
1278452,0,1039,992
1278453,0,1038,987
1278454,0,1034,980
1278455,0,1027,996
1278456,0,1055,992
1278457,0,1029,1003
1278458,0,1021,1003
1278459,0,1019,1007
1278460,0,1026,996
1278461,0,1025,999
1278462,0,1034,999
1278463,0,1014,1016
1278464,0,1037,980
1278465,0,1039,995
1278466,0,1030,991
1278467,0,1039,984
1278468,0,1037,995
1278469,0,1031,1001
1278470,0,1017,993
1278471,0,1036,998
1278472,0,1043,993
1278473,0,1039,1014
1278474,0,1028,990
1278475,0,1019,989
1278476,0,1046,988
1278477,0,1037,1002
1278478,0,1029,976
1278479,0,1027,1002
1278480,0,1023,979
1278481,0,1022,1006
1278482,0,1034,1007
1278483,0,1027,995
1278484,0,1027,995
1278485,0,1033,974
1278486,0,1030,988
1278487,0,1030,994
1278488,0,1024,1002
1278489,0,1015,989
1278490,0,1034,1003
1278491,0,1039,994
1278492,0,1014,996
1278493,0,1021,995
1278494,0,1021,1003
1278495,0,1010,988
1278496,0,1032,1000
1278497,0,1037,1005
1278498,0,1039,1005
1278499,0,1024,1009
1278500,0,1035,990
1278501,0,1030,1018
1278502,0,1026,1004
1278503,0,1024,1003
1278504,0,1028,997
1278505,0,1037,995
1278506,0,1055,1019
1278507,0,1033,1022
1278508,0,1027,1001
1278509,0,1046,1000
1278510,0,1026,1009
1278511,0,1028,1010
1278512,0,1057,1003
1278513,0,1022,1022
1278514,0,1041,1006
1278515,0,1022,1007
1278516,0,1033,1005
1278517,0,1033,1002
1278518,0,1018,997
1278519,0,1035,1011
1278520,0,1023,1004
1278521,0,1017,996
1278522,0,1041,1013
1278523,0,1043,1020
1278524,0,1045,1012
1278525,0,1039,995
1278526,0,1047,1014
1278527,0,1033,988
1278528,0,1037,997
1278529,0,1029,1015
1278530,0,1038,997
1278531,0,1035,1015
1278532,0,1041,1002
1278533,0,1047,1002
1278534,0,1043,1003
1278535,0,1036,1003
1278536,0,1037,1007
1278537,0,1061,998
1278538,0,1032,1002
1278539,0,1043,1003
1278540,0,1028,995
1278541,0,1035,991
1278542,0,1035,984
1278543,0,1066,999
1278544,0,1067,995
1278545,0,1031,1003
1278546,0,1049,1006
1278547,0,1050,1002
1278548,0,1045,992
1278549,0,1041,998
1278550,0,1029,998
1278551,0,1032,1000
1278552,0,1039,1005
1278553,0,1039,1011
1278554,0,1020,992
1278555,0,1043,996
1278556,0,1057,1005
1278557,0,1043,987
1278558,0,1035,992
1278559,0,1034,973
1278560,0,1055,982
1278561,0,1028,981
1278562,0,1057,992
1278563,0,1032,1000
1278564,0,1034,999
1278565,0,1020,1010
1278566,0,1028,997
1278567,0,1037,999
1278568,0,1024,1004
1278569,0,1046,1010
1278570,0,1049,1003
1278571,0,1023,1015
1278572,0,1045,985
1278573,0,1043,1004
1278574,0,1032,1023
1278575,0,1029,1003
1278576,0,1033,1003
1278577,0,1034,986
1278578,0,1033,997
1278579,0,1030,1001
1278580,0,1045,1014
1278581,0,1055,1004
1278582,0,1017,999
1278583,0,1037,996
1278584,0,1042,1004
1278585,0,1033,1007
1278586,0,1046,1019
1278587,0,1030,999
1278588,0,1045,992
1278589,0,1038,992
1278590,0,1051,1007
1278591,0,1032,995
1278592,0,1047,1007
1278593,0,1053,1010
1278594,0,1033,997
1278595,0,1047,994
1278596,0,1033,1013
1278597,0,1039,1011
1278598,0,1054,1016
1278599,0,1039,997
1278600,0,1030,1010
1278601,0,1027,1000
1278602,0,1009,990
1278603,0,1031,993
1278604,0,1035,999
1278605,0,1032,995
1278606,0,1043,995
1278607,0,1044,995
1278608,0,1051,1011
1278609,0,1061,1003
1278610,0,1038,999
1278611,0,1051,997
1278612,0,1036,1007
1278613,0,1034,1003
1278614,0,1050,1004
1278615,0,1042,1000
1278616,0,1040,985
1278617,0,1028,1006
1278618,0,1039,983
1278619,0,1036,1004
1278620,0,1039,981
1278621,0,1033,995
1278622,0,1029,997
1278623,0,1037,994
1278624,0,1046,1009
1278625,0,1039,999
1278626,0,1024,1019
1278627,0,1032,999
1278628,0,1044,1019
1278629,0,1036,998
1278630,0,1049,1039
1278631,0,1029,1058
1278632,0,1019,1085
1278633,0,1036,1145
1278634,0,1029,1204
1278635,0,1018,1245
1278636,0,1039,1289
1278637,0,1031,1300
1278638,0,1029,1293
1278639,0,1019,1304
1278640,0,1039,1342
1278641,0,1037,1322
1278642,0,1031,1282
1278643,0,1031,1295
1278644,0,1025,1259
1278645,0,1033,1279
1278646,0,1046,1248
1278647,0,1045,1232
1278648,0,1027,1234
1278649,0,1045,1235
1278650,0,1024,1208
1278651,0,1017,1192
1278652,0,1036,1192
1278653,0,1043,1183
1278654,0,1063,1189
1278655,0,1097,1171
1278656,0,1163,1167
1278657,0,1189,1155
1278658,0,1255,1130
1278659,0,1279,1152
1278660,0,1319,1136
1278661,0,1340,1133
1278662,0,1365,1129
1278663,0,1351,1123
1278664,0,1360,1104
1278665,0,1336,1115
1278666,0,1341,1114
1278667,0,1344,1109
1278668,0,1312,1101
1278669,0,1284,1064
1278670,0,1292,1076
1278671,0,1295,1083
1278672,0,1279,1072
1278673,0,1269,1069
1278674,0,1261,1065
1278675,0,1246,1055
1278676,0,1247,1082
1278677,0,1216,1035
1278678,0,1200,1049
1278679,0,1221,1067
1278680,0,1215,1045
1278681,0,1199,1059
1278682,0,1191,1063
1278683,0,1168,1029
1278684,0,1185,1054
1278685,0,1142,1023
1278686,0,1136,1040
1278687,0,1141,1034
1278688,0,1151,1035
1278689,0,1136,1029
1278690,0,1148,1029
1278691,0,1149,1035
1278692,0,1153,1039
1278693,0,1131,1021
1278694,0,1112,1023
1278695,0,1137,1042
1278696,0,1115,1016
1278697,0,1132,1008
1278698,0,1104,1015
1278699,0,1106,1025
1278700,0,1103,1019
1278701,0,1083,1030
1278702,0,1095,1025
1278703,0,1078,1026
1278704,0,1097,1014
1278705,0,1079,1008
1278706,0,1085,1016
1278707,0,1103,1017
1278708,0,1075,1006
1278709,0,1081,1006
1278710,0,1077,1009
1278711,0,1065,1002
1278712,0,1078,1008
1278713,0,1069,1014
1278714,0,1063,1000
1278715,0,1064,1005
1278716,0,1057,992
1278717,0,1051,1005
1278718,0,1069,1005
1278719,0,1060,992
1278720,0,1054,992
1278721,0,1069,995
1278722,0,1056,1003
1278723,0,1073,1015
1278724,0,1044,997
1278725,0,1044,999
1278726,0,1059,1008
1278727,0,1047,999
1278728,0,1066,992
1278729,0,1045,1001
1278730,0,1060,1008
1278731,0,1051,1006
1278732,0,1047,995
1278733,0,1056,1014
1278734,0,1046,978
1278735,0,1041,999
1278736,0,1050,1009
1278737,0,1045,990
1278738,0,1038,985
1278739,0,1038,999
1278740,0,1043,995
1278741,0,1024,1001
1278742,0,1035,1007
1278743,0,1045,1007
1278744,0,1039,1003
1278745,0,1038,996
1278746,0,1061,983
1278747,0,1043,997
1278748,0,1034,1004
1278749,0,1041,998
1278750,0,1030,1006
1278751,0,1016,1005
1278752,0,1007,978
1278753,0,1033,1005
1278754,0,1019,998
1278755,0,1025,980
1278756,0,1030,1013
1278757,0,1040,1002
1278758,0,1035,998
1278759,0,1057,991
1278760,0,1044,1005
1278761,0,1039,991
1278762,0,1029,984
1278763,0,1033,992
1278764,0,1037,999
1278765,0,1039,981
1278766,0,1039,984
1278767,0,1026,997
1278768,0,1016,1005
1278769,0,1030,989
1278770,0,1048,987
1278771,0,1044,985
1278772,0,1038,999
1278773,0,1034,994
1278774,0,1031,1003
1278775,0,1025,1001
1278776,0,1029,999
1278777,0,1033,991
1278778,0,1046,1004
1278779,0,1039,991
1278780,0,1025,997
1278781,0,1038,1005
1278782,0,1034,995
1278783,0,1033,987
1278784,0,1043,1000
1278785,0,1039,1001
1278786,0,1027,993
1278787,0,1045,1001
1278788,0,1028,1007
1278789,0,1043,988
1278790,0,1031,990
1278791,0,1047,990
1278792,0,1031,998
1278793,0,1027,1008
1278794,0,1045,1001
1278795,0,1026,1003
1278796,0,1031,993
1278797,0,1029,995
1278798,0,1029,978
1278799,0,1019,996
1278800,0,1015,997
1278801,0,1031,998
1278802,0,1018,986
1278803,0,1019,1015
1278804,0,1047,1007
1278805,0,1028,992
1278806,0,1019,998
1278807,0,1037,999
1278808,0,1031,982
1278809,0,1028,995
1278810,0,1047,991
1278811,0,1031,992
1278812,0,1028,995
1278813,0,1023,995
1278814,0,1045,998
1278815,0,1015,999
1278816,0,1039,1001
1278817,0,1029,1003
1278818,0,1027,999
1278819,0,1035,1005
1278820,0,1037,997
1278821,0,1028,1007
1278822,0,1036,992
1278823,0,1020,1009
1278824,0,1036,986
1278825,0,1055,994
1278826,0,1041,1000
1278827,0,1045,1002
1278828,0,1017,998
1278829,0,1027,1004
1278830,0,1043,1004
1278831,0,1028,993
1278832,0,1013,1006
1278833,0,1013,1007
1278834,0,1016,1011
1278835,0,1038,1011
1278836,0,1025,1008
1278837,0,1021,1009
1278838,0,1028,990
1278839,0,1029,994
1278840,0,1027,1002
1278841,0,1041,1000
1278842,0,1039,992
1278843,0,1033,990
1278844,0,1028,1006
1278845,0,1032,988
1278846,0,1029,1006
1278847,0,1008,1008
1278848,0,1021,1004
1278849,0,1038,1009
1278850,0,1042,995
1278851,0,1021,1009
1278852,0,1031,988
1278853,0,1015,1009
1278854,0,1021,988
1278855,0,1017,992
1278856,0,1023,1013
1278857,0,1029,1009
1278858,0,1017,996
1278859,0,1031,1008
1278860,0,1040,986
1278861,0,1039,999
1278862,0,1021,1010
1278863,0,1028,1007
1278864,0,1024,1007
1278865,0,1007,999
1278866,0,1021,991
1278867,0,1024,990
1278868,0,1042,980
1278869,0,1033,1001
1278870,0,1016,1001
1278871,0,1024,995
1278872,0,1021,1000
1278873,0,1016,997
1278874,0,1020,1013
1278875,0,1034,1000
1278876,0,1034,1001
1278877,0,1023,1006
1278878,0,1020,1003
1278879,0,1016,1009
1278880,0,1012,990
1278881,0,1044,999
1278882,0,1024,1000
1278883,0,1031,995
1278884,0,1019,1007
1278885,0,1033,993
1278886,0,1035,997
1278887,0,1032,1010
1278888,0,1012,1005
1278889,0,1024,986
1278890,0,1040,1004
1278891,0,1041,1012
1278892,0,1018,981
1278893,0,1029,1013
1278894,0,1008,1001
1278895,0,1042,1007
1278896,0,1027,1023
1278897,0,1038,994
1278898,0,1013,1001
1278899,0,1010,1003
1278900,0,1039,995
1278901,0,1024,988
1278902,0,1035,992
1278903,0,1026,994
1278904,0,1030,988
1278905,0,1023,1005
1278906,0,1035,993
1278907,0,1023,995
1278908,0,1008,998
1278909,0,1029,989
1278910,0,1012,1011
1278911,0,1031,1027
1278912,0,1019,1022
1278913,0,1022,1015
1278914,0,1017,1013
1278915,0,1014,1011
1278916,0,1025,1021
1278917,0,1029,1019
1278918,0,1023,1021
1278919,0,1040,1006
1278920,0,1025,993
1278921,0,1034,1024
1278922,0,1013,1007
1278923,0,1021,998
1278924,0,1037,992
1278925,0,1035,1010
1278926,0,1027,1007
1278927,0,1023,981
1278928,0,1017,1007
1278929,0,1029,997
1278930,0,1029,1002
1278931,0,1027,998
1278932,0,1033,1006
1278933,0,1024,1003
1278934,0,1011,1004
1278935,0,1038,1017
1278936,0,1043,1006
1278937,0,1036,993
1278938,0,1033,1007
1278939,0,1049,1010
1278940,0,1043,984
1278941,0,1048,1000
1278942,0,1035,999
1278943,0,1035,1005
1278944,0,1036,996
1278945,0,1035,1001
1278946,0,1014,987
1278947,0,1037,995
1278948,0,1043,988
1278949,0,1024,984
1278950,0,1042,981
1278951,0,1023,1011
1278952,0,1041,976
1278953,0,1039,993
1278954,0,1031,993
1278955,0,1024,1000
1278956,0,1039,992
1278957,0,1036,1000
1278958,0,1029,993
1278959,0,1057,994
1278960,0,1026,981
1278961,0,1025,993
1278962,0,1029,991
1278963,0,1051,987
1278964,0,1034,986
1278965,0,1043,997
1278966,0,1036,988
1278967,0,1035,998
1278968,0,1052,997
1278969,0,1047,1006
1278970,0,1031,984
1278971,0,1039,1019
1278972,0,1030,999
1278973,0,1028,1006
1278974,0,1023,1005
1278975,0,1022,991
1278976,0,1028,1004
1278977,0,1048,1014
1278978,0,1041,983
1278979,0,1012,987
1278980,0,1036,1001
1278981,0,1029,1010
1278982,0,1030,1026
1278983,0,1023,991
1278984,0,1035,1001
1278985,0,1023,990
1278986,0,1029,997
1278987,0,1027,985
1278988,0,1033,986
1278989,0,1024,1003
1278990,0,1028,1000
1278991,0,1042,997
1278992,0,1039,986
1278993,0,1021,1007
1278994,0,1037,998
1278995,0,1037,987
1278996,0,1030,998
1278997,0,1038,1009
1278998,0,1049,992
1278999,0,1017,987
1279000,0,1045,998
1279001,0,1040,987
1279002,0,1045,991
1279003,0,1039,1011
1279004,0,1059,994
1279005,0,1032,988
1279006,0,1037,984
1279007,0,1051,1000
1279008,0,1041,1006
1279009,0,1024,994
1279010,0,1029,1003
1279011,0,1030,986
1279012,0,1019,996
1279013,0,1039,999
1279014,0,1031,986
1279015,0,1031,987
1279016,0,1045,997
1279017,0,1036,995
1279018,0,1039,992
1279019,0,1041,996
1279020,0,1024,1000
1279021,0,1033,1012
1279022,0,1024,997
1279023,0,1037,1007
1279024,0,1051,996
1279025,0,1041,1000
1279026,0,1059,990
1279027,0,1023,990
1279028,0,1041,1003
1279029,0,1019,1005
1279030,0,1031,1003
1279031,0,1025,1011
1279032,0,1042,1029
1279033,0,1040,1063
1279034,0,1026,1096
1279035,0,1031,1167
1279036,0,1024,1209
1279037,0,1043,1256
1279038,0,1044,1299
1279039,0,1036,1304
1279040,0,1035,1307
1279041,0,1040,1299
1279042,0,1037,1297
1279043,0,1025,1299
1279044,0,1035,1303
1279045,0,1037,1268
1279046,0,1020,1269
1279047,0,1037,1255
1279048,0,1027,1240
1279049,0,1024,1231
1279050,0,1031,1243
1279051,0,1034,1226
1279052,0,1037,1210
1279053,0,1038,1209
1279054,0,1057,1168
1279055,0,1075,1199
1279056,0,1074,1195
1279057,0,1157,1163
1279058,0,1211,1168
1279059,0,1240,1149
1279060,0,1279,1151
1279061,0,1312,1125
1279062,0,1343,1141
1279063,0,1344,1127
1279064,0,1360,1119
1279065,0,1348,1127
1279066,0,1339,1125
1279067,0,1334,1097
1279068,0,1324,1092
1279069,0,1343,1095
1279070,0,1272,1095
1279071,0,1265,1082
1279072,0,1271,1082
1279073,0,1279,1103
1279074,0,1279,1079
1279075,0,1247,1075
1279076,0,1255,1086
1279077,0,1231,1056
1279078,0,1219,1066
1279079,0,1217,1055
1279080,0,1221,1063
1279081,0,1182,1055
1279082,0,1187,1058
1279083,0,1188,1032
1279084,0,1152,1052
1279085,0,1171,1043
1279086,0,1159,1047
1279087,0,1143,1043
1279088,0,1167,1057
1279089,0,1154,1047
1279090,0,1151,1039
1279091,0,1127,1012
1279092,0,1128,1036
1279093,0,1149,1027
1279094,0,1108,1022
1279095,0,1125,1024
1279096,0,1129,1027
1279097,0,1129,1026
1279098,0,1092,1009
1279099,0,1097,1014
1279100,0,1101,1035
1279101,0,1099,1015
1279102,0,1118,1015
1279103,0,1117,1012
1279104,0,1088,1020
1279105,0,1099,1000
1279106,0,1090,1001
1279107,0,1081,1020
1279108,0,1085,1024
1279109,0,1079,1004
1279110,0,1063,1000
1279111,0,1087,992
1279112,0,1056,1007
1279113,0,1064,998
1279114,0,1071,1023
1279115,0,1081,1008
1279116,0,1089,1018
1279117,0,1074,1009
1279118,0,1056,1013
1279119,0,1069,992
1279120,0,1065,984
1279121,0,1028,980
1279122,0,1055,998
1279123,0,1054,1007
1279124,0,1067,1009
1279125,0,1042,993
1279126,0,1041,999
1279127,0,1043,999
1279128,0,1048,1001
1279129,0,1047,1007
1279130,0,1061,1000
1279131,0,1050,987
1279132,0,1040,995
1279133,0,1049,999
1279134,0,1039,989
1279135,0,1043,998
1279136,0,1033,996
1279137,0,1055,984
1279138,0,1041,993
1279139,0,1032,980
1279140,0,1040,988
1279141,0,1038,1000
1279142,0,1050,999
1279143,0,1045,990
1279144,0,1061,994
1279145,0,1021,1003
1279146,0,1041,979
1279147,0,1045,995
1279148,0,1045,985
1279149,0,1016,989
1279150,0,1036,987
1279151,0,1031,999
1279152,0,1038,977
1279153,0,1035,996
1279154,0,1059,976
1279155,0,1052,986
1279156,0,1049,993
1279157,0,1031,989
1279158,0,1040,1001
1279159,0,1035,977
1279160,0,1019,994
1279161,0,1024,995
1279162,0,1043,991
1279163,0,1019,997
1279164,0,1042,995
1279165,0,1042,985
1279166,0,1049,984
1279167,0,1029,991
1279168,0,1023,988
1279169,0,1038,987
1279170,0,1023,1003
1279171,0,1031,989
1279172,0,1027,982
1279173,0,1024,999
1279174,0,1037,985
1279175,0,1038,993
1279176,0,1031,992
1279177,0,1030,1002
1279178,0,1017,1015
1279179,0,1032,1000
1279180,0,1039,996
1279181,0,1023,991
1279182,0,1033,985
1279183,0,1031,1007
1279184,0,1033,1010
1279185,0,1024,983
1279186,0,1030,993
1279187,0,1031,1010
1279188,0,1029,984
1279189,0,1019,995
1279190,0,1031,1001
1279191,0,1015,1001
1279192,0,1029,997
1279193,0,1035,1009
1279194,0,1027,1007
1279195,0,1025,989
1279196,0,1022,998
1279197,0,1037,1006
1279198,0,1013,977
1279199,0,1023,989
1279200,0,1037,990
1279201,0,1030,992
1279202,0,1021,997
1279203,0,1028,1005
1279204,0,1023,990
1279205,0,1032,993
1279206,0,1020,987
1279207,0,1029,983
1279208,0,1036,1000
1279209,0,1037,1012
1279210,0,1024,998
1279211,0,1035,994
1279212,0,1016,994
1279213,0,1035,1004
1279214,0,1028,995
1279215,0,1019,1000
1279216,0,1033,993
1279217,0,1035,995
1279218,0,1035,982
1279219,0,1023,994
1279220,0,1035,1001
1279221,0,1026,988
1279222,0,1022,987
1279223,0,1035,993
1279224,0,1033,982
1279225,0,1025,991
1279226,0,1041,1009
1279227,0,1019,985
1279228,0,1035,1013
1279229,0,1027,991
1279230,0,1037,989
1279231,0,1019,1011
1279232,0,1032,978
1279233,0,1017,1002
1279234,0,1024,999
1279235,0,1024,993
1279236,0,1038,983
1279237,0,1031,996
1279238,0,1016,986
1279239,0,1031,1002
1279240,0,1043,998
1279241,0,1024,1001
1279242,0,1026,1003
1279243,0,1024,1006
1279244,0,1016,985
1279245,0,1041,991
1279246,0,1034,1009
1279247,0,1029,998
1279248,0,1010,981
1279249,0,1030,994
1279250,0,1019,991
1279251,0,1020,980
1279252,0,1017,985
1279253,0,1025,997
1279254,0,1017,985
1279255,0,1017,1015
1279256,0,1027,1007
1279257,0,1036,1003
1279258,0,1027,1001
1279259,0,1027,995
1279260,0,1027,1001
1279261,0,1014,990
1279262,0,1038,996
1279263,0,1031,999
1279264,0,1028,991
1279265,0,1028,1005
1279266,0,1018,983
1279267,0,1041,978
1279268,0,1061,991
1279269,0,1015,994
1279270,0,1034,1002
1279271,0,1038,983
1279272,0,1003,1001
1279273,0,1051,986
1279274,0,1043,986
1279275,0,1027,1006
1279276,0,1028,1002
1279277,0,1031,995
1279278,0,1041,981
1279279,0,1024,991
1279280,0,1037,999
1279281,0,1023,996
1279282,0,1035,991
1279283,0,1026,993
1279284,0,1023,1011
1279285,0,1039,981
1279286,0,1020,1003
1279287,0,1017,987
1279288,0,1029,1001
1279289,0,1032,995
1279290,0,1025,995
1279291,0,1050,987
1279292,0,1023,991
1279293,0,1011,1009
1279294,0,1012,1010
1279295,0,1033,986
1279296,0,1034,982
1279297,0,1044,991
1279298,0,1034,992
1279299,0,1046,1017
1279300,0,1036,1015
1279301,0,1019,999
1279302,0,1051,1001
1279303,0,1035,979
1279304,0,1031,992
1279305,0,1017,1006
1279306,0,1036,985
1279307,0,1020,1002
1279308,0,1035,1006
1279309,0,1019,1003
1279310,0,1023,1013
1279311,0,1030,1012
1279312,0,1018,1006
1279313,0,1022,1008
1279314,0,1045,1001
1279315,0,1041,1016
1279316,0,1025,1005
1279317,0,1039,998
1279318,0,1042,1007
1279319,0,1025,999
1279320,0,1024,1005
1279321,0,1030,984
1279322,0,1026,1013
1279323,0,1033,1000
1279324,0,1024,986
1279325,0,1025,1003
1279326,0,1027,999
1279327,0,1035,1003
1279328,0,1032,1010
1279329,0,1028,1020
1279330,0,1024,992
1279331,0,1018,1004
1279332,0,1017,992
1279333,0,1023,1009
1279334,0,1032,997
1279335,0,1042,996
1279336,0,1059,998
1279337,0,1034,997
1279338,0,1032,1007
1279339,0,1039,1000
1279340,0,1031,982
1279341,0,1039,991
1279342,0,1037,991
1279343,0,1064,997
1279344,0,1036,987
1279345,0,1047,1005
1279346,0,1057,1000
1279347,0,1040,985
1279348,0,1041,1011
1279349,0,1028,1007
1279350,0,1012,995
1279351,0,1024,998
1279352,0,1022,1013
1279353,0,1040,998
1279354,0,1024,998
1279355,0,1043,1007
1279356,0,1045,983
1279357,0,1045,984
1279358,0,1027,1011
1279359,0,1039,993
1279360,0,1035,1002
1279361,0,1043,989
1279362,0,1049,1010
1279363,0,1024,999
1279364,0,1023,980
1279365,0,1047,1007
1279366,0,1035,993
1279367,0,1039,999
1279368,0,1035,998
1279369,0,1032,1004
1279370,0,1022,992
1279371,0,1025,998
1279372,0,1033,994
1279373,0,1039,990
1279374,0,1034,991
1279375,0,1034,994
1279376,0,1032,1000
1279377,0,1027,999
1279378,0,1033,998
1279379,0,1047,993
1279380,0,1037,991
1279381,0,1042,996
1279382,0,1027,1007
1279383,0,1050,999
1279384,0,1039,1001
1279385,0,1037,986
1279386,0,1029,988
1279387,0,1035,980
1279388,0,1013,1001
1279389,0,1031,1000
1279390,0,1047,980
1279391,0,1041,975
1279392,0,1027,996
1279393,0,1025,994
1279394,0,1028,999
1279395,0,1028,994
1279396,0,1034,1006
1279397,0,1025,1007
1279398,0,1035,1009
1279399,0,1047,994
1279400,0,1041,981
1279401,0,1037,978
1279402,0,1035,999
1279403,0,1023,1009
1279404,0,1049,987
1279405,0,1024,990
1279406,0,1024,1012
1279407,0,1030,994
1279408,0,1019,991
1279409,0,1042,984
1279410,0,1035,989
1279411,0,1029,986
1279412,0,1050,980
1279413,0,1039,980
1279414,0,1034,994
1279415,0,1040,999
1279416,0,1024,1000
1279417,0,1039,995
1279418,0,1027,1018
1279419,0,1024,991
1279420,0,1035,992
1279421,0,1039,1008
1279422,0,1034,994
1279423,0,1037,980
1279424,0,1033,997
1279425,0,1050,999
1279426,0,1031,984
1279427,0,1036,1017
1279428,0,1055,979
1279429,0,1037,1008
1279430,0,1039,1063
1279431,0,1038,1111
1279432,0,1031,1140
1279433,0,1043,1211
1279434,0,1021,1244
1279435,0,1028,1275
1279436,0,1050,1295
1279437,0,1009,1315
1279438,0,1034,1300
1279439,0,1030,1330
1279440,0,1033,1303
1279441,0,1039,1287
1279442,0,1009,1299
1279443,0,1032,1264
1279444,0,1045,1263
1279445,0,1036,1262
1279446,0,1033,1250
1279447,0,1034,1235
1279448,0,1039,1219
1279449,0,1049,1208
1279450,0,1033,1173
1279451,0,1035,1184
1279452,0,1040,1176
1279453,0,1087,1163
1279454,0,1101,1189
1279455,0,1167,1162
1279456,0,1231,1136
1279457,0,1266,1143
1279458,0,1304,1107
1279459,0,1363,1117
1279460,0,1340,1143
1279461,0,1361,1111
1279462,0,1344,1133
1279463,0,1343,1127
1279464,0,1369,1095
1279465,0,1316,1093
1279466,0,1331,1103
1279467,0,1298,1088
1279468,0,1295,1095
1279469,0,1283,1080
1279470,0,1277,1064
1279471,0,1267,1083
1279472,0,1250,1077
1279473,0,1248,1057
1279474,0,1227,1068
1279475,0,1231,1054
1279476,0,1223,1036
1279477,0,1189,1047
1279478,0,1215,1064
1279479,0,1195,1030
1279480,0,1197,1045
1279481,0,1160,1063
1279482,0,1189,1032
1279483,0,1148,1050
1279484,0,1175,1043
1279485,0,1158,1035
1279486,0,1155,1033
1279487,0,1142,1008
1279488,0,1139,1019
1279489,0,1115,1051
1279490,0,1135,1039
1279491,0,1135,1039
1279492,0,1114,1029
1279493,0,1123,1031
1279494,0,1115,1016
1279495,0,1118,1030
1279496,0,1108,1023
1279497,0,1092,1033
1279498,0,1088,1029
1279499,0,1076,1017
1279500,0,1093,1004
1279501,0,1095,1012
1279502,0,1091,1018
1279503,0,1106,1011
1279504,0,1091,1007
1279505,0,1109,1011
1279506,0,1090,1019
1279507,0,1087,1015
1279508,0,1090,1023
1279509,0,1056,1021
1279510,0,1079,1019
1279511,0,1083,1016
1279512,0,1091,1006
1279513,0,1079,1020
1279514,0,1071,1023
1279515,0,1078,1011
1279516,0,1065,1010
1279517,0,1067,1016
1279518,0,1053,1016
1279519,0,1059,995
1279520,0,1056,999
1279521,0,1066,1013
1279522,0,1049,988
1279523,0,1060,1013
1279524,0,1050,1021
1279525,0,1047,1012
1279526,0,1032,983
1279527,0,1053,1005
1279528,0,1044,1012
1279529,0,1041,1009
1279530,0,1047,989
1279531,0,1059,1004
1279532,0,1055,1000
1279533,0,1052,998
1279534,0,1038,1000
1279535,0,1042,986
1279536,0,1040,1002
1279537,0,1054,1010
1279538,0,1039,1011
1279539,0,1054,1013
1279540,0,1027,992
1279541,0,1049,991
1279542,0,1039,996
1279543,0,1057,994
1279544,0,1059,1007
1279545,0,1037,993
1279546,0,1036,998
1279547,0,1033,989
1279548,0,1046,994
1279549,0,1043,999
1279550,0,1031,1011
1279551,0,1024,1002
1279552,0,1032,996
1279553,0,1023,1010
1279554,0,1035,1000
1279555,0,1044,1007
1279556,0,1047,1018
1279557,0,1039,997
1279558,0,1033,1000
1279559,0,1033,1000
1279560,0,1029,979
1279561,0,1039,995
1279562,0,1029,990
1279563,0,1025,990
1279564,0,1039,1003
1279565,0,1024,1006
1279566,0,1016,1008
1279567,0,1039,1005
1279568,0,1016,993
1279569,0,1034,996
1279570,0,1029,996
1279571,0,1038,998
1279572,0,1037,991
1279573,0,1040,997
1279574,0,1036,1008
1279575,0,1039,1006
1279576,0,1025,975
1279577,0,1023,1002
1279578,0,1037,990
1279579,0,1026,1002
1279580,0,1033,998
1279581,0,1045,996
1279582,0,1047,987
1279583,0,1036,987
1279584,0,1038,1007
1279585,0,1054,991
1279586,0,1046,1005
1279587,0,1025,994
1279588,0,1041,997
1279589,0,1049,986
1279590,0,1015,1003
1279591,0,1021,983
1279592,0,1043,982
1279593,0,1032,995
1279594,0,1028,996
1279595,0,1036,1002
1279596,0,1012,995
1279597,0,1056,1007
1279598,0,1051,1003
1279599,0,1041,983
1279600,0,1039,1013
1279601,0,1030,1003
1279602,0,1042,1011
1279603,0,1040,993
1279604,0,1026,992
1279605,0,1044,999
1279606,0,1037,981
1279607,0,1049,993
1279608,0,1054,1001
1279609,0,1031,1011
1279610,0,1035,1000
1279611,0,1037,992
1279612,0,1033,1013
1279613,0,1031,998
1279614,0,1028,1002
1279615,0,1039,1013
1279616,0,1035,984
1279617,0,1024,996
1279618,0,1041,992
1279619,0,1018,991
1279620,0,1015,989
1279621,0,1021,994
1279622,0,1034,999
1279623,0,1036,993
1279624,0,1039,983
1279625,0,1031,1010
1279626,0,1022,1007
1279627,0,1041,992
1279628,0,1045,984
1279629,0,1029,995
1279630,0,1028,986
1279631,0,1036,982
1279632,0,1032,985
1279633,0,1018,990
1279634,0,1013,993
1279635,0,1030,994
1279636,0,1042,1015
1279637,0,1020,1006
1279638,0,1024,997
1279639,0,1032,986
1279640,0,1046,999
1279641,0,1034,998
1279642,0,1043,994
1279643,0,1033,1003
1279644,0,1017,985
1279645,0,1024,1001
1279646,0,1053,985
1279647,0,1035,1012
1279648,0,1035,998
1279649,0,1032,983
1279650,0,1034,1011
1279651,0,1027,996
1279652,0,1018,998
1279653,0,1033,984
1279654,0,1038,1013
1279655,0,1039,1000
1279656,0,1033,1000
1279657,0,1029,988
1279658,0,1019,1001
1279659,0,1045,992
1279660,0,1049,1007
1279661,0,1039,995
1279662,0,1045,1009
1279663,0,1031,996
1279664,0,1023,1019
1279665,0,1019,1003
1279666,0,1043,1000
1279667,0,1051,1005
1279668,0,1035,1003
1279669,0,1049,993
1279670,0,1039,994
1279671,0,1043,993
1279672,0,1027,1002
1279673,0,1042,986
1279674,0,1039,999
1279675,0,1024,987
1279676,0,1033,986
1279677,0,1027,1005
1279678,0,1033,995
1279679,0,1031,998
1279680,0,1034,990
1279681,0,1033,983
1279682,0,1041,1007
1279683,0,1037,989
1279684,0,1041,1006
1279685,0,1035,1012
1279686,0,1049,995
1279687,0,1026,1006
1279688,0,1050,991
1279689,0,1032,995
1279690,0,1044,996
1279691,0,1045,1006
1279692,0,1036,1006
1279693,0,1034,1000
1279694,0,1030,998
1279695,0,1030,994
1279696,0,1042,992
1279697,0,1045,982
1279698,0,1032,988
1279699,0,1051,987
1279700,0,1043,1003
1279701,0,1037,1010
1279702,0,1050,998
1279703,0,1024,1011
1279704,0,1037,1023
1279705,0,1035,997
1279706,0,1015,1017
1279707,0,1024,1007
1279708,0,1038,1000
1279709,0,1057,988
1279710,0,1045,1001
1279711,0,1047,1016
1279712,0,1031,1015
1279713,0,1040,1011
1279714,0,1021,1015
1279715,0,1037,1019
1279716,0,1033,1003
1279717,0,1031,1000
1279718,0,1030,1006
1279719,0,1036,1011
1279720,0,1031,988
1279721,0,1025,1014
1279722,0,1026,996
1279723,0,1039,1007
1279724,0,1034,1005
1279725,0,1029,1009
1279726,0,1024,1000
1279727,0,1050,1003
1279728,0,1045,989
1279729,0,1051,1013
1279730,0,1053,988
1279731,0,1039,994
1279732,0,1024,995
1279733,0,1039,1027
1279734,0,1057,998
1279735,0,1044,1017
1279736,0,1059,1031
1279737,0,1055,1007
1279738,0,1050,989
1279739,0,1057,1003
1279740,0,1053,999
1279741,0,1063,1000
1279742,0,1058,998
1279743,0,1047,1009
1279744,0,1051,1011
1279745,0,1042,1011
1279746,0,1061,1003
1279747,0,1051,1005
1279748,0,1059,993
1279749,0,1046,1006
1279750,0,1035,1014
1279751,0,1028,1017
1279752,0,1025,1013
1279753,0,1058,991
1279754,0,1046,996
1279755,0,1042,995
1279756,0,1041,1005
1279757,0,1029,1007
1279758,0,1028,1012
1279759,0,1031,997
1279760,0,1039,998
1279761,0,1033,1003
1279762,0,1047,997
1279763,0,1035,1005
1279764,0,1042,1001
1279765,0,1027,1002
1279766,0,1029,1004
1279767,0,1039,990
1279768,0,1051,1018
1279769,0,1045,1001
1279770,0,1022,1002
1279771,0,1027,998
1279772,0,1035,1006
1279773,0,1027,1010
1279774,0,1048,1021
1279775,0,1030,1006
1279776,0,1033,999
1279777,0,1054,999
1279778,0,1050,991
1279779,0,1031,1017
1279780,0,1045,1015
1279781,0,1023,991
1279782,0,1041,1001
1279783,0,1039,1005
1279784,0,1024,1005
1279785,0,1031,994
1279786,0,1041,988
1279787,0,1030,985
1279788,0,1029,1017
1279789,0,1041,1019
1279790,0,1037,1007
1279791,0,1042,997
1279792,0,1048,1011
1279793,0,1038,1019
1279794,0,1028,1012
1279795,0,1043,998
1279796,0,1037,1001
1279797,0,1039,985
1279798,0,1034,997
1279799,0,1043,1009
1279800,0,1049,1010
1279801,0,1059,988
1279802,0,1041,992
1279803,0,1031,987
1279804,0,1038,991
1279805,0,1048,1017
1279806,0,1037,1002
1279807,0,1035,1015
1279808,0,1037,1015
1279809,0,1025,993
1279810,0,1034,1004
1279811,0,1043,1007
1279812,0,1018,1005
1279813,0,1024,1005
1279814,0,1035,1011
1279815,0,1036,1025
1279816,0,1044,991
1279817,0,1030,989
1279818,0,1045,988
1279819,0,1044,995
1279820,0,1029,1002
1279821,0,1025,985
1279822,0,1036,992
1279823,0,1030,1007
1279824,0,1037,1028
1279825,0,1053,1049
1279826,0,1035,1063
1279827,0,1041,1088
1279828,0,1037,1163
1279829,0,1035,1207
1279830,0,1021,1255
1279831,0,1038,1309
1279832,0,1033,1327
1279833,0,1039,1320
1279834,0,1016,1335
1279835,0,1050,1341
1279836,0,1045,1311
1279837,0,1026,1317
1279838,0,1035,1311
1279839,0,1024,1264
1279840,0,1028,1282
1279841,0,1041,1261
1279842,0,1043,1254
1279843,0,1041,1251
1279844,0,1027,1220
1279845,0,1036,1200
1279846,0,1027,1229
1279847,0,1029,1195
1279848,0,1042,1183
1279849,0,1067,1181
1279850,0,1087,1191
1279851,0,1159,1183
1279852,0,1210,1143
1279853,0,1257,1141
1279854,0,1335,1133
1279855,0,1355,1124
1279856,0,1332,1151
1279857,0,1352,1146
1279858,0,1354,1112
1279859,0,1332,1123
1279860,0,1333,1109
1279861,0,1343,1115
1279862,0,1282,1091
1279863,0,1283,1088
1279864,0,1284,1109
1279865,0,1248,1111
1279866,0,1273,1087
1279867,0,1263,1108
1279868,0,1269,1066
1279869,0,1239,1076
1279870,0,1236,1069
1279871,0,1243,1068
1279872,0,1206,1086
1279873,0,1207,1078
1279874,0,1184,1055
1279875,0,1176,1063
1279876,0,1197,1053
1279877,0,1175,1059
1279878,0,1173,1050
1279879,0,1144,1065
1279880,0,1131,1054
1279881,0,1142,1016
1279882,0,1155,1061
1279883,0,1136,1040
1279884,0,1141,1039
1279885,0,1123,1023
1279886,0,1133,1023
1279887,0,1125,1023
1279888,0,1122,1059
1279889,0,1106,1042
1279890,0,1113,1018
1279891,0,1125,1012
1279892,0,1081,1033
1279893,0,1105,1023
1279894,0,1091,1033
1279895,0,1095,1039
1279896,0,1080,1034
1279897,0,1092,1027
1279898,0,1094,1024
1279899,0,1060,1039
1279900,0,1064,1027
1279901,0,1073,1021
1279902,0,1071,1025
1279903,0,1076,1011
1279904,0,1072,1019
1279905,0,1066,1018
1279906,0,1057,1008
1279907,0,1093,1030
1279908,0,1067,1023
1279909,0,1079,1023
1279910,0,1058,1027
1279911,0,1048,1012
1279912,0,1067,1021
1279913,0,1041,1023
1279914,0,1067,1023
1279915,0,1061,1023
1279916,0,1040,1018
1279917,0,1069,1018
1279918,0,1056,1001
1279919,0,1047,1022
1279920,0,1028,1012
1279921,0,1040,1011
1279922,0,1047,1014
1279923,0,1047,1016
1279924,0,1059,986
1279925,0,1064,1014
1279926,0,1047,1018
1279927,0,1061,992
1279928,0,1045,998
1279929,0,1038,1007
1279930,0,1047,1016
1279931,0,1041,1028
1279932,0,1043,1009
1279933,0,1049,1023
1279934,0,1039,1005
1279935,0,1045,994
1279936,0,1034,1030
1279937,0,1031,1021
1279938,0,1051,999
1279939,0,1030,1018
1279940,0,1035,1012
1279941,0,1054,1014
1279942,0,1028,1018
1279943,0,1058,1006
1279944,0,1037,1009
1279945,0,1035,1009
1279946,0,1026,1021
1279947,0,1047,1006
1279948,0,1028,1019
1279949,0,1032,1020
1279950,0,1046,1015
1279951,0,1018,1003
1279952,0,1035,992
1279953,0,1028,1015
1279954,0,1037,1003
1279955,0,1024,1017
1279956,0,1039,1007
1279957,0,1035,1019
1279958,0,1045,1000
1279959,0,1035,1009
1279960,0,1051,1007
1279961,0,1037,1011
1279962,0,1027,992
1279963,0,1035,996
1279964,0,1035,1006
1279965,0,1036,1012
1279966,0,1010,1016
1279967,0,1010,1002
1279968,0,1036,1014
1279969,0,1031,1015
1279970,0,1026,1004
1279971,0,1041,1012
1279972,0,1029,1019
1279973,0,1034,1003
1279974,0,1035,1003
1279975,0,1039,1000
1279976,0,1033,999
1279977,0,1031,1023
1279978,0,1025,998
1279979,0,1016,1027
1279980,0,1023,1002
1279981,0,1019,1007
1279982,0,1024,1011
1279983,0,1017,1004
1279984,0,1035,1011
1279985,0,1013,1019
1279986,0,1016,996
1279987,0,1039,997
1279988,0,1032,991
1279989,0,1023,999
1279990,0,1028,1004
1279991,0,1024,1006
1279992,0,1025,1006
1279993,0,1025,1009
1279994,0,1019,1001
1279995,0,1036,1011
1279996,0,1028,1004
1279997,0,1018,1013
1279998,0,1017,990
1279999,0,1023,988
1280000,0,1047,990
1280001,0,1022,997
1280002,0,1041,998
1280003,0,1027,996
1280004,0,1026,992
1280005,0,1017,1001
1280006,0,1031,1015
1280007,0,1022,1006
1280008,0,1026,1004
1280009,0,1035,1017
1280010,0,1026,992
1280011,0,1025,1005
1280012,0,1031,1010
1280013,0,1028,1004
1280014,0,1021,989
1280015,0,1037,1017
1280016,0,1036,1017
1280017,0,1042,1012
1280018,0,1035,1006
1280019,0,1031,997
1280020,0,1028,1004
1280021,0,1039,999
1280022,0,1024,1005
1280023,0,1022,992
1280024,0,1019,1004
1280025,0,1029,1006
1280026,0,1017,989
1280027,0,1020,997
1280028,0,1019,999
1280029,0,1039,999
1280030,0,1042,1018
1280031,0,1027,999
1280032,0,1014,993
1280033,0,1032,1003
1280034,0,1023,1004
1280035,0,1018,1012
1280036,0,1023,1004
1280037,0,1035,1004
1280038,0,1041,993
1280039,0,1027,1002
1280040,0,1018,998
1280041,0,1036,997
1280042,0,1041,996
1280043,0,1033,1006
1280044,0,1036,1004
1280045,0,1026,1000
1280046,0,1031,997
1280047,0,1033,1000
1280048,0,1032,990
1280049,0,1000,1005
1280050,0,1027,1000
1280051,0,1039,1001
1280052,0,1024,1002
1280053,0,1029,997
1280054,0,1035,995
1280055,0,1017,993
1280056,0,1035,1003
1280057,0,1022,993
1280058,0,1020,1007
1280059,0,1034,1004
1280060,0,1019,1005
1280061,0,1021,992
1280062,0,1012,997
1280063,0,1016,996
1280064,0,1041,992
1280065,0,1025,986
1280066,0,1032,1007
1280067,0,1039,987
1280068,0,1031,1003
1280069,0,1035,992
1280070,0,1012,989
1280071,0,1033,993
1280072,0,1025,995
1280073,0,1025,998
1280074,0,1039,1002
1280075,0,1031,1002
1280076,0,1042,1000
1280077,0,1048,979
1280078,0,1037,992
1280079,0,1017,996
1280080,0,1033,1003
1280081,0,1034,1007
1280082,0,1027,991
1280083,0,1042,1017
1280084,0,1037,999
1280085,0,1037,984
1280086,0,1029,990
1280087,0,1019,1007
1280088,0,1031,984
1280089,0,1039,1009
1280090,0,1008,999
1280091,0,1021,992
1280092,0,1032,979
1280093,0,1031,993
1280094,0,1033,1002
1280095,0,1023,998
1280096,0,1021,1004
1280097,0,1039,997
1280098,0,1049,1002
1280099,0,1027,986
1280100,0,1032,992
1280101,0,1036,991
1280102,0,1005,1008
1280103,0,1039,1012
1280104,0,1033,1009
1280105,0,1029,1010
1280106,0,1039,1000
1280107,0,1024,1017
1280108,0,1033,1000
1280109,0,1033,1001
1280110,0,1019,990
1280111,0,1026,1001
1280112,0,1019,1000
1280113,0,1015,1009
1280114,0,1023,999
1280115,0,1043,1001
1280116,0,1038,999
1280117,0,1010,1013
1280118,0,1047,984
1280119,0,1034,1007
1280120,0,1029,976
1280121,0,1026,1019
1280122,0,1036,1009
1280123,0,1037,991
1280124,0,1034,1000
1280125,0,1029,1004
1280126,0,1039,990
1280127,0,1036,996
1280128,0,1028,988
1280129,0,1054,1003
1280130,0,1040,1003
1280131,0,1051,990
1280132,0,1024,992
1280133,0,1035,1003
1280134,0,1051,1003
1280135,0,1043,983
1280136,0,1037,988
1280137,0,1034,1000
1280138,0,1021,1003
1280139,0,1041,1000
1280140,0,1046,1000
1280141,0,1031,983
1280142,0,1035,1004
1280143,0,1022,994
1280144,0,1041,993
1280145,0,1035,992
1280146,0,1022,992
1280147,0,1027,1003
1280148,0,1031,998
1280149,0,1047,988
1280150,0,1033,1009
1280151,0,1037,997
1280152,0,1039,1004
1280153,0,1041,988
1280154,0,1049,991
1280155,0,1061,1004
1280156,0,1029,978
1280157,0,1029,1009
1280158,0,1018,1011
1280159,0,1017,1009
1280160,0,1025,996
1280161,0,1044,1006
1280162,0,1024,990
1280163,0,1032,1007
1280164,0,1036,1007
1280165,0,1024,997
1280166,0,1010,997
1280167,0,1032,1006
1280168,0,1042,990
1280169,0,1031,1007
1280170,0,1043,1002
1280171,0,1028,999
1280172,0,1018,1025
1280173,0,1031,994
1280174,0,1010,1015
1280175,0,1027,1004
1280176,0,1039,1008
1280177,0,1024,1013
1280178,0,1045,1011
1280179,0,1040,1007
1280180,0,1022,988
1280181,0,1045,976
1280182,0,1043,1007
1280183,0,1045,1007
1280184,0,1040,1008
1280185,0,1025,993
1280186,0,1034,999
1280187,0,1027,995
1280188,0,1020,995
1280189,0,1022,1012
1280190,0,1049,1019
1280191,0,1024,995
1280192,0,1035,986
1280193,0,1035,1012
1280194,0,1050,1015
1280195,0,1038,1013
1280196,0,1049,979
1280197,0,1042,995
1280198,0,1047,1007
1280199,0,1039,989
1280200,0,1026,988
1280201,0,1045,997
1280202,0,1038,1014
1280203,0,1051,986
1280204,0,1051,984
1280205,0,1025,1001
1280206,0,1052,984
1280207,0,1043,1007
1280208,0,1037,993
1280209,0,1024,995
1280210,0,1026,997
1280211,0,1018,999
1280212,0,1017,987
1280213,0,1038,984
1280214,0,1039,1010
1280215,0,1038,985
1280216,0,1034,990
1280217,0,1027,996
1280218,0,1031,999
1280219,0,1035,1007
1280220,0,1022,1006
1280221,0,1042,987
1280222,0,1039,1029
1280223,0,1019,1061
1280224,0,1033,1093
1280225,0,1040,1135
1280226,0,1035,1199
1280227,0,1018,1271
1280228,0,1031,1268
1280229,0,1021,1309
1280230,0,1039,1307
1280231,0,1039,1328
1280232,0,1016,1321
1280233,0,1030,1317
1280234,0,1039,1304
1280235,0,1025,1288
1280236,0,1039,1280
1280237,0,1047,1285
1280238,0,1033,1258
1280239,0,1039,1255
1280240,0,1034,1237
1280241,0,1044,1238
1280242,0,1024,1234
1280243,0,1023,1176
1280244,0,1043,1214
1280245,0,1063,1175
1280246,0,1070,1173
1280247,0,1103,1187
1280248,0,1155,1157
1280249,0,1203,1171
1280250,0,1271,1130
1280251,0,1280,1163
1280252,0,1328,1135
1280253,0,1373,1115
1280254,0,1378,1113
1280255,0,1363,1113
1280256,0,1375,1104
1280257,0,1375,1127
1280258,0,1353,1103
1280259,0,1309,1101
1280260,0,1315,1111
1280261,0,1280,1087
1280262,0,1264,1082
1280263,0,1283,1068
1280264,0,1273,1064
1280265,0,1261,1060
1280266,0,1254,1059
1280267,0,1224,1062
1280268,0,1222,1059
1280269,0,1231,1056
1280270,0,1200,1062
1280271,0,1187,1053
1280272,0,1168,1050
1280273,0,1203,1060
1280274,0,1160,1040
1280275,0,1176,1048
1280276,0,1173,1043
1280277,0,1165,1033
1280278,0,1163,1041
1280279,0,1152,1013
1280280,0,1155,1059
1280281,0,1145,1047
1280282,0,1132,1043
1280283,0,1130,1026
1280284,0,1112,1025
1280285,0,1119,1035
1280286,0,1107,1028
1280287,0,1123,1040
1280288,0,1111,1023
1280289,0,1105,1023
1280290,0,1108,1039
1280291,0,1092,1031
1280292,0,1103,1015
1280293,0,1103,1000
1280294,0,1088,1031
1280295,0,1086,999
1280296,0,1109,1020
1280297,0,1076,1029
1280298,0,1072,1025
1280299,0,1087,1008
1280300,0,1076,999
1280301,0,1075,994
1280302,0,1077,1000
1280303,0,1071,1020
1280304,0,1061,984
1280305,0,1070,997
1280306,0,1074,1004
1280307,0,1073,1018
1280308,0,1052,1002
1280309,0,1077,995
1280310,0,1059,1002
1280311,0,1043,1008
1280312,0,1047,1010
1280313,0,1043,1021
1280314,0,1064,1013
1280315,0,1065,993
1280316,0,1066,1015
1280317,0,1071,1007
1280318,0,1043,1001
1280319,0,1044,980
1280320,0,1049,998
1280321,0,1044,993
1280322,0,1052,1007
1280323,0,1046,1000
1280324,0,1045,997
1280325,0,1049,1006
1280326,0,1039,1003
1280327,0,1042,992
1280328,0,1034,997
1280329,0,1043,993
1280330,0,1039,987
1280331,0,1061,996
1280332,0,1052,1000
1280333,0,1051,1001
1280334,0,1036,991
1280335,0,1032,995
1280336,0,1042,992
1280337,0,1026,996
1280338,0,1047,993
1280339,0,1017,988
1280340,0,1035,986
1280341,0,1032,1013
1280342,0,1055,1005
1280343,0,1039,988
1280344,0,1024,997
1280345,0,1038,1007
1280346,0,1035,995
1280347,0,1034,985
1280348,0,1034,993
1280349,0,1039,987
1280350,0,1045,1019
1280351,0,1032,1001
1280352,0,1044,995
1280353,0,1020,997
1280354,0,1037,992
1280355,0,1051,997
1280356,0,1033,1005
1280357,0,1039,973
1280358,0,1037,985
1280359,0,1031,990
1280360,0,1013,987
1280361,0,1023,983
1280362,0,1027,999
1280363,0,1032,997
1280364,0,1036,997
1280365,0,1034,983
1280366,0,1026,1015
1280367,0,1041,992
1280368,0,1040,1001
1280369,0,1007,991
1280370,0,1031,991
1280371,0,1047,1007
1280372,0,1023,993
1280373,0,1032,1002
1280374,0,1019,997
1280375,0,1036,995
1280376,0,1032,996
1280377,0,1039,982
1280378,0,1049,997
1280379,0,1035,1003
1280380,0,1029,1013
1280381,0,1033,977
1280382,0,1024,1001
1280383,0,1052,1007
1280384,0,1033,990
1280385,0,1043,998
1280386,0,1008,991
1280387,0,1028,1010
1280388,0,1040,995
1280389,0,1025,1006
1280390,0,1015,1021
1280391,0,1034,999
1280392,0,1036,1012
1280393,0,1024,1010
1280394,0,1012,1000
1280395,0,1021,999
1280396,0,1037,1001
1280397,0,1029,1003
1280398,0,1030,986
1280399,0,1034,986
1280400,0,1017,992
1280401,0,1046,995
1280402,0,1047,1001
1280403,0,1030,1006
1280404,0,1027,1003
1280405,0,1048,990
1280406,0,1048,984
1280407,0,1041,1000
1280408,0,1032,1007
1280409,0,1013,1005
1280410,0,1019,976
1280411,0,1022,994
1280412,0,1027,1001
1280413,0,1035,1000
1280414,0,1033,987
1280415,0,1043,984
1280416,0,1039,995
1280417,0,1019,976
1280418,0,1036,996
1280419,0,1039,982
1280420,0,1039,1009
1280421,0,1051,997
1280422,0,1027,1006
1280423,0,1038,985
1280424,0,1037,984
1280425,0,1032,998
1280426,0,1039,988
1280427,0,1032,1003
1280428,0,1021,1007
1280429,0,1016,1000
1280430,0,1044,987
1280431,0,1018,1003
1280432,0,1027,995
1280433,0,1033,991
1280434,0,1033,992
1280435,0,1031,997
1280436,0,1043,1003
1280437,0,1022,1000
1280438,0,1027,991
1280439,0,1030,985
1280440,0,1025,1006
1280441,0,1030,996
1280442,0,1029,997
1280443,0,1033,984
1280444,0,1029,1005
1280445,0,1038,998
1280446,0,1034,994
1280447,0,1027,1002
1280448,0,1039,997
1280449,0,1046,991
1280450,0,1035,1008
1280451,0,1029,994
1280452,0,1050,999
1280453,0,1013,1002
1280454,0,1032,992
1280455,0,1035,988
1280456,0,1032,987
1280457,0,1024,998
1280458,0,1015,1007
1280459,0,1036,1011
1280460,0,1023,1002
1280461,0,1037,1009
1280462,0,1031,992
1280463,0,1042,996
1280464,0,1039,1014
1280465,0,1028,1001
1280466,0,1046,997
1280467,0,1039,989
1280468,0,1035,1004
1280469,0,1039,995
1280470,0,1027,1003
1280471,0,1030,997
1280472,0,1021,994
1280473,0,1037,1007
1280474,0,1027,991
1280475,0,1039,1003
1280476,0,1039,995
1280477,0,1024,990
1280478,0,1040,1003
1280479,0,1032,1007
1280480,0,1035,990
1280481,0,1034,1009
1280482,0,1015,997
1280483,0,1027,980
1280484,0,1027,993
1280485,0,1017,992
1280486,0,1041,991
1280487,0,1047,998
1280488,0,1039,985
1280489,0,1023,1008
1280490,0,1038,998
1280491,0,1019,995
1280492,0,1043,998
1280493,0,1036,1013
1280494,0,1043,1007
1280495,0,1046,985
1280496,0,1029,1003
1280497,0,1043,1007
1280498,0,1037,998
1280499,0,1041,1008
1280500,0,1036,1003
1280501,0,1028,1023
1280502,0,1027,1001
1280503,0,1044,1014
1280504,0,1034,1018
1280505,0,1029,998
1280506,0,1023,1012
1280507,0,1018,1018
1280508,0,1032,1002
1280509,0,1022,1003
1280510,0,1008,1005
1280511,0,1026,989
1280512,0,1023,1011
1280513,0,1035,1003
1280514,0,1023,1005
1280515,0,1041,1009
1280516,0,1041,1003
1280517,0,1032,1006
1280518,0,1033,1004
1280519,0,1024,1004
1280520,0,1032,1003
1280521,0,1042,1000
1280522,0,1048,999
1280523,0,1016,991
1280524,0,1067,1007
1280525,0,1046,998
1280526,0,1050,988
1280527,0,1050,987
1280528,0,1051,994
1280529,0,1037,997
1280530,0,1037,991
1280531,0,1039,1010
1280532,0,1053,1003
1280533,0,1035,1002
1280534,0,1037,1007
1280535,0,1045,1011
1280536,0,1039,994
1280537,0,1035,1011
1280538,0,1059,1009
1280539,0,1049,998
1280540,0,1043,1021
1280541,0,1022,1000
1280542,0,1044,981
1280543,0,1047,1009
1280544,0,1039,1007
1280545,0,1024,1014
1280546,0,1033,978
1280547,0,1036,1006
1280548,0,1035,987
1280549,0,1046,997
1280550,0,1045,986
1280551,0,1032,994
1280552,0,1023,1007
1280553,0,1039,1010
1280554,0,1029,1003
1280555,0,1048,999
1280556,0,1044,996
1280557,0,1028,1006
1280558,0,1032,1001
1280559,0,1033,1014
1280560,0,1055,996
1280561,0,1021,998
1280562,0,1037,1006
1280563,0,1039,999
1280564,0,1038,1012
1280565,0,1032,999
1280566,0,1028,1011
1280567,0,1051,1013
1280568,0,1024,999
1280569,0,1036,1009
1280570,0,1038,1025
1280571,0,1024,1002
1280572,0,1027,1002
1280573,0,1030,1000
1280574,0,1029,993
1280575,0,1028,996
1280576,0,1061,991
1280577,0,1041,1001
1280578,0,1026,1005
1280579,0,1037,1001
1280580,0,1039,1003
1280581,0,1030,988
1280582,0,1032,1023
1280583,0,1037,1014
1280584,0,1035,1000
1280585,0,1048,999
1280586,0,1045,987
1280587,0,1043,1007
1280588,0,1038,993
1280589,0,1020,1000
1280590,0,1026,994
1280591,0,1059,1006
1280592,0,1028,1004
1280593,0,1042,1014
1280594,0,1035,999
1280595,0,1024,993
1280596,0,1040,1014
1280597,0,1038,998
1280598,0,1029,992
1280599,0,1048,994
1280600,0,1041,984
1280601,0,1047,981
1280602,0,1042,1009
1280603,0,1053,992
1280604,0,1038,996
1280605,0,1043,996
1280606,0,1046,999
1280607,0,1029,999
1280608,0,1045,1017
1280609,0,1050,1020
1280610,0,1031,998
1280611,0,1023,1011
1280612,0,1063,995
1280613,0,1029,990
1280614,0,1043,1004
1280615,0,1041,1023
1280616,0,1047,1009
1280617,0,1035,994
1280618,0,1037,1008
1280619,0,1032,1031
1280620,0,1029,1053
1280621,0,1031,1086
1280622,0,1015,1139
1280623,0,1049,1187
1280624,0,1015,1243
1280625,0,1047,1279
1280626,0,1040,1300
1280627,0,1040,1339
1280628,0,1041,1323
1280629,0,1027,1323
1280630,0,1046,1311
1280631,0,1045,1296
1280632,0,1033,1284
1280633,0,1026,1301
1280634,0,1041,1265
1280635,0,1032,1255
1280636,0,1024,1273
1280637,0,1041,1245
1280638,0,1043,1243
1280639,0,1042,1229
1280640,0,1047,1187
1280641,0,1031,1176
1280642,0,1039,1179
1280643,0,1061,1191
1280644,0,1089,1187
1280645,0,1127,1177
1280646,0,1182,1174
1280647,0,1247,1132
1280648,0,1299,1156
1280649,0,1312,1165
1280650,0,1355,1146
1280651,0,1359,1125
1280652,0,1373,1108
1280653,0,1351,1123
1280654,0,1347,1125
1280655,0,1339,1106
1280656,0,1311,1123
1280657,0,1296,1094
1280658,0,1315,1100
1280659,0,1293,1096
1280660,0,1255,1093
1280661,0,1285,1115
1280662,0,1250,1083
1280663,0,1241,1083
1280664,0,1228,1067
1280665,0,1204,1071
1280666,0,1188,1069
1280667,0,1188,1075
1280668,0,1199,1068
1280669,0,1168,1079
1280670,0,1198,1063
1280671,0,1170,1056
1280672,0,1159,1049
1280673,0,1174,1059
1280674,0,1167,1041
1280675,0,1152,1046
1280676,0,1131,1047
1280677,0,1139,1036
1280678,0,1155,1054
1280679,0,1157,1041
1280680,0,1130,1041
1280681,0,1112,1033
1280682,0,1121,1038
1280683,0,1127,1034
1280684,0,1108,1039
1280685,0,1115,999
1280686,0,1104,1030
1280687,0,1107,1029
1280688,0,1097,1036
1280689,0,1097,1029
1280690,0,1121,1017
1280691,0,1099,1009
1280692,0,1076,1018
1280693,0,1080,1018
1280694,0,1091,1012
1280695,0,1081,1022
1280696,0,1094,1009
1280697,0,1078,1009
1280698,0,1072,999
1280699,0,1072,1002
1280700,0,1071,1029
1280701,0,1081,1017
1280702,0,1065,1009
1280703,0,1077,1018
1280704,0,1085,999
1280705,0,1081,1012
1280706,0,1062,992
1280707,0,1077,1014
1280708,0,1056,1007
1280709,0,1040,986
1280710,0,1067,1008
1280711,0,1048,1004
1280712,0,1040,1009
1280713,0,1033,1001
1280714,0,1051,1003
1280715,0,1045,1000
1280716,0,1046,1008
1280717,0,1079,998
1280718,0,1048,995
1280719,0,1067,996
1280720,0,1036,998
1280721,0,1054,1001
1280722,0,1040,1005
1280723,0,1057,1004
1280724,0,1036,978
1280725,0,1027,976
1280726,0,1058,985
1280727,0,1024,988
1280728,0,1029,1015
1280729,0,1038,1006
1280730,0,1042,999
1280731,0,1045,995
1280732,0,1057,1005
1280733,0,1025,999
1280734,0,1035,1000
1280735,0,1042,1005
1280736,0,1042,988
1280737,0,1049,985
1280738,0,1056,1001
1280739,0,1038,1003
1280740,0,1036,1001
1280741,0,1038,991
1280742,0,1058,1007
1280743,0,1043,996
1280744,0,1028,999
1280745,0,1021,1005
1280746,0,1024,1005
1280747,0,1043,991
1280748,0,1020,991
1280749,0,1022,1005
1280750,0,1035,1007
1280751,0,1039,995
1280752,0,1034,991
1280753,0,1041,992
1280754,0,1036,983
1280755,0,1018,988
1280756,0,1035,997
1280757,0,1031,992
1280758,0,1023,993
1280759,0,1028,1002
1280760,0,1023,1005
1280761,0,1033,1005
1280762,0,1016,1000
1280763,0,1034,1011
1280764,0,1038,1003
1280765,0,1029,989
1280766,0,1027,1007
1280767,0,1032,999
1280768,0,1008,996
1280769,0,1029,1000
1280770,0,1017,1008
1280771,0,1038,1007
1280772,0,1016,1011
1280773,0,1023,998
1280774,0,1030,1005
1280775,0,1017,1019
1280776,0,1030,1014
1280777,0,1027,1005
1280778,0,1023,1001
1280779,0,1015,1008
1280780,0,1023,1000
1280781,0,1022,1006
1280782,0,1028,995
1280783,0,1017,1003
1280784,0,1020,1010
1280785,0,1010,1015
1280786,0,1017,1015
1280787,0,1006,1011
1280788,0,1029,1005
1280789,0,1027,995
1280790,0,1020,998
1280791,0,1035,1005
1280792,0,1031,1020
1280793,0,1010,1009
1280794,0,1025,1007
1280795,0,1003,1011
1280796,0,1019,1013
1280797,0,1017,999
1280798,0,1021,1009
1280799,0,1016,1004
1280800,0,1014,998
1280801,0,1032,1007
1280802,0,1016,998
1280803,0,1011,996
1280804,0,1007,1010
1280805,0,1031,1005
1280806,0,1018,1005
1280807,0,1012,1021
1280808,0,999,999
1280809,0,1011,1013
1280810,0,1005,1009
1280811,0,1016,1019
1280812,0,1017,1029
1280813,0,1031,1018
1280814,0,1019,1007
1280815,0,1021,1012
1280816,0,1019,1015
1280817,0,1021,1013
1280818,0,1024,1029
1280819,0,1021,1008
1280820,0,1013,1024
1280821,0,1011,1018
1280822,0,1013,1011
1280823,0,1036,1023
1280824,0,1011,1034
1280825,0,1021,1023
1280826,0,1015,1029
1280827,0,1022,1031
1280828,0,1025,1025
1280829,0,1027,1012
1280830,0,1023,1033
1280831,0,1029,1035
1280832,0,1019,1024
1280833,0,1022,1014
1280834,0,1035,1027
1280835,0,1027,1030
1280836,0,1039,1008
1280837,0,1021,1019
1280838,0,1020,1037
1280839,0,1024,1039
1280840,0,1038,1019
1280841,0,1035,1032
1280842,0,1016,1037
1280843,0,1033,1037
1280844,0,1029,1031
1280845,0,1031,1033
1280846,0,1004,1043
1280847,0,1016,1025
1280848,0,1039,1031
1280849,0,1035,1031
1280850,0,1016,1029
1280851,0,1027,1024
1280852,0,1027,1051
1280853,0,1020,1023
1280854,0,1033,1041
1280855,0,1034,1043
1280856,0,1025,1030
1280857,0,1050,1030
1280858,0,1033,1023
1280859,0,1025,1031
1280860,0,1033,1031
1280861,0,1035,1033
1280862,0,1047,1039
1280863,0,1045,1035
1280864,0,1034,1031
1280865,0,1024,1033
1280866,0,1043,1035
1280867,0,1029,1033
1280868,0,1051,1037
1280869,0,1050,1036
1280870,0,1040,1035
1280871,0,1047,1030
1280872,0,1032,1035
1280873,0,1047,1026
1280874,0,1042,1047
1280875,0,1039,1038
1280876,0,1050,1051
1280877,0,1035,1012
1280878,0,1042,1012
1280879,0,1041,1035
1280880,0,1031,1024
1280881,0,1041,1039
1280882,0,1039,1025
1280883,0,1053,1014
1280884,0,1037,1025
1280885,0,1028,1025
1280886,0,1051,1034
1280887,0,1051,1021
1280888,0,1024,1028
1280889,0,1043,1039
1280890,0,1044,1022
1280891,0,1044,1021
1280892,0,1049,1047
1280893,0,1039,1031
1280894,0,1050,1029
1280895,0,1040,1039
1280896,0,1059,1046
1280897,0,1063,1029
1280898,0,1063,1047
1280899,0,1077,1029
1280900,0,1073,1030
1280901,0,1060,1036
1280902,0,1059,1034
1280903,0,1053,1043
1280904,0,1058,1017
1280905,0,1042,1037
1280906,0,1033,1026
1280907,0,1058,1025
1280908,0,1059,1049
1280909,0,1046,1029
1280910,0,1059,1030
1280911,0,1058,1016
1280912,0,1052,1038
1280913,0,1045,1039
1280914,0,1052,1024
1280915,0,1064,1008
1280916,0,1051,1016
1280917,0,1064,999
1280918,0,1060,1055
1280919,0,1062,1027
1280920,0,1070,1031
1280921,0,1068,1026
1280922,0,1057,1027
1280923,0,1066,1017
1280924,0,1048,1018
1280925,0,1062,1039
1280926,0,1060,1020
1280927,0,1061,1046
1280928,0,1051,1016
1280929,0,1048,1008
1280930,0,1055,1003
1280931,0,1068,1010
1280932,0,1058,1020
1280933,0,1058,1029
1280934,0,1064,1017
1280935,0,1062,1016
1280936,0,1055,1033
1280937,0,1051,1021
1280938,0,1049,1014
1280939,0,1071,1007
1280940,0,1069,1013
1280941,0,1075,1009
1280942,0,1053,1016
1280943,0,1040,1015
1280944,0,1047,1028
1280945,0,1044,1017
1280946,0,1071,994
1280947,0,1035,1016
1280948,0,1050,1023
1280949,0,1063,1008
1280950,0,1040,1005
1280951,0,1060,1024
1280952,0,1053,1025
1280953,0,1039,1025
1280954,0,1049,1005
1280955,0,1047,1007
1280956,0,1051,1005
1280957,0,1050,1015
1280958,0,1047,1009
1280959,0,1048,1016
1280960,0,1051,1011
1280961,0,1044,1018
1280962,0,1060,1005
1280963,0,1033,1019
1280964,0,1051,1002
1280965,0,1053,1019
1280966,0,1054,1014
1280967,0,1027,1025
1280968,0,1047,1025
1280969,0,1040,1016
1280970,0,1051,1025
1280971,0,1047,1019
1280972,0,1043,1010
1280973,0,1040,1015
1280974,0,1038,1030
1280975,0,1045,995
1280976,0,1055,1020
1280977,0,1045,1021
1280978,0,1033,1019
1280979,0,1037,1019
1280980,0,1035,1015
1280981,0,1036,1009
1280982,0,1039,1025
1280983,0,1023,1006
1280984,0,1051,1016
1280985,0,1039,1021
1280986,0,1054,1016
1280987,0,1032,1014
1280988,0,1032,1008
1280989,0,1047,1027
1280990,0,1051,1002
1280991,0,1051,1000
1280992,0,1039,1022
1280993,0,1044,1031
1280994,0,1029,1031
1280995,0,1048,1008
1280996,0,1067,1007
1280997,0,1040,1008
1280998,0,1053,1011
1280999,0,1048,1011
1281000,0,1034,1007
1281001,0,1047,1027
1281002,0,1048,981
1281003,0,1031,992
1281004,0,1053,1001
1281005,0,1055,1029
1281006,0,1039,1021
1281007,0,1032,1030
1281008,0,1046,994
1281009,0,1031,1012
1281010,0,1039,1019
1281011,0,1037,1001
1281012,0,1053,1001
1281013,0,1055,1002
1281014,0,1052,1010
1281015,0,1028,1003
1281016,0,1057,1002
1281017,0,1039,1012
1281018,0,1049,1037
1281019,0,1055,1087
1281020,0,1034,1143
1281021,0,1040,1203
1281022,0,1037,1263
1281023,0,1043,1279
1281024,0,1043,1302
1281025,0,1031,1320
1281026,0,1043,1331
1281027,0,1037,1335
1281028,0,1045,1343
1281029,0,1037,1315
1281030,0,1035,1304
1281031,0,1054,1266
1281032,0,1039,1271
1281033,0,1043,1256
1281034,0,1042,1240
1281035,0,1037,1278
1281036,0,1051,1242
1281037,0,1039,1247
1281038,0,1044,1236
1281039,0,1028,1201
1281040,0,1045,1199
1281041,0,1087,1197
1281042,0,1095,1183
1281043,0,1153,1140
1281044,0,1215,1179
1281045,0,1267,1148
1281046,0,1300,1159
1281047,0,1342,1139
1281048,0,1365,1129
1281049,0,1370,1147
1281050,0,1364,1112
1281051,0,1360,1116
1281052,0,1353,1129
1281053,0,1355,1113
1281054,0,1339,1111
1281055,0,1296,1081
1281056,0,1286,1103
1281057,0,1285,1103
1281058,0,1260,1072
1281059,0,1270,1099
1281060,0,1260,1061
1281061,0,1241,1080
1281062,0,1236,1080
1281063,0,1247,1072
1281064,0,1200,1075
1281065,0,1218,1057
1281066,0,1229,1058
1281067,0,1199,1045
1281068,0,1193,1063
1281069,0,1179,1051
1281070,0,1153,1071
1281071,0,1136,1028
1281072,0,1181,1050
1281073,0,1136,1040
1281074,0,1151,1055
1281075,0,1147,1039
1281076,0,1138,1030
1281077,0,1153,1035
1281078,0,1128,1041
1281079,0,1143,1024
1281080,0,1131,1012
1281081,0,1134,1018
1281082,0,1120,1039
1281083,0,1112,1031
1281084,0,1111,1031
1281085,0,1106,1030
1281086,0,1107,1035
1281087,0,1103,1031
1281088,0,1084,1011
1281089,0,1106,1000
1281090,0,1081,1000
1281091,0,1087,1008
1281092,0,1072,1027
1281093,0,1079,1015
1281094,0,1076,996
1281095,0,1078,1003
1281096,0,1089,1019
1281097,0,1082,1016
1281098,0,1077,1000
1281099,0,1064,992
1281100,0,1040,999
1281101,0,1070,1003
1281102,0,1066,999
1281103,0,1075,983
1281104,0,1057,1000
1281105,0,1067,999
1281106,0,1052,1000
1281107,0,1048,990
1281108,0,1059,980
1281109,0,1047,994
1281110,0,1051,987
1281111,0,1045,982
1281112,0,1055,987
1281113,0,1055,990
1281114,0,1063,990
1281115,0,1055,1007
1281116,0,1033,985
1281117,0,1053,987
1281118,0,1055,975
1281119,0,1035,975
1281120,0,1045,976
1281121,0,1050,965
1281122,0,1040,979
1281123,0,1055,964
1281124,0,1047,975
1281125,0,1039,973
1281126,0,1024,969
1281127,0,1039,999
1281128,0,1062,970
1281129,0,1016,983
1281130,0,1026,989
1281131,0,1031,977
1281132,0,1008,975
1281133,0,1029,975
1281134,0,1016,977
1281135,0,1016,976
1281136,0,1031,960
1281137,0,1026,990
1281138,0,1008,978
1281139,0,1019,973
1281140,0,1018,968
1281141,0,1010,984
1281142,0,1024,992
1281143,0,1023,983
1281144,0,1033,986
1281145,0,1029,997
1281146,0,1004,979
1281147,0,1009,989
1281148,0,1019,1004
1281149,0,1010,983
1281150,0,1006,982
1281151,0,1027,981
1281152,0,1013,971
1281153,0,1014,967
1281154,0,1012,992
1281155,0,1018,988
1281156,0,1029,989
1281157,0,1012,979
1281158,0,1019,982
1281159,0,1021,986
1281160,0,1008,989
1281161,0,1007,989
1281162,0,1000,989
1281163,0,1014,993
1281164,0,1002,995
1281165,0,1016,988
1281166,0,1010,999
1281167,0,1009,999
1281168,0,1018,1001
1281169,0,1019,989
1281170,0,1000,992
1281171,0,1007,985
1281172,0,1022,997
1281173,0,1023,997
1281174,0,1020,983
1281175,0,1004,987
1281176,0,1019,1000
1281177,0,1012,982
1281178,0,1008,1003
1281179,0,1009,1002
1281180,0,1012,995
1281181,0,1018,998
1281182,0,1013,999
1281183,0,1018,996
1281184,0,1009,985
1281185,0,1008,987
1281186,0,1001,1010
1281187,0,1011,988
1281188,0,1003,989
1281189,0,1014,998
1281190,0,1015,1005
1281191,0,999,999
1281192,0,1033,1007
1281193,0,1023,996
1281194,0,1019,996
1281195,0,1023,994
1281196,0,1015,1016
1281197,0,1025,1017
1281198,0,1008,1011
1281199,0,1010,995
1281200,0,1018,1003
1281201,0,1027,1003
1281202,0,1006,1004
1281203,0,1018,1019
1281204,0,1013,1005
1281205,0,1014,1009
1281206,0,1036,1006
1281207,0,1031,1008
1281208,0,1031,1004
1281209,0,1041,1012
1281210,0,1033,1009
1281211,0,1037,1000
1281212,0,1026,983
1281213,0,1040,1006
1281214,0,1043,1000
1281215,0,1030,998
1281216,0,1041,1003
1281217,0,1031,983
1281218,0,1024,1001
1281219,0,1039,979
1281220,0,1048,991
1281221,0,1043,977
1281222,0,1041,997
1281223,0,1049,995
1281224,0,1035,1005
1281225,0,1042,999
1281226,0,1039,1002
1281227,0,1035,1007
1281228,0,1032,996
1281229,0,1048,1011
1281230,0,1047,1004
1281231,0,1041,999
1281232,0,1053,1002
1281233,0,1050,984
1281234,0,1032,980
1281235,0,1053,993
1281236,0,1049,1002
1281237,0,1045,979
1281238,0,1044,1003
1281239,0,1033,984
1281240,0,1057,975
1281241,0,1056,998
1281242,0,1047,993
1281243,0,1032,973
1281244,0,1051,998
1281245,0,1032,993
1281246,0,1030,961
1281247,0,1046,995
1281248,0,1023,992
1281249,0,1036,1005
1281250,0,1031,987
1281251,0,1031,993
1281252,0,1041,984
1281253,0,1035,999
1281254,0,1041,990
1281255,0,1029,992
1281256,0,1022,989
1281257,0,1029,1007
1281258,0,1027,986
1281259,0,1026,998
1281260,0,1034,984
1281261,0,1015,992
1281262,0,1030,1003
1281263,0,1021,1007
1281264,0,1042,1004
1281265,0,1053,995
1281266,0,1023,1005
1281267,0,1020,999
1281268,0,1031,999
1281269,0,1045,1005
1281270,0,1021,1006
1281271,0,1045,983
1281272,0,1018,991
1281273,0,1042,1001
1281274,0,1043,1002
1281275,0,1032,993
1281276,0,1034,989
1281277,0,1035,990
1281278,0,1039,1018
1281279,0,1039,1021
1281280,0,1057,1011
1281281,0,1050,995
1281282,0,1051,997
1281283,0,1047,1017
1281284,0,1044,992
1281285,0,1040,997
1281286,0,1051,1009
1281287,0,1052,996
1281288,0,1055,1011
1281289,0,1062,1011
1281290,0,1062,1017
1281291,0,1054,1018
1281292,0,1053,1011
1281293,0,1060,1005
1281294,0,1066,1015
1281295,0,1053,1015
1281296,0,1062,1001
1281297,0,1062,994
1281298,0,1060,994
1281299,0,1064,989
1281300,0,1052,993
1281301,0,1081,991
1281302,0,1075,1004
1281303,0,1056,981
1281304,0,1054,994
1281305,0,1079,988
1281306,0,1075,991
1281307,0,1068,983
1281308,0,1071,975
1281309,0,1067,970
1281310,0,1045,967
1281311,0,1062,967
1281312,0,1045,963
1281313,0,1031,978
1281314,0,1045,939
1281315,0,1048,969
1281316,0,1063,963
1281317,0,1042,966
1281318,0,1059,979
1281319,0,1041,983
1281320,0,1034,969
1281321,0,1030,963
1281322,0,1039,966
1281323,0,1018,968
1281324,0,1034,980
1281325,0,1033,965
1281326,0,1014,973
1281327,0,1021,961
1281328,0,1023,969
1281329,0,1002,967
1281330,0,1020,970
1281331,0,1023,978
1281332,0,1031,984
1281333,0,1008,983
1281334,0,1007,982
1281335,0,1015,980
1281336,0,1009,978
1281337,0,1027,978
1281338,0,1003,975
1281339,0,1042,979
1281340,0,1051,985
1281341,0,1032,993
1281342,0,1027,985
1281343,0,1035,967
1281344,0,1046,1019
1281345,0,1065,1010
1281346,0,1033,1002
1281347,0,1052,981
1281348,0,1032,979
1281349,0,1052,964
1281350,0,1032,985
1281351,0,1049,967
1281352,0,1031,959
1281353,0,1033,963
1281354,0,1030,962
1281355,0,1028,995
1281356,0,1009,964
1281357,0,1011,971
1281358,0,1002,971
1281359,0,1013,977
1281360,0,1013,968
1281361,0,995,987
1281362,0,1001,992
1281363,0,995,1006
1281364,0,980,1015
1281365,0,991,989
1281366,0,985,1007
1281367,0,995,1015
1281368,0,992,1008
1281369,0,988,1015
1281370,0,1004,1028
1281371,0,993,1030
1281372,0,1015,1037
1281373,0,1000,1032
1281374,0,1008,1032
1281375,0,1009,1032
1281376,0,1010,1045
1281377,0,1011,1045
1281378,0,1016,1062
1281379,0,1021,1032
1281380,0,1029,1053
1281381,0,1029,1018
1281382,0,1043,1034
1281383,0,1036,1017
1281384,0,1041,1043
1281385,0,1027,1031
1281386,0,1043,1036
1281387,0,1023,1026
1281388,0,1039,1028
1281389,0,1039,1019
1281390,0,1025,1023
1281391,0,1019,1002
1281392,0,1019,1016
1281393,0,1031,1013
1281394,0,1027,1003
1281395,0,1021,1019
1281396,0,1022,1019
1281397,0,1023,1024
1281398,0,1015,1047
1281399,0,1004,1047
1281400,0,1025,1035
1281401,0,1024,1039
1281402,0,1023,1040
1281403,0,996,1062
1281404,0,1023,1055
1281405,0,1031,1049
1281406,0,1046,1049
1281407,0,1024,1072
1281408,0,1028,1074
1281409,0,1065,1056
1281410,0,1052,1051
1281411,0,1060,1062
1281412,0,1071,1051
1281413,0,1067,1067
1281414,0,1083,1055
1281415,0,1083,1044
1281416,0,1078,1035
1281417,0,1079,1045
1281418,0,1064,1054
1281419,0,1095,1071
1281420,0,1074,1120
1281421,0,1083,1144
1281422,0,1097,1227
1281423,0,1082,1262
1281424,0,1055,1276
1281425,0,1062,1339
1281426,0,1061,1343
1281427,0,1069,1360
1281428,0,1068,1335
1281429,0,1067,1351
1281430,0,1069,1351
1281431,0,1061,1347
1281432,0,1099,1340
1281433,0,1085,1296
1281434,0,1105,1284
1281435,0,1121,1299
1281436,0,1116,1272
1281437,0,1133,1269
1281438,0,1133,1243
1281439,0,1143,1215
1281440,0,1124,1184
1281441,0,1150,1167
1281442,0,1156,1157
1281443,0,1167,1119
1281444,0,1191,1111
1281445,0,1259,1119
1281446,0,1296,1087
1281447,0,1318,1098
1281448,0,1369,1068
1281449,0,1381,1094
1281450,0,1362,1073
1281451,0,1364,1062
1281452,0,1367,1095
1281453,0,1348,1098
1281454,0,1343,1091
1281455,0,1357,1087
1281456,0,1327,1081
1281457,0,1300,1064
1281458,0,1282,1074
1281459,0,1299,1075
1281460,0,1285,1060
1281461,0,1263,1083
1281462,0,1267,1089
1281463,0,1259,1077
1281464,0,1232,1082
1281465,0,1235,1077
1281466,0,1255,1055
1281467,0,1239,1070
1281468,0,1224,1035
1281469,0,1251,1067
1281470,0,1206,1060
1281471,0,1227,1055
1281472,0,1210,1027
1281473,0,1204,1029
1281474,0,1194,1038
1281475,0,1184,1015
1281476,0,1181,995
1281477,0,1166,1007
1281478,0,1136,992
1281479,0,1139,1023
1281480,0,1140,1011
1281481,0,1124,1023
1281482,0,1151,1039
1281483,0,1125,1038
1281484,0,1135,1051
1281485,0,1149,1035
1281486,0,1141,1037
1281487,0,1155,1031
1281488,0,1135,1031
1281489,0,1146,1026
1281490,0,1165,1003
1281491,0,1136,1020
1281492,0,1136,1028
1281493,0,1155,1013
1281494,0,1139,1017
1281495,0,1143,1000
1281496,0,1159,1007
1281497,0,1149,1007
1281498,0,1126,988
1281499,0,1146,1007
1281500,0,1128,985
1281501,0,1135,986
1281502,0,1140,989
1281503,0,1125,983
1281504,0,1126,979
1281505,0,1096,962
1281506,0,1100,964
1281507,0,1115,958
1281508,0,1095,976
1281509,0,1088,965
1281510,0,1117,977
1281511,0,1117,995
1281512,0,1127,973
1281513,0,1114,975
1281514,0,1115,948
1281515,0,1121,966
1281516,0,1097,945
1281517,0,1103,945
1281518,0,1089,940
1281519,0,1068,941
1281520,0,1093,913
1281521,0,1055,920
1281522,0,1061,919
1281523,0,1036,957
1281524,0,1033,945
1281525,0,1042,977
1281526,0,1070,968
1281527,0,1069,984
1281528,0,1089,971
1281529,0,1066,964
1281530,0,1078,957
1281531,0,1069,950
1281532,0,1055,940
1281533,0,1057,932
1281534,0,1029,926
1281535,0,1042,920
1281536,0,1039,933
1281537,0,1033,930
1281538,0,1018,937
1281539,0,1003,964
1281540,0,1014,969
1281541,0,1029,976
1281542,0,1031,961
1281543,0,1044,971
1281544,0,1034,972
1281545,0,1042,965
1281546,0,1024,944
1281547,0,1034,955
1281548,0,1032,957
1281549,0,1031,963
1281550,0,1029,961
1281551,0,1033,954
1281552,0,1027,949
1281553,0,1036,981
1281554,0,1033,964
1281555,0,1043,965
1281556,0,1039,959
1281557,0,1060,949
1281558,0,1050,961
1281559,0,1043,948
1281560,0,1035,944
1281561,0,1032,955
1281562,0,1019,961
1281563,0,1021,955
1281564,0,1023,969
1281565,0,1049,981
1281566,0,1063,979
1281567,0,1059,963
1281568,0,1036,969
1281569,0,1054,950
1281570,0,1063,944
1281571,0,1049,944
1281572,0,1023,939
1281573,0,1042,949
1281574,0,1051,943
1281575,0,1037,950
1281576,0,1036,947
1281577,0,1061,946
1281578,0,1058,948
1281579,0,1023,939
1281580,0,1039,936
1281581,0,1040,934
1281582,0,1023,916
1281583,0,1032,943
1281584,0,1037,928
1281585,0,1029,937
1281586,0,1027,941
1281587,0,1022,973
1281588,0,1027,952
1281589,0,1034,943
1281590,0,1021,926
1281591,0,1010,932
1281592,0,1006,942
1281593,0,999,951
1281594,0,1003,970
1281595,0,996,974
1281596,0,984,965
1281597,0,1005,976
1281598,0,1025,966
1281599,0,1016,966
1281600,0,1012,967
1281601,0,998,955
1281602,0,1015,959
1281603,0,1017,983
1281604,0,1005,968
1281605,0,1010,990
1281606,0,1034,982
1281607,0,1031,1000
1281608,0,1039,967
1281609,0,1031,967
1281610,0,1031,977
1281611,0,1021,954
1281612,0,1009,965
1281613,0,1022,968
1281614,0,1033,959
1281615,0,1051,977
1281616,0,1024,969
1281617,0,1023,970
1281618,0,1049,956
1281619,0,1005,953
1281620,0,1023,959
1281621,0,1011,967
1281622,0,1024,954
1281623,0,1016,974
1281624,0,1012,959
1281625,0,1028,975
1281626,0,1026,975
1281627,0,1026,955
1281628,0,1030,953
1281629,0,1035,986
1281630,0,1030,962
1281631,0,1030,966
1281632,0,1029,971
1281633,0,1027,960
1281634,0,1003,960
1281635,0,1004,963
1281636,0,1001,981
1281637,0,1020,974
1281638,0,1008,978
1281639,0,1013,1007
1281640,0,1017,987
1281641,0,1023,982
1281642,0,1011,971
1281643,0,987,970
1281644,0,999,965
1281645,0,1006,983
1281646,0,988,980
1281647,0,999,980
1281648,0,999,999
1281649,0,995,994
1281650,0,994,1004
1281651,0,1002,999
1281652,0,1002,1007
1281653,0,1010,993
1281654,0,1000,1017
1281655,0,1011,995
1281656,0,1013,997
1281657,0,1013,1005
1281658,0,992,998
1281659,0,1020,984
1281660,0,1003,986
1281661,0,1014,1000
1281662,0,1001,996
1281663,0,1021,997
1281664,0,1010,967
1281665,0,1011,985
1281666,0,1002,985
1281667,0,1041,985
1281668,0,989,986
1281669,0,1019,988
1281670,0,1015,981
1281671,0,1016,972
1281672,0,1019,983
1281673,0,1013,953
1281674,0,999,959
1281675,0,984,978
1281676,0,1001,981
1281677,0,1023,995
1281678,0,1019,995
1281679,0,1029,983
1281680,0,1021,974
1281681,0,1021,979
1281682,0,1009,985
1281683,0,1043,976
1281684,0,1027,985
1281685,0,1035,986
1281686,0,1031,977
1281687,0,1033,957
1281688,0,1028,978
1281689,0,1003,975
1281690,0,999,977
1281691,0,1023,979
1281692,0,1035,1011
1281693,0,1031,999
1281694,0,1008,1021
1281695,0,1021,1009
1281696,0,1030,1003
1281697,0,1013,999
1281698,0,1025,1012
1281699,0,1016,1014
1281700,0,1012,1011
1281701,0,1031,1011
1281702,0,1007,990
1281703,0,1001,1012
1281704,0,995,1011
1281705,0,999,997
1281706,0,992,1020
1281707,0,995,1033
1281708,0,1021,1039
1281709,0,1007,1023
1281710,0,1006,1031
1281711,0,1011,1023
1281712,0,1009,1031
1281713,0,1021,1034
1281714,0,1011,1034
1281715,0,1015,1024
1281716,0,1024,1027
1281717,0,1037,1029
1281718,0,1041,1016
1281719,0,1042,1025
1281720,0,1036,1011
1281721,0,1034,1017
1281722,0,1025,998
1281723,0,1044,1008
1281724,0,1031,988
1281725,0,1034,982
1281726,0,1031,999
1281727,0,1049,987
1281728,0,1035,966
1281729,0,1054,974
1281730,0,1039,969
1281731,0,1035,959
1281732,0,1039,961
1281733,0,1026,954
1281734,0,1031,975
1281735,0,1028,980
1281736,0,1023,992
1281737,0,1028,999
1281738,0,1039,989
1281739,0,1010,989
1281740,0,1036,1005
1281741,0,1035,987
1281742,0,1012,996
1281743,0,1023,997
1281744,0,1004,1001
1281745,0,1025,1027
1281746,0,1034,1017
1281747,0,1024,1031
1281748,0,1042,1033
1281749,0,1034,1036
1281750,0,1039,1044
1281751,0,1041,1054
1281752,0,1040,1050
1281753,0,1055,1048
1281754,0,1037,1061
1281755,0,1053,1054
1281756,0,1059,1047
1281757,0,1058,1048
1281758,0,1051,1032
1281759,0,1066,1024
1281760,0,1050,1028
1281761,0,1079,1039
1281762,0,1060,1012
1281763,0,1062,1024
1281764,0,1045,1011
1281765,0,1041,1008
1281766,0,1057,1010
1281767,0,1041,1015
1281768,0,1036,1003
1281769,0,1048,1022
1281770,0,1052,1018
1281771,0,1075,1006
1281772,0,1044,1015
1281773,0,1067,1011
1281774,0,1044,996
1281775,0,1063,991
1281776,0,1041,990
1281777,0,1066,981
1281778,0,1046,995
1281779,0,1075,999
1281780,0,1051,999
1281781,0,1052,989
1281782,0,1029,991
1281783,0,1035,984
1281784,0,1044,1000
1281785,0,1069,998
1281786,0,1033,988
1281787,0,1039,1000
1281788,0,1054,988
1281789,0,1041,973
1281790,0,1034,971
1281791,0,1043,980
1281792,0,1019,975
1281793,0,1015,977
1281794,0,1026,978
1281795,0,1028,991
1281796,0,1038,983
1281797,0,1006,985
1281798,0,1005,989
1281799,0,1004,994
1281800,0,1000,987
1281801,0,1017,1004
1281802,0,1033,1022
1281803,0,1033,998
1281804,0,1030,1005
1281805,0,1043,990
1281806,0,1019,983
1281807,0,1023,996
1281808,0,1053,1015
1281809,0,1020,994
1281810,0,1025,992
1281811,0,1035,1009
1281812,0,1042,1015
1281813,0,1033,998
1281814,0,1036,1013
1281815,0,1033,1006
1281816,0,1036,1026
1281817,0,1030,1050
1281818,0,1009,1074
1281819,0,1039,1125
1281820,0,1035,1181
1281821,0,1030,1227
1281822,0,1021,1278
1281823,0,1035,1272
1281824,0,1029,1306
1281825,0,996,1339
1281826,0,1018,1317
1281827,0,1020,1339
1281828,0,1023,1345
1281829,0,1021,1296
1281830,0,1025,1280
1281831,0,1027,1268
1281832,0,1024,1240
1281833,0,1014,1239
1281834,0,1029,1243
1281835,0,1028,1249
1281836,0,1033,1207
1281837,0,1021,1196
1281838,0,1024,1170
1281839,0,1031,1175
1281840,0,1055,1177
1281841,0,1076,1167
1281842,0,1119,1175
1281843,0,1181,1179
1281844,0,1229,1141
1281845,0,1295,1130
1281846,0,1339,1150
1281847,0,1359,1114
1281848,0,1351,1138
1281849,0,1356,1123
1281850,0,1356,1111
1281851,0,1348,1115
1281852,0,1323,1103
1281853,0,1324,1076
1281854,0,1321,1064
1281855,0,1296,1040
1281856,0,1280,1071
1281857,0,1234,1049
1281858,0,1271,1055
1281859,0,1237,1050
1281860,0,1255,1061
1281861,0,1230,1043
1281862,0,1222,1049
1281863,0,1204,1028
1281864,0,1215,1032
1281865,0,1226,1028
1281866,0,1172,1018
1281867,0,1190,1016
1281868,0,1148,1028
1281869,0,1172,1031
1281870,0,1186,1015
1281871,0,1150,1031
1281872,0,1123,1017
1281873,0,1143,1027
1281874,0,1143,1014
1281875,0,1134,1031
1281876,0,1113,1004
1281877,0,1157,1016
1281878,0,1124,1024
1281879,0,1118,1003
1281880,0,1141,1002
1281881,0,1094,999
1281882,0,1104,990
1281883,0,1110,991
1281884,0,1102,1020
1281885,0,1091,1007
1281886,0,1084,1019
1281887,0,1095,999
1281888,0,1071,1017
1281889,0,1072,1007
1281890,0,1064,1002
1281891,0,1086,974
1281892,0,1049,995
1281893,0,1071,988
1281894,0,1034,999
1281895,0,1033,985
1281896,0,1059,989
1281897,0,1055,995
1281898,0,1047,983
1281899,0,1051,1003
1281900,0,1046,1003
1281901,0,1055,1002
1281902,0,1041,996
1281903,0,1037,1004
1281904,0,1031,989
1281905,0,1021,1012
1281906,0,996,996
1281907,0,1001,988
1281908,0,1015,1023
1281909,0,999,1019
1281910,0,1025,1030
1281911,0,1035,1008
1281912,0,1033,1008
1281913,0,1023,1034
1281914,0,1020,1031
1281915,0,1011,1030
1281916,0,997,1018
1281917,0,998,1018
1281918,0,996,1025
1281919,0,1000,1004
1281920,0,985,1018
1281921,0,980,1009
1281922,0,1003,1003
1281923,0,995,993
1281924,0,1012,980
1281925,0,994,979
1281926,0,1009,983
1281927,0,998,998
1281928,0,997,984
1281929,0,1001,1010
1281930,0,1006,1010
1281931,0,1016,998
1281932,0,1002,1001
1281933,0,1008,996
1281934,0,1033,988
1281935,0,1016,1001
1281936,0,1005,995
1281937,0,1003,997
1281938,0,1012,981
1281939,0,979,989
1281940,0,987,977
1281941,0,986,993
1281942,0,969,1003
1281943,0,949,1000
1281944,0,969,1011
1281945,0,949,1014
1281946,0,970,1029
1281947,0,963,1013
1281948,0,971,1013
1281949,0,961,1004
1281950,0,947,1013
1281951,0,966,1001
1281952,0,965,1018
1281953,0,962,1017
1281954,0,968,1027
1281955,0,969,1017
1281956,0,967,1021
1281957,0,983,1012
1281958,0,1010,1007
1281959,0,1005,1017
1281960,0,984,1027
1281961,0,1006,1024
1281962,0,1007,1027
1281963,0,1011,1013
1281964,0,994,1025
1281965,0,1019,1020
1281966,0,989,1021
1281967,0,988,1020
1281968,0,986,1024
1281969,0,984,1021
1281970,0,983,1018
1281971,0,985,1053
1281972,0,995,1034
1281973,0,987,1016
1281974,0,981,1025
1281975,0,979,1028
1281976,0,981,1024
1281977,0,962,1023
1281978,0,959,1025
1281979,0,962,1027
1281980,0,937,1031
1281981,0,932,1023
1281982,0,938,1033
1281983,0,921,1046
1281984,0,947,1044
1281985,0,951,1025
1281986,0,965,1028
1281987,0,979,1023
1281988,0,960,1027
1281989,0,974,1009
1281990,0,962,1012
1281991,0,991,1020
1281992,0,978,1007
1281993,0,969,1037
1281994,0,996,1029
1281995,0,968,1026
1281996,0,965,1021
1281997,0,963,1029
1281998,0,983,1032
1281999,0,972,1041
1282000,0,997,1048
1282001,0,989,1055
1282002,0,990,1034
1282003,0,987,1036
1282004,0,997,1043
1282005,0,1012,1031
1282006,0,986,1051
1282007,0,1013,1035
1282008,0,988,1036
1282009,0,995,1040
1282010,0,988,1032
1282011,0,1007,1035
1282012,0,1018,1033
1282013,0,1017,1027
1282014,0,1036,1010
1282015,0,1039,1031
1282016,0,1045,1020
1282017,0,1046,1021
1282018,0,1069,1036
1282019,0,1067,1035
1282020,0,1084,1042
1282021,0,1073,1055
1282022,0,1078,1074
1282023,0,1075,1065
1282024,0,1069,1079
1282025,0,1051,1075
1282026,0,1042,1091
1282027,0,1028,1094
1282028,0,1039,1106
1282029,0,1036,1097
1282030,0,1018,1088
1282031,0,1022,1091
1282032,0,1019,1085
1282033,0,985,1074
1282034,0,993,1078
1282035,0,992,1075
1282036,0,989,1055
1282037,0,1007,1052
1282038,0,997,1052
1282039,0,1001,1046
1282040,0,987,1041
1282041,0,984,1039
1282042,0,1001,1047
1282043,0,1002,1033
1282044,0,991,1019
1282045,0,986,1030
1282046,0,1021,1037
1282047,0,999,1022
1282048,0,1007,1038
1282049,0,1006,1053
1282050,0,1008,1042
1282051,0,1023,1039
1282052,0,1015,1034
1282053,0,1007,1034
1282054,0,1024,1030
1282055,0,1015,1029
1282056,0,1007,1024
1282057,0,1014,1029
1282058,0,1018,1027
1282059,0,1029,1023
1282060,0,1027,1024
1282061,0,1018,1031
1282062,0,1031,1018
1282063,0,1033,1019
1282064,0,1047,1034
1282065,0,1049,1029
1282066,0,1051,1041
1282067,0,1059,1034
1282068,0,1046,1019
1282069,0,1054,1030
1282070,0,1041,1023
1282071,0,1057,1016
1282072,0,1034,1024
1282073,0,1035,1015
1282074,0,1040,1026
1282075,0,1041,1025
1282076,0,1054,1028
1282077,0,1040,1032
1282078,0,1038,1032
1282079,0,1038,1035
1282080,0,1049,1034
1282081,0,1065,1025
1282082,0,1066,1049
1282083,0,1084,1018
1282084,0,1063,1034
1282085,0,1062,1045
1282086,0,1075,1050
1282087,0,1079,1036
1282088,0,1071,1046
1282089,0,1081,1043
1282090,0,1083,1040
1282091,0,1090,1037
1282092,0,1072,1045
1282093,0,1079,1028
1282094,0,1064,1024
1282095,0,1083,1031
1282096,0,1066,1022
1282097,0,1071,1023
1282098,0,1077,1045
1282099,0,1086,1024
1282100,0,1076,1034
1282101,0,1077,1026
1282102,0,1081,1038
1282103,0,1099,1029
1282104,0,1085,1017
1282105,0,1087,1016
1282106,0,1102,1017
1282107,0,1091,1026
1282108,0,1103,1020
1282109,0,1091,997
1282110,0,1085,987
1282111,0,1079,986
1282112,0,1095,981
1282113,0,1076,1009
1282114,0,1085,971
1282115,0,1068,990
1282116,0,1072,988
1282117,0,1087,989
1282118,0,1070,971
1282119,0,1061,994
1282120,0,1063,975
1282121,0,1073,977
1282122,0,1059,993
1282123,0,1054,992
1282124,0,1078,1006
1282125,0,1055,998
1282126,0,1049,1013
1282127,0,1055,1015
1282128,0,1063,1006
1282129,0,1052,1007
1282130,0,1057,1015
1282131,0,1055,1011
1282132,0,1045,1013
1282133,0,1067,1002
1282134,0,1048,1005
1282135,0,1062,1006
1282136,0,1059,995
1282137,0,1050,1002
1282138,0,1074,1005
1282139,0,1045,1005
1282140,0,1063,978
1282141,0,1055,971
1282142,0,1067,991
1282143,0,1061,985
1282144,0,1057,997
1282145,0,1048,986
1282146,0,1053,980
1282147,0,1034,968
1282148,0,1015,984
1282149,0,1033,981
1282150,0,1032,981
1282151,0,1045,997
1282152,0,1027,995
1282153,0,1020,998
1282154,0,1033,1002
1282155,0,1031,992
1282156,0,1021,1015
1282157,0,1023,1018
1282158,0,1027,993
1282159,0,1041,1015
1282160,0,1013,1016
1282161,0,1028,1031
1282162,0,1027,1019
1282163,0,1038,1015
1282164,0,1040,1015
1282165,0,1047,1015
1282166,0,1028,1010
1282167,0,1051,1020
1282168,0,1043,1017
1282169,0,1033,1025
1282170,0,1042,1019
1282171,0,1057,1023
1282172,0,1028,1018
1282173,0,1049,1025
1282174,0,1062,1031
1282175,0,1046,1026
1282176,0,1058,1022
1282177,0,1071,1014
1282178,0,1055,1023
1282179,0,1068,1020
1282180,0,1077,1025
1282181,0,1073,1019
1282182,0,1075,1014
1282183,0,1082,1027
1282184,0,1082,1011
1282185,0,1089,1022
1282186,0,1078,1019
1282187,0,1093,1018
1282188,0,1082,997
1282189,0,1089,1003
1282190,0,1113,995
1282191,0,1103,1001
1282192,0,1086,1013
1282193,0,1091,995
1282194,0,1083,992
1282195,0,1093,999
1282196,0,1105,1003
1282197,0,1097,989
1282198,0,1086,992
1282199,0,1094,984
1282200,0,1095,996
1282201,0,1073,980
1282202,0,1081,987
1282203,0,1079,1004
1282204,0,1109,991
1282205,0,1078,1004
1282206,0,1091,985
1282207,0,1088,996
1282208,0,1099,999
1282209,0,1087,1002
1282210,0,1089,1007
1282211,0,1099,983
1282212,0,1079,1013
1282213,0,1080,1047
1282214,0,1100,1083
1282215,0,1090,1115
1282216,0,1103,1179
1282217,0,1105,1231
1282218,0,1110,1279
1282219,0,1097,1300
1282220,0,1088,1307
1282221,0,1108,1302
1282222,0,1105,1316
1282223,0,1118,1339
1282224,0,1107,1297
1282225,0,1109,1305
1282226,0,1099,1305
1282227,0,1106,1276
1282228,0,1104,1245
1282229,0,1113,1240
1282230,0,1112,1246
1282231,0,1096,1211
1282232,0,1101,1225
1282233,0,1109,1196
1282234,0,1117,1208
1282235,0,1093,1187
1282236,0,1117,1146
1282237,0,1128,1151
1282238,0,1175,1153
1282239,0,1215,1149
1282240,0,1279,1128
1282241,0,1311,1128
1282242,0,1378,1126
1282243,0,1380,1123
1282244,0,1407,1111
1282245,0,1427,1123
1282246,0,1443,1090
1282247,0,1410,1111
1282248,0,1412,1068
1282249,0,1391,1086
1282250,0,1368,1055
1282251,0,1359,1071
1282252,0,1338,1044
1282253,0,1329,1056
1282254,0,1306,1047
1282255,0,1331,1063
1282256,0,1280,1067
1282257,0,1274,1069
1282258,0,1276,1069
1282259,0,1268,1048
1282260,0,1240,1057
1282261,0,1217,1040
1282262,0,1246,1043
1282263,0,1242,1045
1282264,0,1200,1038
1282265,0,1229,1044
1282266,0,1204,1054
1282267,0,1207,1053
1282268,0,1193,1043
1282269,0,1195,1035
1282270,0,1194,1035
1282271,0,1199,1028
1282272,0,1174,1038
1282273,0,1159,1039
1282274,0,1178,1043
1282275,0,1160,1026
1282276,0,1180,1041
1282277,0,1159,1035
1282278,0,1131,1027
1282279,0,1159,1042
1282280,0,1127,1027
1282281,0,1135,1028
1282282,0,1142,1021
1282283,0,1139,1028
1282284,0,1147,1012
1282285,0,1124,1028
1282286,0,1113,1007
1282287,0,1101,1006
1282288,0,1110,1017
1282289,0,1112,1008
1282290,0,1115,996
1282291,0,1107,980
1282292,0,1099,988
1282293,0,1092,988
1282294,0,1107,997
1282295,0,1113,1003
1282296,0,1109,995
1282297,0,1096,1007
1282298,0,1095,999
1282299,0,1095,998
1282300,0,1111,987
1282301,0,1094,979
1282302,0,1082,985
1282303,0,1078,979
1282304,0,1070,979
1282305,0,1078,979
1282306,0,1061,968
1282307,0,1043,984
1282308,0,1051,996
1282309,0,1053,980
1282310,0,1063,983
1282311,0,1067,991
1282312,0,1070,990
1282313,0,1043,982
1282314,0,1047,980
1282315,0,1041,979
1282316,0,1043,980
1282317,0,1049,991
1282318,0,1052,981
1282319,0,1047,997
1282320,0,1043,1001
1282321,0,1031,980
1282322,0,1031,1017
1282323,0,1025,1015
1282324,0,1032,1019
1282325,0,1017,1002
1282326,0,1036,995
1282327,0,1033,1002
1282328,0,1028,1007
1282329,0,1025,1009
1282330,0,1035,1009
1282331,0,1011,1001
1282332,0,1007,1017
1282333,0,1037,1008
1282334,0,1033,1024
1282335,0,1003,1022
1282336,0,1023,1039
1282337,0,1018,1022
1282338,0,1019,1021
1282339,0,1027,1024
1282340,0,1026,1043
1282341,0,1025,1042
1282342,0,1008,1050
1282343,0,1021,1039
1282344,0,1023,1051
1282345,0,1024,1054
1282346,0,1025,1058
1282347,0,1025,1056
1282348,0,1000,1036
1282349,0,1006,1061
1282350,0,1023,1043
1282351,0,1013,1039
1282352,0,1009,1036
1282353,0,1011,1041
1282354,0,1021,1034
1282355,0,1031,1036
1282356,0,1012,1025
1282357,0,1013,1039
1282358,0,1019,1016
1282359,0,1021,1037
1282360,0,1020,1030
1282361,0,1034,1034
1282362,0,1025,1030
1282363,0,1016,1035
1282364,0,1023,1029
1282365,0,1026,1026
1282366,0,1041,1020
1282367,0,1031,1027
1282368,0,1024,1017
1282369,0,1034,1047
1282370,0,1015,1028
1282371,0,1024,1024
1282372,0,1015,1016
1282373,0,1039,1033
1282374,0,1029,1018
1282375,0,1030,1002
1282376,0,1026,1019
1282377,0,1019,1023
1282378,0,1035,1009
1282379,0,1015,1003
1282380,0,1021,1011
1282381,0,1007,1009
1282382,0,1021,1011
1282383,0,1016,1017
1282384,0,1013,1007
1282385,0,1019,979
1282386,0,1028,1004
1282387,0,1015,988
1282388,0,1023,992
1282389,0,1027,982
1282390,0,1023,998
1282391,0,1001,999
1282392,0,1012,995
1282393,0,1002,994
1282394,0,1006,997
1282395,0,1007,997
1282396,0,1015,1003
1282397,0,1011,981
1282398,0,999,992
1282399,0,1002,996
1282400,0,997,975
1282401,0,1014,993
1282402,0,999,996
1282403,0,999,994
1282404,0,997,991
1282405,0,1005,997
1282406,0,1007,989
1282407,0,1007,1002
1282408,0,1006,984
1282409,0,998,1019
1282410,0,1004,996
1282411,0,987,1009
1282412,0,1003,991
1282413,0,1003,1019
1282414,0,999,1010
1282415,0,1004,1018
1282416,0,998,1018
1282417,0,1006,1016
1282418,0,994,1015
1282419,0,986,1007
1282420,0,1010,1023
1282421,0,992,1011
1282422,0,994,1025
1282423,0,1003,1025
1282424,0,994,1017
1282425,0,992,1013
1282426,0,984,1024
1282427,0,1002,1029
1282428,0,987,1013
1282429,0,1001,1031
1282430,0,997,1020
1282431,0,1012,1015
1282432,0,981,1024
1282433,0,993,1023
1282434,0,988,1029
1282435,0,989,1033
1282436,0,991,1031
1282437,0,998,1044
1282438,0,991,1029
1282439,0,980,1028
1282440,0,997,1024
1282441,0,989,1051
1282442,0,987,1005
1282443,0,997,1008
1282444,0,986,1027
1282445,0,1003,1007
1282446,0,990,1010
1282447,0,976,1025
1282448,0,985,1027
1282449,0,1001,1009
1282450,0,965,1007
1282451,0,1004,1010
1282452,0,988,1026
1282453,0,998,1016
1282454,0,973,1018
1282455,0,981,1023
1282456,0,980,1012
1282457,0,987,1024
1282458,0,986,1006
1282459,0,995,1030
1282460,0,990,1006
1282461,0,982,1022
1282462,0,978,1011
1282463,0,987,1010
1282464,0,983,1007
1282465,0,984,1015
1282466,0,975,997
1282467,0,990,1009
1282468,0,993,994
1282469,0,995,1002
1282470,0,978,1006
1282471,0,978,1017
1282472,0,988,996
1282473,0,995,1005
1282474,0,979,977
1282475,0,980,991
1282476,0,976,995
1282477,0,1005,982
1282478,0,989,994
1282479,0,984,990
1282480,0,996,983
1282481,0,992,985
1282482,0,978,979
1282483,0,977,986
1282484,0,986,978
1282485,0,987,980
1282486,0,976,983
1282487,0,996,986
1282488,0,984,965
1282489,0,991,968
1282490,0,976,961
1282491,0,997,980
1282492,0,989,985
1282493,0,985,961
1282494,0,985,981
1282495,0,982,971
1282496,0,986,962
1282497,0,1008,964
1282498,0,991,975
1282499,0,995,965
1282500,0,979,928
1282501,0,978,954
1282502,0,1005,933
1282503,0,993,958
1282504,0,1000,943
1282505,0,964,937
1282506,0,997,926
1282507,0,1001,935
1282508,0,963,932
1282509,0,992,945
1282510,0,981,932
1282511,0,972,927
1282512,0,986,931
1282513,0,1015,937
1282514,0,988,932
1282515,0,1001,937
1282516,0,1011,928
1282517,0,1004,920
1282518,0,995,924
1282519,0,987,923
1282520,0,1007,931
1282521,0,1001,917
1282522,0,1005,925
1282523,0,1021,910
1282524,0,1020,917
1282525,0,1001,923
1282526,0,1007,934
1282527,0,1010,923
1282528,0,1017,927
1282529,0,1029,924
1282530,0,1015,925
1282531,0,1013,919
1282532,0,1021,926
1282533,0,1015,927
1282534,0,1007,929
1282535,0,1025,933
1282536,0,1029,916
1282537,0,1018,928
1282538,0,1029,937
1282539,0,1031,928
1282540,0,1032,928
1282541,0,1028,942
1282542,0,1037,950
1282543,0,1030,928
1282544,0,1031,945
1282545,0,1016,935
1282546,0,1036,940
1282547,0,1038,935
1282548,0,1032,957
1282549,0,1044,932
1282550,0,1045,955
1282551,0,1053,957
1282552,0,1061,969
1282553,0,1067,959
1282554,0,1071,959
1282555,0,1057,966
1282556,0,1063,963
1282557,0,1059,951
1282558,0,1068,954
1282559,0,1074,948
1282560,0,1085,962
1282561,0,1077,951
1282562,0,1072,960
1282563,0,1087,960
1282564,0,1093,949
1282565,0,1083,970
1282566,0,1087,973
1282567,0,1079,961
1282568,0,1089,977
1282569,0,1097,975
1282570,0,1095,972
1282571,0,1102,984
1282572,0,1108,971
1282573,0,1102,961
1282574,0,1121,981
1282575,0,1101,978
1282576,0,1105,975
1282577,0,1117,975
1282578,0,1103,989
1282579,0,1125,977
1282580,0,1103,967
1282581,0,1116,989
1282582,0,1123,975
1282583,0,1127,984
1282584,0,1127,999
1282585,0,1118,1013
1282586,0,1104,995
1282587,0,1115,973
1282588,0,1119,994
1282589,0,1117,999
1282590,0,1113,1007
1282591,0,1105,997
1282592,0,1125,1003
1282593,0,1117,1009
1282594,0,1121,1015
1282595,0,1124,1011
1282596,0,1130,1013
1282597,0,1119,1019
1282598,0,1113,1001
1282599,0,1114,1016
1282600,0,1109,1017
1282601,0,1097,1014
1282602,0,1099,1019
1282603,0,1101,1019
1282604,0,1112,1033
1282605,0,1121,1010
1282606,0,1103,1008
1282607,0,1111,1012
1282608,0,1084,1031
1282609,0,1116,1049
1282610,0,1095,1083
1282611,0,1100,1119
1282612,0,1099,1148
1282613,0,1095,1218
1282614,0,1072,1248
1282615,0,1089,1303
1282616,0,1083,1327
1282617,0,1074,1359
1282618,0,1085,1383
1282619,0,1076,1391
1282620,0,1064,1352
1282621,0,1083,1360
1282622,0,1077,1351
1282623,0,1082,1338
1282624,0,1069,1327
1282625,0,1065,1313
1282626,0,1064,1279
1282627,0,1063,1288
1282628,0,1041,1267
1282629,0,1053,1252
1282630,0,1061,1249
1282631,0,1047,1258
1282632,0,1089,1216
1282633,0,1083,1241
1282634,0,1112,1239
1282635,0,1173,1221
1282636,0,1223,1206
1282637,0,1270,1174
1282638,0,1289,1210
1282639,0,1343,1181
1282640,0,1363,1160
1282641,0,1381,1164
1282642,0,1344,1179
1282643,0,1339,1171
1282644,0,1351,1146
1282645,0,1327,1147
1282646,0,1323,1147
1282647,0,1291,1151
1282648,0,1291,1113
1282649,0,1281,1121
1282650,0,1271,1127
1282651,0,1247,1147
1282652,0,1246,1115
1282653,0,1227,1094
1282654,0,1219,1102
1282655,0,1215,1112
1282656,0,1211,1103
1282657,0,1198,1080
1282658,0,1196,1082
1282659,0,1153,1059
1282660,0,1156,1099
1282661,0,1155,1084
1282662,0,1143,1096
1282663,0,1120,1078
1282664,0,1131,1070
1282665,0,1122,1075
1282666,0,1129,1075
1282667,0,1115,1078
1282668,0,1092,1067
1282669,0,1073,1032
1282670,0,1094,1062
1282671,0,1093,1057
1282672,0,1075,1048
1282673,0,1092,1041
1282674,0,1072,1041
1282675,0,1064,1044
1282676,0,1056,1031
1282677,0,1069,1025
1282678,0,1065,1051
1282679,0,1080,1018
1282680,0,1060,1029
1282681,0,1064,1022
1282682,0,1067,1010
1282683,0,1025,1013
1282684,0,1051,1015
1282685,0,1050,1023
1282686,0,1035,1002
1282687,0,1027,988
1282688,0,1061,992
1282689,0,1035,1025
1282690,0,1041,991
1282691,0,1043,1015
1282692,0,1057,985
1282693,0,1039,991
1282694,0,1037,989
1282695,0,1029,985
1282696,0,1039,981
1282697,0,1048,995
1282698,0,1040,989
1282699,0,1047,987
1282700,0,1040,977
1282701,0,1018,975
1282702,0,1028,983
1282703,0,1050,977
1282704,0,1055,987
1282705,0,1050,987
1282706,0,1046,995
1282707,0,1033,983
1282708,0,1032,987
1282709,0,1032,983
1282710,0,1049,995
1282711,0,1040,984
1282712,0,1050,983
1282713,0,1048,978
1282714,0,1054,978
1282715,0,1063,984
1282716,0,1063,984
1282717,0,1053,995
1282718,0,1063,981
1282719,0,1054,988
1282720,0,1058,991
1282721,0,1061,983
1282722,0,1045,988
1282723,0,1049,986
1282724,0,1054,993
1282725,0,1056,990
1282726,0,1056,1002
1282727,0,1058,994
1282728,0,1059,1005
1282729,0,1069,1013
1282730,0,1067,1025
1282731,0,1057,1028
1282732,0,1063,1006
1282733,0,1057,1022
1282734,0,1059,1015
1282735,0,1055,1013
1282736,0,1058,1024
1282737,0,1048,1010
1282738,0,1055,1018
1282739,0,1041,1030
1282740,0,1075,1029
1282741,0,1056,1037
1282742,0,1057,1033
1282743,0,1040,1025
1282744,0,1047,1029
1282745,0,1050,1038
1282746,0,1047,1029
1282747,0,1047,1045
1282748,0,1032,1028
1282749,0,1029,1030
1282750,0,1037,1024
1282751,0,1033,1047
1282752,0,1027,1047
1282753,0,1029,1043
1282754,0,1028,1035
1282755,0,1030,1029
1282756,0,1028,1043
1282757,0,1041,1057
1282758,0,1031,1040
1282759,0,1022,1046
1282760,0,1028,1031
1282761,0,1052,1030
1282762,0,1023,1043
1282763,0,1021,1041
1282764,0,1004,1029
1282765,0,1011,1028
1282766,0,1005,1055
1282767,0,998,1045
1282768,0,1001,1025
1282769,0,996,1042
1282770,0,1007,1039
1282771,0,1004,1031
1282772,0,1007,1033
1282773,0,1003,1047
1282774,0,1007,1018
1282775,0,987,1015
1282776,0,996,1026
1282777,0,1000,1017
1282778,0,998,1025
1282779,0,1005,1027
1282780,0,998,1023
1282781,0,994,1010
1282782,0,1000,1012
1282783,0,996,1009
1282784,0,992,1001
1282785,0,988,1004
1282786,0,1007,1003
1282787,0,970,997
1282788,0,984,1005
1282789,0,998,1000
1282790,0,993,1002
1282791,0,1000,993
1282792,0,1002,971
1282793,0,998,995
1282794,0,1005,989
1282795,0,1008,975
1282796,0,1021,986
1282797,0,1006,983
1282798,0,1022,981
1282799,0,1007,966
1282800,0,999,969
1282801,0,1017,961
1282802,0,1027,966
1282803,0,1022,979
1282804,0,1027,978
1282805,0,1016,979
1282806,0,1015,985
1282807,0,1031,960
1282808,0,1018,967
1282809,0,1028,963
1282810,0,1069,953
1282811,0,1043,976
1282812,0,1048,956
1282813,0,1034,959
1282814,0,1052,957
1282815,0,1061,952
1282816,0,1062,951
1282817,0,1057,954
1282818,0,1058,959
1282819,0,1067,953
1282820,0,1065,974
1282821,0,1055,982
1282822,0,1068,966
1282823,0,1059,974
1282824,0,1060,971
1282825,0,1073,989
1282826,0,1073,988
1282827,0,1087,972
1282828,0,1081,958
1282829,0,1067,981
1282830,0,1079,971
1282831,0,1075,993
1282832,0,1099,976
1282833,0,1087,992
1282834,0,1074,995
1282835,0,1081,1004
1282836,0,1074,1011
1282837,0,1077,1015
1282838,0,1064,998
1282839,0,1079,1011
1282840,0,1085,1006
1282841,0,1087,1026
1282842,0,1072,1009
1282843,0,1075,1019
1282844,0,1074,1025
1282845,0,1075,1038
1282846,0,1086,1027
1282847,0,1081,1035
1282848,0,1085,1021
1282849,0,1077,1025
1282850,0,1076,1033
1282851,0,1056,1054
1282852,0,1049,1046
1282853,0,1055,1050
1282854,0,1045,1043
1282855,0,1056,1043
1282856,0,1052,1035
1282857,0,1054,1060
1282858,0,1055,1050
1282859,0,1049,1067
1282860,0,1024,1037
1282861,0,1023,1070
1282862,0,1035,1074
1282863,0,1032,1042
1282864,0,1019,1056
1282865,0,1020,1067
1282866,0,1022,1055
1282867,0,1023,1057
1282868,0,1002,1057
1282869,0,999,1068
1282870,0,1023,1070
1282871,0,1001,1075
1282872,0,999,1077
1282873,0,987,1061
1282874,0,982,1056
1282875,0,978,1045
1282876,0,975,1035
1282877,0,971,1059
1282878,0,975,1049
1282879,0,978,1032
1282880,0,980,1049
1282881,0,976,1053
1282882,0,970,1030
1282883,0,967,1021
1282884,0,957,1027
1282885,0,947,1012
1282886,0,954,1033
1282887,0,963,1027
1282888,0,969,1008
1282889,0,954,1021
1282890,0,967,997
1282891,0,960,1010
1282892,0,955,1009
1282893,0,967,995
1282894,0,946,988
1282895,0,960,986
1282896,0,949,986
1282897,0,959,987
1282898,0,979,979
1282899,0,970,980
1282900,0,969,979
1282901,0,971,983
1282902,0,994,990
1282903,0,1001,963
1282904,0,988,956
1282905,0,993,961
1282906,0,1007,954
1282907,0,997,930
1282908,0,1015,930
1282909,0,1002,949
1282910,0,1029,930
1282911,0,1019,939
1282912,0,1022,930
1282913,0,1026,930
1282914,0,1022,922
1282915,0,1035,925
1282916,0,1042,914
1282917,0,1046,902
1282918,0,1040,915
1282919,0,1051,917
1282920,0,1065,911
1282921,0,1087,923
1282922,0,1064,915
1282923,0,1071,906
1282924,0,1064,911
1282925,0,1064,921
1282926,0,1066,923
1282927,0,1081,916
1282928,0,1091,928
1282929,0,1082,916
1282930,0,1075,921
1282931,0,1080,929
1282932,0,1111,932
1282933,0,1096,944
1282934,0,1108,943
1282935,0,1114,953
1282936,0,1104,957
1282937,0,1114,949
1282938,0,1119,943
1282939,0,1112,951
1282940,0,1103,970
1282941,0,1132,961
1282942,0,1135,953
1282943,0,1131,989
1282944,0,1131,983
1282945,0,1128,991
1282946,0,1131,992
1282947,0,1122,999
1282948,0,1135,1007
1282949,0,1135,1009
1282950,0,1132,1020
1282951,0,1141,1017
1282952,0,1142,1015
1282953,0,1129,1048
1282954,0,1116,1059
1282955,0,1121,1051
1282956,0,1127,1022
1282957,0,1089,1045
1282958,0,1114,1068
1282959,0,1113,1052
1282960,0,1100,1074
1282961,0,1096,1065
1282962,0,1094,1078
1282963,0,1084,1075
1282964,0,1078,1087
1282965,0,1089,1095
1282966,0,1076,1095
1282967,0,1068,1120
1282968,0,1075,1094
1282969,0,1085,1087
1282970,0,1067,1098
1282971,0,1074,1114
1282972,0,1053,1113
1282973,0,1049,1078
1282974,0,1047,1096
1282975,0,1049,1103
1282976,0,1036,1111
1282977,0,1027,1103
1282978,0,1026,1080
1282979,0,1041,1079
1282980,0,1011,1100
1282981,0,991,1093
1282982,0,1000,1089
1282983,0,1016,1111
1282984,0,1005,1098
1282985,0,999,1081
1282986,0,998,1071
1282987,0,986,1071
1282988,0,991,1073
1282989,0,997,1077
1282990,0,977,1077
1282991,0,962,1061
1282992,0,972,1063
1282993,0,962,1067
1282994,0,959,1057
1282995,0,957,1065
1282996,0,980,1045
1282997,0,954,1033
1282998,0,957,1036
1282999,0,963,1014
1283000,0,948,1064
1283001,0,950,1011
1283002,0,955,1045
1283003,0,946,1039
1283004,0,955,1065
1283005,0,969,1094
1283006,0,961,1149
1283007,0,963,1199
1283008,0,975,1234
1283009,0,962,1242
1283010,0,965,1280
1283011,0,962,1283
1283012,0,976,1300
1283013,0,964,1327
1283014,0,967,1294
1283015,0,958,1285
1283016,0,961,1286
1283017,0,966,1251
1283018,0,955,1243
1283019,0,965,1223
1283020,0,973,1227
1283021,0,987,1197
1283022,0,977,1197
1283023,0,971,1186
1283024,0,991,1152
1283025,0,976,1153
1283026,0,1008,1151
1283027,0,1010,1146
1283028,0,1067,1123
1283029,0,1117,1099
1283030,0,1155,1119
1283031,0,1227,1098
1283032,0,1272,1095
1283033,0,1319,1074
1283034,0,1347,1064
1283035,0,1343,1049
1283036,0,1359,1069
1283037,0,1316,1032
1283038,0,1343,1058
1283039,0,1325,1055
1283040,0,1309,1017
1283041,0,1288,1028
1283042,0,1263,1041
1283043,0,1259,1029
1283044,0,1265,1023
1283045,0,1257,1016
1283046,0,1240,1017
1283047,0,1243,1022
1283048,0,1231,1017
1283049,0,1235,986
1283050,0,1196,978
1283051,0,1202,990
1283052,0,1209,1005
1283053,0,1195,970
1283054,0,1171,999
1283055,0,1197,980
1283056,0,1179,1006
1283057,0,1162,984
1283058,0,1159,1007
1283059,0,1175,983
1283060,0,1142,980
1283061,0,1165,982
1283062,0,1136,989
1283063,0,1137,982
1283064,0,1158,975
1283065,0,1165,971
1283066,0,1148,985
1283067,0,1132,975
1283068,0,1120,970
1283069,0,1137,983
1283070,0,1104,977
1283071,0,1129,959
1283072,0,1109,987
1283073,0,1111,990
1283074,0,1112,983
1283075,0,1104,983
1283076,0,1101,991
1283077,0,1113,971
1283078,0,1127,975
1283079,0,1125,975
1283080,0,1095,960
1283081,0,1107,981
1283082,0,1107,959
1283083,0,1095,974
1283084,0,1109,989
1283085,0,1098,989
1283086,0,1096,977
1283087,0,1102,971
1283088,0,1096,966
1283089,0,1103,977
1283090,0,1095,974
1283091,0,1092,993
1283092,0,1097,991
1283093,0,1076,974
1283094,0,1080,983
1283095,0,1099,999
1283096,0,1064,977
1283097,0,1081,980
1283098,0,1074,1013
1283099,0,1066,969
1283100,0,1063,995
1283101,0,1089,972
1283102,0,1064,988
1283103,0,1086,993
1283104,0,1077,977
1283105,0,1064,971
1283106,0,1079,991
1283107,0,1082,978
1283108,0,1093,975
1283109,0,1089,981
1283110,0,1064,1009
1283111,0,1094,987
1283112,0,1062,1003
1283113,0,1099,993
1283114,0,1059,995
1283115,0,1075,1007
1283116,0,1069,998
1283117,0,1079,1006
1283118,0,1067,989
1283119,0,1063,1017
1283120,0,1100,1003
1283121,0,1081,1009
1283122,0,1042,1011
1283123,0,1044,1006
1283124,0,1055,1003
1283125,0,1053,1024
1283126,0,1047,1006
1283127,0,1052,1019
1283128,0,1049,1019
1283129,0,1063,1019
1283130,0,1061,1014
1283131,0,1048,1015
1283132,0,1054,1023
1283133,0,1047,1017
1283134,0,1067,1029
1283135,0,1073,1003
1283136,0,1070,1027
1283137,0,1063,1019
1283138,0,1071,1022
1283139,0,1051,1014
1283140,0,1044,1024
1283141,0,1064,1014
1283142,0,1057,1012
1283143,0,1079,1027
1283144,0,1063,1021
1283145,0,1052,1023
1283146,0,1060,1008
1283147,0,1066,1020
1283148,0,1045,1031
1283149,0,1025,1033
1283150,0,1041,1032
1283151,0,1044,1017
1283152,0,1065,1028
1283153,0,1043,1035
1283154,0,1053,1033
1283155,0,1062,1029
1283156,0,1053,1016
1283157,0,1055,1030
1283158,0,1044,1032
1283159,0,1026,1043
1283160,0,1048,1040
1283161,0,1038,1022
1283162,0,1043,1031
1283163,0,1034,1027
1283164,0,1040,1041
1283165,0,1036,1035
1283166,0,1028,1026
1283167,0,1039,1010
1283168,0,1034,1024
1283169,0,1027,1027
1283170,0,1047,1011
1283171,0,1047,1048
1283172,0,1046,1029
1283173,0,1027,1021
1283174,0,1036,1033
1283175,0,1040,1031
1283176,0,1052,1025
1283177,0,1034,1016
1283178,0,1035,1024
1283179,0,1043,1014
1283180,0,1035,1016
1283181,0,1033,1028
1283182,0,1039,1023
1283183,0,1041,1029
1283184,0,1062,1023
1283185,0,1041,1028
1283186,0,1035,1016
1283187,0,1003,1018
1283188,0,1040,1021
1283189,0,1012,1029
1283190,0,1030,1009
1283191,0,1029,1020
1283192,0,1041,1027
1283193,0,1048,1026
1283194,0,1037,1019
1283195,0,1031,1050
1283196,0,1017,1015
1283197,0,1036,1027
1283198,0,1033,1023
1283199,0,1041,998
1283200,0,1034,1002
1283201,0,1039,1011
1283202,0,1025,1009
1283203,0,1031,998
1283204,0,1039,1026
1283205,0,1045,1023
1283206,0,1030,1010
1283207,0,1057,1013
1283208,0,1046,1017
1283209,0,1033,999
1283210,0,1045,1010
1283211,0,1037,1009
1283212,0,1038,1016
1283213,0,1039,1010
1283214,0,1024,1012
1283215,0,1028,1020
1283216,0,1012,1016
1283217,0,1016,1007
1283218,0,1024,1023
1283219,0,1035,1005
1283220,0,1025,1017
1283221,0,1012,1007
1283222,0,1032,985
1283223,0,1025,1004
1283224,0,1040,1007
1283225,0,1029,1003
1283226,0,1016,1010
1283227,0,1027,1003
1283228,0,1033,1017
1283229,0,1035,1011
1283230,0,1036,1002
1283231,0,1035,996
1283232,0,1033,1001
1283233,0,1030,1010
1283234,0,1041,998
1283235,0,1036,1007
1283236,0,1037,995
1283237,0,1033,1005
1283238,0,1026,998
1283239,0,1030,1005
1283240,0,1032,1016
1283241,0,1038,1007
1283242,0,1045,1002
1283243,0,1048,1015
1283244,0,1024,1013
1283245,0,1025,1006
1283246,0,1045,998
1283247,0,1021,996
1283248,0,1016,1007
1283249,0,1031,1000
1283250,0,1045,1007
1283251,0,1015,990
1283252,0,1041,995
1283253,0,1036,1005
1283254,0,1017,980
1283255,0,1023,1011
1283256,0,1022,1018
1283257,0,1019,995
1283258,0,1021,1005
1283259,0,1026,987
1283260,0,1000,990
1283261,0,1025,997
1283262,0,1016,990
1283263,0,1024,998
1283264,0,1014,993
1283265,0,1008,1002
1283266,0,1021,1001
1283267,0,1015,1009
1283268,0,1025,991
1283269,0,1033,980
1283270,0,1027,965
1283271,0,1023,1003
1283272,0,1009,997
1283273,0,1003,985
1283274,0,1021,999
1283275,0,1016,990
1283276,0,1025,1000
1283277,0,1033,999
1283278,0,1020,980
1283279,0,1034,998
1283280,0,1019,981
1283281,0,1014,988
1283282,0,1017,973
1283283,0,1022,995
1283284,0,1035,990
1283285,0,1029,999
1283286,0,1028,993
1283287,0,1029,1013
1283288,0,1032,993
1283289,0,1020,992
1283290,0,1045,988
1283291,0,1035,984
1283292,0,1015,983
1283293,0,1018,998
1283294,0,1030,990
1283295,0,1011,978
1283296,0,1025,988
1283297,0,1019,972
1283298,0,1019,993
1283299,0,1031,994
1283300,0,1035,980
1283301,0,1035,1001
1283302,0,1034,978
1283303,0,1020,995
1283304,0,1037,993
1283305,0,1034,977
1283306,0,1041,979
1283307,0,1025,966
1283308,0,1037,983
1283309,0,1039,981
1283310,0,1034,974
1283311,0,1041,986
1283312,0,1033,969
1283313,0,1036,969
1283314,0,1047,981
1283315,0,1043,965
1283316,0,1049,974
1283317,0,1032,958
1283318,0,1039,969
1283319,0,1037,997
1283320,0,1044,975
1283321,0,1051,969
1283322,0,1030,987
1283323,0,1037,976
1283324,0,1041,975
1283325,0,1047,969
1283326,0,1053,981
1283327,0,1052,983
1283328,0,1055,981
1283329,0,1043,978
1283330,0,1037,973
1283331,0,1050,979
1283332,0,1035,973
1283333,0,1024,975
1283334,0,1032,973
1283335,0,1049,985
1283336,0,1053,961
1283337,0,1044,974
1283338,0,1035,972
1283339,0,1033,979
1283340,0,1052,1009
1283341,0,1032,977
1283342,0,1052,954
1283343,0,1034,992
1283344,0,1037,986
1283345,0,1040,983
1283346,0,1037,991
1283347,0,1043,986
1283348,0,1045,969
1283349,0,1062,976
1283350,0,1052,980
1283351,0,1025,999
1283352,0,1060,981
1283353,0,1067,973
1283354,0,1056,983
1283355,0,1050,977
1283356,0,1058,976
1283357,0,1065,977
1283358,0,1046,995
1283359,0,1051,980
1283360,0,1068,977
1283361,0,1055,994
1283362,0,1067,991
1283363,0,1053,977
1283364,0,1053,987
1283365,0,1062,990
1283366,0,1049,962
1283367,0,1054,978
1283368,0,1065,987
1283369,0,1068,967
1283370,0,1040,963
1283371,0,1059,981
1283372,0,1051,993
1283373,0,1049,977
1283374,0,1063,1005
1283375,0,1057,994
1283376,0,1061,981
1283377,0,1060,965
1283378,0,1050,997
1283379,0,1052,1003
1283380,0,1059,990
1283381,0,1089,974
1283382,0,1065,980
1283383,0,1075,979
1283384,0,1051,972
1283385,0,1071,975
1283386,0,1061,993
1283387,0,1059,979
1283388,0,1060,999
1283389,0,1065,985
1283390,0,1053,995
1283391,0,1070,999
1283392,0,1085,993
1283393,0,1054,983
1283394,0,1055,990
1283395,0,1068,984
1283396,0,1062,989
1283397,0,1053,1025
1283398,0,1062,1015
1283399,0,1063,1041
1283400,0,1059,1065
1283401,0,1087,1123
1283402,0,1061,1171
1283403,0,1070,1243
1283404,0,1070,1283
1283405,0,1081,1323
1283406,0,1083,1327
1283407,0,1063,1346
1283408,0,1074,1325
1283409,0,1080,1335
1283410,0,1062,1315
1283411,0,1050,1305
1283412,0,1073,1272
1283413,0,1065,1264
1283414,0,1081,1279
1283415,0,1056,1267
1283416,0,1051,1226
1283417,0,1065,1267
1283418,0,1066,1245
1283419,0,1059,1234
1283420,0,1064,1217
1283421,0,1063,1216
1283422,0,1083,1211
1283423,0,1113,1203
1283424,0,1140,1185
1283425,0,1207,1189
1283426,0,1264,1175
1283427,0,1295,1160
1283428,0,1323,1148
1283429,0,1375,1145
1283430,0,1391,1130
1283431,0,1419,1144
1283432,0,1396,1137
1283433,0,1360,1129
1283434,0,1357,1138
1283435,0,1355,1110
1283436,0,1359,1127
1283437,0,1324,1100
1283438,0,1319,1121
1283439,0,1288,1109
1283440,0,1282,1105
1283441,0,1301,1108
1283442,0,1293,1101
1283443,0,1259,1076
1283444,0,1261,1080
1283445,0,1228,1099
1283446,0,1220,1087
1283447,0,1231,1101
1283448,0,1223,1075
1283449,0,1188,1091
1283450,0,1207,1087
1283451,0,1188,1087
1283452,0,1177,1078
1283453,0,1202,1049
1283454,0,1170,1048
1283455,0,1165,1050
1283456,0,1152,1067
1283457,0,1157,1074
1283458,0,1140,1055
1283459,0,1155,1081
1283460,0,1141,1060
1283461,0,1151,1038
1283462,0,1120,1055
1283463,0,1135,1054
1283464,0,1151,1071
1283465,0,1111,1050
1283466,0,1131,1069
1283467,0,1109,1063
1283468,0,1116,1069
1283469,0,1121,1059
1283470,0,1114,1085
1283471,0,1090,1063
1283472,0,1078,1061
1283473,0,1111,1056
1283474,0,1111,1047
1283475,0,1087,1058
1283476,0,1093,1041
1283477,0,1075,1046
1283478,0,1077,1034
1283479,0,1088,1040
1283480,0,1060,1055
1283481,0,1094,1061
1283482,0,1087,1044
1283483,0,1085,1041
1283484,0,1079,1060
1283485,0,1071,1066
1283486,0,1069,1048
1283487,0,1041,1045
1283488,0,1052,1054
1283489,0,1037,1046
1283490,0,1057,1057
1283491,0,1027,1027
1283492,0,1055,1046
1283493,0,1042,1045
1283494,0,1039,1068
1283495,0,1040,1049
1283496,0,1032,1048
1283497,0,1057,1054
1283498,0,1031,1052
1283499,0,1036,1038
1283500,0,1035,1056
1283501,0,1026,1045
1283502,0,1016,1031
1283503,0,1016,1045
1283504,0,1029,1067
1283505,0,1030,1037
1283506,0,1036,1036
1283507,0,1029,1036
1283508,0,1030,1053
1283509,0,1023,1038
1283510,0,1038,1050
1283511,0,1028,1031
1283512,0,1012,1055
1283513,0,1002,1044
1283514,0,1024,1047
1283515,0,1008,1048
1283516,0,1026,1033
1283517,0,1031,1030
1283518,0,1027,1015
1283519,0,1023,1037
1283520,0,1010,1031
1283521,0,1020,1037
1283522,0,1007,1016
1283523,0,1026,1037
1283524,0,1007,1027
1283525,0,1001,1033
1283526,0,1008,1039
1283527,0,1002,1045
1283528,0,1007,1031
1283529,0,1010,1031
1283530,0,1004,1045
1283531,0,1008,1027
1283532,0,1005,1044
1283533,0,986,1042
1283534,0,999,1037
1283535,0,1014,1011
1283536,0,1004,1031
1283537,0,1000,1045
1283538,0,992,1025
1283539,0,1026,1029
1283540,0,995,1021
1283541,0,997,1056
1283542,0,990,1023
1283543,0,1007,1035
1283544,0,1004,1043
1283545,0,1003,1037
1283546,0,1002,1046
1283547,0,996,1020
1283548,0,1002,1007
1283549,0,988,1029
1283550,0,1004,1021
1283551,0,1003,1026
1283552,0,1013,1029
1283553,0,1002,1031
1283554,0,1006,1028
1283555,0,986,1035
1283556,0,990,1018
1283557,0,1015,1033
1283558,0,992,1021
1283559,0,991,1024
1283560,0,995,1022
1283561,0,1008,1013
1283562,0,998,1006
1283563,0,1019,1023
1283564,0,998,1022
1283565,0,1011,1020
1283566,0,1008,1007
1283567,0,1003,1012
1283568,0,1007,1010
1283569,0,987,1007
1283570,0,999,1005
1283571,0,983,1007
1283572,0,994,995
1283573,0,998,999
1283574,0,1004,1032
1283575,0,992,1019
1283576,0,983,1011
1283577,0,1003,993
1283578,0,1001,1010
1283579,0,989,1015
1283580,0,997,1023
1283581,0,991,1031
1283582,0,1023,995
1283583,0,1003,998
1283584,0,1009,1009
1283585,0,1000,1014
1283586,0,998,1014
1283587,0,1022,993
1283588,0,999,1016
1283589,0,1013,1000
1283590,0,994,1006
1283591,0,988,1001
1283592,0,992,1004
1283593,0,1011,997
1283594,0,1000,1009
1283595,0,991,1006
1283596,0,1013,1009
1283597,0,998,1007
1283598,0,1005,997
1283599,0,991,1011
1283600,0,995,1007
1283601,0,996,986
1283602,0,994,1005
1283603,0,1003,1005
1283604,0,1021,995
1283605,0,992,997
1283606,0,1027,987
1283607,0,1014,998
1283608,0,999,1003
1283609,0,1003,1013
1283610,0,1002,1004
1283611,0,1018,1007
1283612,0,1001,1001
1283613,0,991,1015
1283614,0,1003,998
1283615,0,1005,999
1283616,0,1004,1001
1283617,0,1013,1008
1283618,0,1019,979
1283619,0,1015,997
1283620,0,1000,1003
1283621,0,998,1000
1283622,0,997,995
1283623,0,1018,995
1283624,0,1019,1003
1283625,0,1002,993
1283626,0,997,998
1283627,0,1026,1004
1283628,0,1015,993
1283629,0,993,991
1283630,0,1012,992
1283631,0,1007,1013
1283632,0,1007,989
1283633,0,1006,994
1283634,0,1017,1001
1283635,0,1015,990
1283636,0,1017,981
1283637,0,1007,994
1283638,0,1001,990
1283639,0,1013,996
1283640,0,1015,1003
1283641,0,1004,996
1283642,0,1013,991
1283643,0,1010,994
1283644,0,1012,994
1283645,0,1013,988
1283646,0,997,993
1283647,0,1011,983
1283648,0,1014,986
1283649,0,1012,978
1283650,0,1001,989
1283651,0,1026,978
1283652,0,1008,997
1283653,0,1013,992
1283654,0,1015,985
1283655,0,1031,984
1283656,0,1010,985
1283657,0,1028,991
1283658,0,1023,1009
1283659,0,1014,976
1283660,0,1034,969
1283661,0,1035,983
1283662,0,1019,1005
1283663,0,1015,987
1283664,0,1012,989
1283665,0,1019,977
1283666,0,1026,977
1283667,0,1014,971
1283668,0,1017,977
1283669,0,1024,988
1283670,0,1025,969
1283671,0,1015,982
1283672,0,1035,976
1283673,0,1025,960
1283674,0,1034,971
1283675,0,1034,969
1283676,0,1032,979
1283677,0,1047,967
1283678,0,1039,984
1283679,0,1017,976
1283680,0,1039,966
1283681,0,1031,981
1283682,0,1023,993
1283683,0,1027,980
1283684,0,1041,972
1283685,0,1039,997
1283686,0,1028,994
1283687,0,1030,973
1283688,0,1055,980
1283689,0,1049,967
1283690,0,1032,974
1283691,0,1035,980
1283692,0,1051,971
1283693,0,1041,979
1283694,0,1056,975
1283695,0,1050,975
1283696,0,1051,967
1283697,0,1033,969
1283698,0,1048,969
1283699,0,1051,983
1283700,0,1074,991
1283701,0,1055,971
1283702,0,1063,979
1283703,0,1071,970
1283704,0,1043,973
1283705,0,1061,991
1283706,0,1075,986
1283707,0,1033,965
1283708,0,1056,978
1283709,0,1062,960
1283710,0,1055,981
1283711,0,1084,982
1283712,0,1070,991
1283713,0,1075,975
1283714,0,1064,984
1283715,0,1064,994
1283716,0,1056,980
1283717,0,1059,988
1283718,0,1065,982
1283719,0,1067,986
1283720,0,1047,987
1283721,0,1070,983
1283722,0,1068,993
1283723,0,1082,993
1283724,0,1056,987
1283725,0,1044,983
1283726,0,1065,991
1283727,0,1058,1003
1283728,0,1052,991
1283729,0,1040,997
1283730,0,1060,1011
1283731,0,1056,1018
1283732,0,1053,1014
1283733,0,1052,999
1283734,0,1047,1000
1283735,0,1050,996
1283736,0,1052,984
1283737,0,1037,1023
1283738,0,1046,1001
1283739,0,1061,1007
1283740,0,1040,1015
1283741,0,1035,1017
1283742,0,1053,1017
1283743,0,1040,1023
1283744,0,1044,1029
1283745,0,1041,1003
1283746,0,1039,1020
1283747,0,1048,1025
1283748,0,1041,1011
1283749,0,1024,1018
1283750,0,1039,1019
1283751,0,1041,1035
1283752,0,1053,1041
1283753,0,1048,1031
1283754,0,1034,1018
1283755,0,1029,1024
1283756,0,1053,1023
1283757,0,1042,1011
1283758,0,1036,1030
1283759,0,1026,1013
1283760,0,1014,1015
1283761,0,1036,1017
1283762,0,1027,1019
1283763,0,1042,1016
1283764,0,1034,986
1283765,0,1027,1034
1283766,0,1015,1017
1283767,0,1019,1002
1283768,0,1025,997
1283769,0,1003,1004
1283770,0,1024,1008
1283771,0,1008,1019
1283772,0,1023,991
1283773,0,1023,1029
1283774,0,1021,993
1283775,0,1027,1027
1283776,0,1033,1010
1283777,0,1029,1005
1283778,0,1027,1016
1283779,0,1012,1005
1283780,0,1029,1009
1283781,0,1017,1000
1283782,0,1024,1021
1283783,0,1028,1010
1283784,0,1020,1011
1283785,0,1023,1009
1283786,0,1012,997
1283787,0,1027,998
1283788,0,1016,1000
1283789,0,1008,977
1283790,0,1025,995
1283791,0,1023,996
1283792,0,1016,999
1283793,0,1014,1007
1283794,0,1020,996
1283795,0,1026,1010
1283796,0,1013,1002
1283797,0,1014,1029
1283798,0,1011,1062
1283799,0,1028,1098
1283800,0,1023,1115
1283801,0,1012,1199
1283802,0,1033,1243
1283803,0,1022,1253
1283804,0,1013,1288
1283805,0,1025,1319
1283806,0,1022,1325
1283807,0,1018,1287
1283808,0,1025,1301
1283809,0,1031,1303
1283810,0,1019,1258
1283811,0,1020,1264
1283812,0,1023,1248
1283813,0,1018,1247
1283814,0,1035,1223
1283815,0,1018,1218
1283816,0,1024,1223
1283817,0,1024,1196
1283818,0,1032,1199
1283819,0,1034,1159
1283820,0,1045,1155
1283821,0,1044,1163
1283822,0,1117,1147
1283823,0,1159,1135
1283824,0,1219,1109
1283825,0,1273,1116
1283826,0,1315,1128
1283827,0,1339,1108
1283828,0,1348,1103
1283829,0,1352,1105
1283830,0,1371,1099
1283831,0,1391,1064
1283832,0,1375,1082
1283833,0,1365,1068
1283834,0,1359,1050
1283835,0,1315,1057
1283836,0,1297,1061
1283837,0,1306,1046
1283838,0,1319,1061
1283839,0,1318,1050
1283840,0,1295,1049
1283841,0,1307,1043
1283842,0,1264,1047
1283843,0,1282,1033
1283844,0,1263,1027
1283845,0,1255,1031
1283846,0,1247,1034
1283847,0,1222,1029
1283848,0,1235,1034
1283849,0,1217,1019
1283850,0,1204,1041
1283851,0,1208,1044
1283852,0,1215,1015
1283853,0,1206,1031
1283854,0,1215,1026
1283855,0,1198,1035
1283856,0,1162,1025
1283857,0,1168,1026
1283858,0,1174,1014
1283859,0,1165,1039
1283860,0,1172,1043
1283861,0,1156,1039
1283862,0,1168,1043
1283863,0,1158,1047
1283864,0,1151,1028
1283865,0,1159,1032
1283866,0,1151,1035
1283867,0,1144,1042
1283868,0,1112,1049
1283869,0,1125,1016
1283870,0,1127,1016
1283871,0,1113,1044
1283872,0,1128,1051
1283873,0,1127,1047
1283874,0,1127,1030
1283875,0,1106,1054
1283876,0,1102,1027
1283877,0,1113,1064
1283878,0,1111,1040
1283879,0,1111,1063
1283880,0,1090,1036
1283881,0,1095,1047
1283882,0,1098,1053
1283883,0,1079,1047
1283884,0,1085,1044
1283885,0,1052,1042
1283886,0,1071,1051
1283887,0,1064,1046
1283888,0,1056,1039
1283889,0,1055,1051
1283890,0,1065,1051
1283891,0,1036,1045
1283892,0,1065,1049
1283893,0,1047,1066
1283894,0,1048,1057
1283895,0,1051,1059
1283896,0,1050,1061
1283897,0,1023,1039
1283898,0,1035,1032
1283899,0,1022,1034
1283900,0,1028,1044
1283901,0,1039,1028
1283902,0,1018,1028
1283903,0,1028,1024
1283904,0,1043,1008
1283905,0,1010,1043
1283906,0,1035,1029
1283907,0,1031,1033
1283908,0,1009,1037
1283909,0,1018,1039
1283910,0,1008,1035
1283911,0,998,1041
1283912,0,1000,1018
1283913,0,988,1028
1283914,0,999,1027
1283915,0,1007,1027
1283916,0,1013,1023
1283917,0,1008,1031
1283918,0,1018,1022
1283919,0,1015,992
1283920,0,1013,1009
1283921,0,1011,1009
1283922,0,1023,988
1283923,0,1027,997
1283924,0,1015,1010
1283925,0,1005,986
1283926,0,993,991
1283927,0,984,987
1283928,0,1010,984
1283929,0,1009,999
1283930,0,1020,1005
1283931,0,1015,989
1283932,0,992,973
1283933,0,992,978
1283934,0,995,980
1283935,0,993,997
1283936,0,1005,984
1283937,0,1009,981
1283938,0,1016,982
1283939,0,1005,994
1283940,0,997,989
1283941,0,1013,967
1283942,0,989,987
1283943,0,1024,976
1283944,0,1021,971
1283945,0,1016,971
1283946,0,1011,985
1283947,0,1015,969
1283948,0,1020,977
1283949,0,1039,975
1283950,0,1016,975
1283951,0,1015,966
1283952,0,1034,950
1283953,0,1027,972
1283954,0,1039,977
1283955,0,1026,971
1283956,0,1017,964
1283957,0,1033,961
1283958,0,1028,983
1283959,0,1026,987
1283960,0,1050,975
1283961,0,1051,972
1283962,0,1054,970
1283963,0,1054,964
1283964,0,1036,967
1283965,0,1047,983
1283966,0,1063,966
1283967,0,1053,954
1283968,0,1052,977
1283969,0,1035,946
1283970,0,1040,969
1283971,0,1059,979
1283972,0,1047,975
1283973,0,1081,973
1283974,0,1081,975
1283975,0,1069,975
1283976,0,1065,983
1283977,0,1047,988
1283978,0,1093,981
1283979,0,1073,986
1283980,0,1057,993
1283981,0,1049,984
1283982,0,1077,999
1283983,0,1063,999
1283984,0,1061,985
1283985,0,1063,991
1283986,0,1089,993
1283987,0,1064,1002
1283988,0,1066,992
1283989,0,1068,995
1283990,0,1069,993
1283991,0,1078,1011
1283992,0,1069,1000
1283993,0,1064,1012
1283994,0,1063,1023
1283995,0,1095,1021
1283996,0,1063,1030
1283997,0,1069,1019
1283998,0,1059,1010
1283999,0,1069,1017
1284000,0,1057,1037
1284001,0,1067,1027
1284002,0,1049,1038
1284003,0,1044,1032
1284004,0,1061,1024
1284005,0,1042,1055
1284006,0,1043,1051
1284007,0,1043,1032
1284008,0,1063,1032
1284009,0,1035,1047
1284010,0,1057,1051
1284011,0,1047,1038
1284012,0,1035,1028
1284013,0,1049,1035
1284014,0,1021,1038
1284015,0,1030,1055
1284016,0,1032,1043
1284017,0,1023,1044
1284018,0,1031,1037
1284019,0,1037,1047
1284020,0,1030,1037
1284021,0,1018,1050
1284022,0,1019,1060
1284023,0,1009,1054
1284024,0,1023,1048
1284025,0,1015,1024
1284026,0,1003,1041
1284027,0,1028,1036
1284028,0,999,1027
1284029,0,1007,1051
1284030,0,992,1026
1284031,0,988,1013
1284032,0,994,1024
1284033,0,994,1024
1284034,0,1002,1034
1284035,0,1003,1013
1284036,0,1011,1025
1284037,0,981,1012
1284038,0,1019,1006
1284039,0,999,1015
1284040,0,1010,1013
1284041,0,1025,995
1284042,0,1002,1010
1284043,0,1023,999
1284044,0,1012,987
1284045,0,1015,984
1284046,0,1019,995
1284047,0,1028,985
1284048,0,1027,997
1284049,0,1008,1007
1284050,0,1015,974
1284051,0,1027,966
1284052,0,1037,986
1284053,0,1025,973
1284054,0,1008,962
1284055,0,1048,971
1284056,0,1039,981
1284057,0,1019,979
1284058,0,1036,968
1284059,0,1043,955
1284060,0,1045,961
1284061,0,1055,964
1284062,0,1040,944
1284063,0,1058,953
1284064,0,1050,955
1284065,0,1066,957
1284066,0,1032,966
1284067,0,1040,962
1284068,0,1076,949
1284069,0,1069,943
1284070,0,1068,943
1284071,0,1077,952
1284072,0,1064,960
1284073,0,1083,960
1284074,0,1085,967
1284075,0,1071,958
1284076,0,1080,964
1284077,0,1076,961
1284078,0,1079,977
1284079,0,1077,983
1284080,0,1087,985
1284081,0,1084,967
1284082,0,1075,992
1284083,0,1095,992
1284084,0,1083,977
1284085,0,1059,1003
1284086,0,1090,989
1284087,0,1082,984
1284088,0,1066,1001
1284089,0,1055,1000
1284090,0,1062,996
1284091,0,1076,1006
1284092,0,1071,1011
1284093,0,1066,1008
1284094,0,1072,1018
1284095,0,1070,1010
1284096,0,1074,991
1284097,0,1071,1029
1284098,0,1067,997
1284099,0,1070,1019
1284100,0,1060,1013
1284101,0,1069,1047
1284102,0,1057,1026
1284103,0,1066,1019
1284104,0,1050,1032
1284105,0,1067,1040
1284106,0,1060,1031
1284107,0,1053,1027
1284108,0,1049,1022
1284109,0,1038,1043
1284110,0,1028,1044
1284111,0,1028,1027
1284112,0,1037,1046
1284113,0,1052,1011
1284114,0,1048,1039
1284115,0,1017,1039
1284116,0,1022,1033
1284117,0,1022,1023
1284118,0,1020,1025
1284119,0,1031,1018
1284120,0,1022,1017
1284121,0,1022,1022
1284122,0,1018,1034
1284123,0,1008,1019
1284124,0,1026,1020
1284125,0,1025,1039
1284126,0,999,1023
1284127,0,1005,1027
1284128,0,1031,1025
1284129,0,999,1010
1284130,0,996,1017
1284131,0,998,1013
1284132,0,1002,1022
1284133,0,998,1027
1284134,0,1005,1010
1284135,0,992,1009
1284136,0,1015,1005
1284137,0,1003,1015
1284138,0,1015,1023
1284139,0,1001,991
1284140,0,1003,1010
1284141,0,1006,1009
1284142,0,1007,1010
1284143,0,1001,1008
1284144,0,1006,1019
1284145,0,1009,1006
1284146,0,1011,995
1284147,0,1007,996
1284148,0,1013,989
1284149,0,1041,1003
1284150,0,1004,993
1284151,0,1026,995
1284152,0,1028,982
1284153,0,1006,1010
1284154,0,1011,1003
1284155,0,1011,995
1284156,0,1017,975
1284157,0,1026,993
1284158,0,1026,991
1284159,0,1034,1003
1284160,0,1039,979
1284161,0,1046,989
1284162,0,1021,980
1284163,0,1010,987
1284164,0,1018,980
1284165,0,1026,1003
1284166,0,1026,997
1284167,0,1034,983
1284168,0,1029,991
1284169,0,1012,992
1284170,0,1023,995
1284171,0,1026,989
1284172,0,1030,985
1284173,0,1039,986
1284174,0,1024,987
1284175,0,1036,996
1284176,0,1035,995
1284177,0,1028,995
1284178,0,1038,994
1284179,0,1031,1003
1284180,0,1036,998
1284181,0,1035,998
1284182,0,1032,991
1284183,0,1034,995
1284184,0,1044,979
1284185,0,1035,973
1284186,0,1053,990
1284187,0,1027,1003
1284188,0,1016,989
1284189,0,1027,1003
1284190,0,1032,987
1284191,0,1041,1003
1284192,0,1029,995
1284193,0,1043,1020
1284194,0,1039,1003
1284195,0,1043,1005
1284196,0,1047,1013
1284197,0,1038,1031
1284198,0,1034,1082
1284199,0,1027,1125
1284200,0,1035,1187
1284201,0,1034,1208
1284202,0,1043,1249
1284203,0,1047,1295
1284204,0,1039,1331
1284205,0,1027,1347
1284206,0,1039,1320
1284207,0,1027,1333
1284208,0,1032,1326
1284209,0,1022,1327
1284210,0,1038,1317
1284211,0,1040,1299
1284212,0,1032,1265
1284213,0,1030,1264
1284214,0,1031,1244
1284215,0,1038,1239
1284216,0,1047,1216
1284217,0,1036,1224
1284218,0,1041,1210
1284219,0,1061,1191
1284220,0,1044,1176
1284221,0,1067,1209
1284222,0,1118,1173
1284223,0,1157,1160
1284224,0,1223,1151
1284225,0,1263,1186
1284226,0,1327,1148
1284227,0,1351,1140
1284228,0,1364,1150
1284229,0,1368,1133
1284230,0,1351,1121
1284231,0,1379,1119
1284232,0,1336,1114
1284233,0,1345,1072
1284234,0,1285,1097
1284235,0,1274,1107
1284236,0,1248,1100
1284237,0,1287,1099
1284238,0,1259,1087
1284239,0,1240,1091
1284240,0,1245,1087
1284241,0,1235,1063
1284242,0,1220,1071
1284243,0,1188,1056
1284244,0,1199,1056
1284245,0,1203,1037
1284246,0,1199,1048
1284247,0,1199,1056
1284248,0,1177,1058
1284249,0,1178,1028
1284250,0,1149,1042
1284251,0,1167,1037
1284252,0,1162,1045
1284253,0,1166,1033
1284254,0,1138,1018
1284255,0,1121,1008
1284256,0,1135,1023
1284257,0,1127,1024
1284258,0,1141,1023
1284259,0,1131,1021
1284260,0,1123,1015
1284261,0,1080,1011
1284262,0,1088,1007
1284263,0,1098,1007
1284264,0,1079,993
1284265,0,1099,991
1284266,0,1106,1013
1284267,0,1094,976
1284268,0,1080,995
1284269,0,1080,990
1284270,0,1077,1003
1284271,0,1095,987
1284272,0,1091,980
1284273,0,1081,987
1284274,0,1075,966
1284275,0,1085,994
1284276,0,1069,984
1284277,0,1086,968
1284278,0,1083,993
1284279,0,1086,981
1284280,0,1101,982
1284281,0,1079,971
1284282,0,1068,979
1284283,0,1063,976
1284284,0,1056,967
1284285,0,1066,957
1284286,0,1064,974
1284287,0,1069,978
1284288,0,1082,975
1284289,0,1057,970
1284290,0,1071,962
1284291,0,1059,979
1284292,0,1073,971
1284293,0,1075,977
1284294,0,1056,961
1284295,0,1069,968
1284296,0,1048,966
1284297,0,1052,963
1284298,0,1067,961
1284299,0,1071,961
1284300,0,1056,975
1284301,0,1069,971
1284302,0,1053,982
1284303,0,1068,961
1284304,0,1048,973
1284305,0,1061,974
1284306,0,1074,965
1284307,0,1060,973
1284308,0,1082,991
1284309,0,1090,965
1284310,0,1066,966
1284311,0,1056,967
1284312,0,1052,979
1284313,0,1074,955
1284314,0,1045,962
1284315,0,1052,980
1284316,0,1057,977
1284317,0,1065,969
1284318,0,1082,961
1284319,0,1063,979
1284320,0,1061,968
1284321,0,1063,970
1284322,0,1065,975
1284323,0,1050,989
1284324,0,1076,983
1284325,0,1054,978
1284326,0,1066,976
1284327,0,1076,1005
1284328,0,1050,979
1284329,0,1060,974
1284330,0,1079,997
1284331,0,1071,973
1284332,0,1052,986
1284333,0,1052,997
1284334,0,1067,999
1284335,0,1071,1004
1284336,0,1049,1001
1284337,0,1085,981
1284338,0,1073,986
1284339,0,1075,992
1284340,0,1089,976
1284341,0,1062,1018
1284342,0,1067,996
1284343,0,1062,1002
1284344,0,1068,1000
1284345,0,1063,1012
1284346,0,1063,1020
1284347,0,1058,1002
1284348,0,1059,1000
1284349,0,1045,1003
1284350,0,1048,1010
1284351,0,1069,999
1284352,0,1048,999
1284353,0,1056,1019
1284354,0,1062,1002
1284355,0,1049,998
1284356,0,1054,1004
1284357,0,1064,1015
1284358,0,1077,1021
1284359,0,1058,1015
1284360,0,1047,992
1284361,0,1055,1005
1284362,0,1042,1007
1284363,0,1047,1008
1284364,0,1069,1010
1284365,0,1055,999
1284366,0,1049,1009
1284367,0,1067,1002
1284368,0,1055,1010
1284369,0,1066,1006
1284370,0,1049,1022
1284371,0,1060,998
1284372,0,1048,1010
1284373,0,1028,1010
1284374,0,1045,1007
1284375,0,1046,1022
1284376,0,1032,1006
1284377,0,1029,1004
1284378,0,1053,999
1284379,0,1050,1010
1284380,0,1048,1018
1284381,0,1026,1005
1284382,0,1039,1000
1284383,0,1045,1012
1284384,0,1029,1002
1284385,0,1035,1009
1284386,0,1029,1026
1284387,0,1028,1015
1284388,0,1043,1006
1284389,0,1032,1007
1284390,0,1028,1011
1284391,0,1032,1009
1284392,0,1054,999
1284393,0,1033,1011
1284394,0,1014,1012
1284395,0,1034,1002
1284396,0,1029,1016
1284397,0,1033,1019
1284398,0,1028,1013
1284399,0,1030,996
1284400,0,1022,1011
1284401,0,1032,990
1284402,0,1020,1006
1284403,0,1031,998
1284404,0,1017,992
1284405,0,1031,999
1284406,0,1016,995
1284407,0,1031,1023
1284408,0,1023,1013
1284409,0,1012,987
1284410,0,1019,992
1284411,0,1021,1007
1284412,0,1027,986
1284413,0,1028,990
1284414,0,1015,1001
1284415,0,1025,1006
1284416,0,1022,983
1284417,0,1009,1009
1284418,0,1021,983
1284419,0,1038,975
1284420,0,1017,996
1284421,0,1028,985
1284422,0,1017,1007
1284423,0,1016,978
1284424,0,1029,993
1284425,0,1017,984
1284426,0,1029,998
1284427,0,1013,1000
1284428,0,1014,990
1284429,0,1008,973
1284430,0,1031,983
1284431,0,1003,982
1284432,0,1031,988
1284433,0,1026,978
1284434,0,1032,983
1284435,0,1027,983
1284436,0,1002,981
1284437,0,1025,979
1284438,0,1029,990
1284439,0,1015,972
1284440,0,1018,989
1284441,0,1011,987
1284442,0,1012,985
1284443,0,1021,993
1284444,0,1027,979
1284445,0,1028,997
1284446,0,1018,986
1284447,0,1024,978
1284448,0,1024,975
1284449,0,1044,971
1284450,0,1027,978
1284451,0,1034,981
1284452,0,1025,989
1284453,0,1027,991
1284454,0,1031,973
1284455,0,1047,968
1284456,0,1019,982
1284457,0,1038,974
1284458,0,1036,990
1284459,0,1022,991
1284460,0,1038,985
1284461,0,1025,994
1284462,0,1020,983
1284463,0,1027,990
1284464,0,1054,972
1284465,0,1036,993
1284466,0,1027,995
1284467,0,1038,966
1284468,0,1030,982
1284469,0,1027,999
1284470,0,1028,1007
1284471,0,1031,1006
1284472,0,1039,1005
1284473,0,1034,1005
1284474,0,1046,998
1284475,0,1045,1011
1284476,0,1045,997
1284477,0,1036,1003
1284478,0,1035,1003
1284479,0,1027,1000
1284480,0,1046,990
1284481,0,1028,1007
1284482,0,1036,992
1284483,0,1040,1001
1284484,0,1041,1002
1284485,0,1045,1008
1284486,0,1033,1005
1284487,0,1061,1011
1284488,0,1039,1027
1284489,0,1057,1026
1284490,0,1051,1001
1284491,0,1059,1001
1284492,0,1034,1008
1284493,0,1041,1013
1284494,0,1029,1011
1284495,0,1055,1015
1284496,0,1077,1010
1284497,0,1055,1014
1284498,0,1040,1019
1284499,0,1061,1007
1284500,0,1059,1005
1284501,0,1051,1014
1284502,0,1066,1012
1284503,0,1055,1016
1284504,0,1061,1011
1284505,0,1062,1025
1284506,0,1051,1023
1284507,0,1052,1018
1284508,0,1040,1007
1284509,0,1064,1017
1284510,0,1050,1023
1284511,0,1053,1028
1284512,0,1045,1008
1284513,0,1052,1017
1284514,0,1042,1027
1284515,0,1051,1020
1284516,0,1045,1030
1284517,0,1050,1009
1284518,0,1036,1033
1284519,0,1024,1022
1284520,0,1033,1027
1284521,0,1047,1013
1284522,0,1057,1030
1284523,0,1034,1014
1284524,0,1041,1034
1284525,0,1035,1010
1284526,0,1031,1023
1284527,0,1014,1027
1284528,0,1039,1019
1284529,0,1032,1020
1284530,0,1035,1025
1284531,0,1029,1031
1284532,0,1029,1023
1284533,0,1022,1036
1284534,0,1015,1005
1284535,0,1028,1028
1284536,0,1030,1023
1284537,0,1006,1010
1284538,0,1019,1016
1284539,0,1015,1024
1284540,0,1034,1017
1284541,0,1027,1045
1284542,0,1032,1010
1284543,0,1031,1028
1284544,0,1022,1023
1284545,0,1025,1023
1284546,0,1035,1018
1284547,0,1020,1026
1284548,0,1032,1027
1284549,0,1027,1018
1284550,0,1039,1015
1284551,0,1031,1023
1284552,0,1016,1002
1284553,0,1021,1018
1284554,0,1020,1017
1284555,0,1011,1033
1284556,0,1010,1011
1284557,0,1035,1004
1284558,0,1030,1027
1284559,0,1057,1010
1284560,0,1037,1018
1284561,0,1025,995
1284562,0,1031,1011
1284563,0,1032,1010
1284564,0,1025,1016
1284565,0,1016,991
1284566,0,1020,1011
1284567,0,1039,1015
1284568,0,1024,1010
1284569,0,1049,1019
1284570,0,1046,1020
1284571,0,1037,1011
1284572,0,1039,1010
1284573,0,1039,1007
1284574,0,1045,1000
1284575,0,1042,1023
1284576,0,1019,1016
1284577,0,1022,1000
1284578,0,1022,1007
1284579,0,1025,1004
1284580,0,1036,998
1284581,0,1017,1011
1284582,0,1019,1005
1284583,0,1034,996
1284584,0,1050,1026
1284585,0,1033,1015
1284586,0,1035,1021
1284587,0,1035,1006
1284588,0,1024,1009
1284589,0,1047,995
1284590,0,1038,1005
1284591,0,1042,1011
1284592,0,1029,994
1284593,0,1027,994
1284594,0,1021,1015
1284595,0,1039,1043
1284596,0,1025,1043
1284597,0,1036,1066
1284598,0,1027,1135
1284599,0,1038,1154
1284600,0,1047,1208
1284601,0,1027,1273
1284602,0,1031,1307
1284603,0,1020,1304
1284604,0,1030,1312
1284605,0,1032,1336
1284606,0,1045,1337
1284607,0,1027,1339
1284608,0,1036,1307
1284609,0,1024,1299
1284610,0,1034,1293
1284611,0,1032,1257
1284612,0,1039,1264
1284613,0,1034,1245
1284614,0,1062,1249
1284615,0,1037,1218
1284616,0,1034,1227
1284617,0,1004,1196
1284618,0,1028,1206
1284619,0,1049,1185
1284620,0,1081,1185
1284621,0,1103,1191
1284622,0,1139,1175
1284623,0,1223,1167
1284624,0,1269,1152
1284625,0,1293,1135
1284626,0,1341,1136
1284627,0,1347,1135
1284628,0,1360,1139
1284629,0,1362,1127
1284630,0,1347,1109
1284631,0,1355,1100
1284632,0,1357,1103
1284633,0,1347,1095
1284634,0,1320,1098
1284635,0,1285,1097
1284636,0,1311,1086
1284637,0,1281,1071
1284638,0,1261,1067
1284639,0,1271,1060
1284640,0,1263,1056
1284641,0,1247,1067
1284642,0,1271,1044
1284643,0,1253,1043
1284644,0,1231,1048
1284645,0,1228,1038
1284646,0,1237,1054
1284647,0,1188,1041
1284648,0,1189,1055
1284649,0,1191,1053
1284650,0,1184,1045
1284651,0,1198,1031
1284652,0,1148,1024
1284653,0,1173,1033
1284654,0,1163,1029
1284655,0,1175,1027
1284656,0,1181,1039
1284657,0,1161,1015
1284658,0,1130,1008
1284659,0,1161,1021
1284660,0,1141,1031
1284661,0,1124,1005
1284662,0,1127,1013
1284663,0,1138,992
1284664,0,1121,1019
1284665,0,1127,1001
1284666,0,1131,1000
1284667,0,1112,1006
1284668,0,1107,1006
1284669,0,1100,1016
1284670,0,1097,1018
1284671,0,1120,1019
1284672,0,1090,1005
1284673,0,1090,992
1284674,0,1087,1000
1284675,0,1097,986
1284676,0,1094,998
1284677,0,1093,1017
1284678,0,1103,1019
1284679,0,1098,1009
1284680,0,1092,992
1284681,0,1085,1007
1284682,0,1094,1003
1284683,0,1093,995
1284684,0,1084,1001
1284685,0,1099,998
1284686,0,1067,995
1284687,0,1081,980
1284688,0,1081,978
1284689,0,1075,976
1284690,0,1074,999
1284691,0,1084,996
1284692,0,1095,985
1284693,0,1081,994
1284694,0,1073,985
1284695,0,1069,995
1284696,0,1066,983
1284697,0,1069,985
1284698,0,1067,1001
1284699,0,1063,1003
1284700,0,1060,976
1284701,0,1071,972
1284702,0,1064,999
1284703,0,1066,1003
1284704,0,1083,972
1284705,0,1054,989
1284706,0,1087,994
1284707,0,1087,986
1284708,0,1075,985
1284709,0,1068,983
1284710,0,1079,979
1284711,0,1069,997
1284712,0,1064,982
1284713,0,1055,992
1284714,0,1067,1010
1284715,0,1065,983
1284716,0,1078,991
1284717,0,1083,982
1284718,0,1056,1007
1284719,0,1061,990
1284720,0,1066,981
1284721,0,1074,989
1284722,0,1059,982
1284723,0,1056,1001
1284724,0,1064,992
1284725,0,1052,1011
1284726,0,1052,995
1284727,0,1065,990
1284728,0,1063,979
1284729,0,1067,1012
1284730,0,1063,997
1284731,0,1051,997
1284732,0,1053,999
1284733,0,1057,993
1284734,0,1074,994
1284735,0,1057,1007
1284736,0,1053,1005
1284737,0,1053,999
1284738,0,1075,985
1284739,0,1054,997
1284740,0,1053,997
1284741,0,1067,986
1284742,0,1044,1003
1284743,0,1041,1009
1284744,0,1041,995
1284745,0,1066,1013
1284746,0,1075,981
1284747,0,1051,995
1284748,0,1073,1008
1284749,0,1062,979
1284750,0,1065,983
1284751,0,1055,996
1284752,0,1046,995
1284753,0,1068,1000
1284754,0,1035,999
1284755,0,1075,991
1284756,0,1055,989
1284757,0,1052,1009
1284758,0,1047,1000
1284759,0,1064,983
1284760,0,1050,1003
1284761,0,1051,1006
1284762,0,1059,1000
1284763,0,1051,1004
1284764,0,1051,989
1284765,0,1065,995
1284766,0,1061,1003
1284767,0,1045,995
1284768,0,1049,1001
1284769,0,1055,996
1284770,0,1059,996
1284771,0,1050,996
1284772,0,1056,999
1284773,0,1067,1007
1284774,0,1042,1005
1284775,0,1043,1005
1284776,0,1068,988
1284777,0,1062,1016
1284778,0,1055,988
1284779,0,1053,1005
1284780,0,1052,1003
1284781,0,1069,992
1284782,0,1048,1004
1284783,0,1041,1005
1284784,0,1040,1001
1284785,0,1041,1012
1284786,0,1040,1002
1284787,0,1060,1019
1284788,0,1047,1004
1284789,0,1064,1001
1284790,0,1046,1000
1284791,0,1055,997
1284792,0,1036,1002
1284793,0,1048,1019
1284794,0,1042,1012
1284795,0,1049,999
1284796,0,1037,1004
1284797,0,1050,1006
1284798,0,1050,1005
1284799,0,1035,1003
1284800,0,1057,1017
1284801,0,1033,995
1284802,0,1041,1015
1284803,0,1063,1012
1284804,0,1057,1009
1284805,0,1051,1012
1284806,0,1043,1017
1284807,0,1061,1013
1284808,0,1038,1000
1284809,0,1056,1010
1284810,0,1031,992
1284811,0,1043,1023
1284812,0,1041,1022
1284813,0,1043,1006
1284814,0,1054,1006
1284815,0,1029,1029
1284816,0,1046,1026
1284817,0,1033,1000
1284818,0,1034,1013
1284819,0,1024,1009
1284820,0,1036,995
1284821,0,1042,991
1284822,0,1032,1011
1284823,0,1047,1005
1284824,0,1043,1007
1284825,0,1040,1001
1284826,0,1024,1012
1284827,0,1034,995
1284828,0,1038,1005
1284829,0,1033,1007
1284830,0,1032,1009
1284831,0,1033,1007
1284832,0,1037,1002
1284833,0,1059,1003
1284834,0,1024,1004
1284835,0,1042,1000
1284836,0,1029,1001
1284837,0,1033,995
1284838,0,1021,998
1284839,0,1035,992
1284840,0,1023,986
1284841,0,1027,1003
1284842,0,1041,1016
1284843,0,1034,1002
1284844,0,1039,1007
1284845,0,1034,1015
1284846,0,1041,1033
1284847,0,1023,1023
1284848,0,1024,1005
1284849,0,1023,1003
1284850,0,1035,1007
1284851,0,1049,1017
1284852,0,1027,1002
1284853,0,1026,1007
1284854,0,1028,994
1284855,0,1025,988
1284856,0,1037,986
1284857,0,1028,1004
1284858,0,1026,1005
1284859,0,1044,995
1284860,0,1055,994
1284861,0,1032,983
1284862,0,1021,1006
1284863,0,1035,999
1284864,0,1029,977
1284865,0,1028,997
1284866,0,1027,1009
1284867,0,1028,999
1284868,0,1030,1009
1284869,0,1023,992
1284870,0,1022,1018
1284871,0,1027,1026
1284872,0,1014,1016
1284873,0,1026,1026
1284874,0,1028,1006
1284875,0,1043,1001
1284876,0,1019,1011
1284877,0,1027,1001
1284878,0,1032,1015
1284879,0,1024,1015
1284880,0,1030,1010
1284881,0,1016,1008
1284882,0,1037,996
1284883,0,1022,1011
1284884,0,1027,991
1284885,0,1020,998
1284886,0,1029,1026
1284887,0,1016,1014
1284888,0,1035,1011
1284889,0,1031,1022
1284890,0,1035,1018
1284891,0,1025,1009
1284892,0,1027,1012
1284893,0,1021,1012
1284894,0,1021,1010
1284895,0,1042,1001
1284896,0,1030,1011
1284897,0,1031,995
1284898,0,1015,1007
1284899,0,1016,993
1284900,0,1052,1016
1284901,0,1039,996
1284902,0,1043,1004
1284903,0,1029,993
1284904,0,1044,986
1284905,0,1039,1007
1284906,0,1032,997
1284907,0,1044,992
1284908,0,1036,987
1284909,0,1037,1008
1284910,0,1048,996
1284911,0,1010,1001
1284912,0,1025,993
1284913,0,1038,1023
1284914,0,1053,1019
1284915,0,1051,1011
1284916,0,1016,1008
1284917,0,1041,1007
1284918,0,1031,991
1284919,0,1023,995
1284920,0,1039,1002
1284921,0,1038,1008
1284922,0,1033,1002
1284923,0,1030,1003
1284924,0,1030,999
1284925,0,1034,1011
1284926,0,1026,1011
1284927,0,1036,1014
1284928,0,1037,1003
1284929,0,1039,996
1284930,0,1026,1017
1284931,0,1032,1016
1284932,0,1023,995
1284933,0,1009,1005
1284934,0,1033,985
1284935,0,1035,1003
1284936,0,1033,1009
1284937,0,1018,997
1284938,0,1014,1001
1284939,0,1032,1001
1284940,0,1025,1016
1284941,0,1035,1031
1284942,0,1027,1009
1284943,0,1039,1007
1284944,0,1038,1011
1284945,0,1012,1015
1284946,0,1019,1014
1284947,0,1023,1015
1284948,0,1032,1027
1284949,0,1043,1025
1284950,0,1024,1001
1284951,0,1036,1015
1284952,0,1034,1007
1284953,0,1032,1003
1284954,0,1026,1023
1284955,0,1035,1010
1284956,0,1024,1007
1284957,0,1037,1009
1284958,0,1015,996
1284959,0,1021,1000
1284960,0,1035,1034
1284961,0,1033,1006
1284962,0,1035,1025
1284963,0,1031,1008
1284964,0,1039,1005
1284965,0,1057,991
1284966,0,1050,1012
1284967,0,1035,1003
1284968,0,1049,1005
1284969,0,1029,1008
1284970,0,1030,1027
1284971,0,1048,1010
1284972,0,1035,1025
1284973,0,1029,994
1284974,0,1024,999
1284975,0,1044,1009
1284976,0,1051,1028
1284977,0,1047,1021
1284978,0,1049,1003
1284979,0,1045,1015
1284980,0,1039,1009
1284981,0,1047,1012
1284982,0,1029,1006
1284983,0,1007,999
1284984,0,1040,1012
1284985,0,1045,1027
1284986,0,1039,1031
1284987,0,1042,1037
1284988,0,1035,1011
1284989,0,1052,1020
1284990,0,1049,1012
1284991,0,1051,993
1284992,0,1036,993
1284993,0,1039,1014
1284994,0,1024,1015
1284995,0,1034,1030
1284996,0,1058,1022
1284997,0,1034,1050
1284998,0,1049,1097
1284999,0,1054,1163
1285000,0,1029,1199
1285001,0,1051,1255
1285002,0,1041,1278
1285003,0,1039,1300
1285004,0,1036,1324
1285005,0,1044,1346
1285006,0,1047,1354
1285007,0,1039,1328
1285008,0,1071,1343
1285009,0,1032,1320
1285010,0,1058,1322
1285011,0,1043,1296
1285012,0,1045,1301
1285013,0,1047,1256
1285014,0,1047,1256
1285015,0,1037,1271
1285016,0,1034,1246
1285017,0,1044,1253
1285018,0,1049,1230
1285019,0,1067,1216
1285020,0,1059,1208
1285021,0,1104,1197
1285022,0,1127,1214
1285023,0,1211,1195
1285024,0,1263,1192
1285025,0,1303,1184
1285026,0,1363,1168
1285027,0,1383,1152
1285028,0,1376,1156
1285029,0,1383,1154
1285030,0,1407,1149
1285031,0,1353,1165
1285032,0,1346,1142
1285033,0,1340,1137
1285034,0,1328,1105
1285035,0,1327,1139
1285036,0,1288,1129
1285037,0,1307,1123
1285038,0,1285,1106
1285039,0,1295,1094
1285040,0,1291,1125
1285041,0,1255,1116
1285042,0,1250,1103
1285043,0,1235,1105
1285044,0,1211,1085
1285045,0,1201,1073
1285046,0,1229,1098
1285047,0,1227,1090
1285048,0,1191,1089
1285049,0,1184,1087
1285050,0,1188,1093
1285051,0,1152,1071
1285052,0,1183,1101
1285053,0,1160,1083
1285054,0,1171,1071
1285055,0,1151,1087
1285056,0,1144,1058
1285057,0,1140,1068
1285058,0,1153,1092
1285059,0,1127,1071
1285060,0,1129,1073
1285061,0,1108,1059
1285062,0,1133,1043
1285063,0,1134,1067
1285064,0,1113,1045
1285065,0,1115,1048
1285066,0,1126,1048
1285067,0,1104,1061
1285068,0,1098,1069
1285069,0,1111,1048
1285070,0,1115,1040
1285071,0,1065,1058
1285072,0,1097,1054
1285073,0,1094,1050
1285074,0,1078,1052
1285075,0,1076,1040
1285076,0,1079,1041
1285077,0,1076,1048
1285078,0,1091,1051
1285079,0,1091,1055
1285080,0,1085,1061
1285081,0,1066,1049
1285082,0,1077,1039
1285083,0,1068,1055
1285084,0,1054,1041
1285085,0,1091,1053
1285086,0,1041,1028
1285087,0,1043,1032
1285088,0,1044,1038
1285089,0,1048,1049
1285090,0,1058,1049
1285091,0,1059,1059
1285092,0,1048,1042
1285093,0,1061,1024
1285094,0,1065,1027
1285095,0,1037,1043
1285096,0,1050,1033
1285097,0,1052,1047
1285098,0,1062,1014
1285099,0,1032,1044
1285100,0,1043,1032
1285101,0,1040,1039
1285102,0,1037,1024
1285103,0,1062,1035
1285104,0,1043,1043
1285105,0,1039,1051
1285106,0,1044,1063
1285107,0,1039,1054
1285108,0,1052,1044
1285109,0,1039,1043
1285110,0,1037,1021
1285111,0,1045,1023
1285112,0,1029,1039
1285113,0,1024,1033
1285114,0,1008,1040
1285115,0,1025,1024
1285116,0,1026,1032
1285117,0,1031,1018
1285118,0,1035,1037
1285119,0,1038,1034
1285120,0,1028,1038
1285121,0,1040,1023
1285122,0,1026,1039
1285123,0,1028,1037
1285124,0,1023,1031
1285125,0,1030,1031
1285126,0,1016,1026
1285127,0,1030,1026
1285128,0,1040,1027
1285129,0,1027,1043
1285130,0,1023,1022
1285131,0,1035,1023
1285132,0,1031,1037
1285133,0,1037,1026
1285134,0,1018,1016
1285135,0,1027,1026
1285136,0,1015,1037
1285137,0,1031,1018
1285138,0,1012,1011
1285139,0,1033,1018
1285140,0,1022,1030
1285141,0,1012,1039
1285142,0,1020,1029
1285143,0,1015,1029
1285144,0,1011,1013
1285145,0,1015,1015
1285146,0,1026,1018
1285147,0,1021,1008
1285148,0,1017,1018
1285149,0,1007,1037
1285150,0,1027,1022
1285151,0,1028,1015
1285152,0,1018,1022
1285153,0,1012,1025
1285154,0,1027,1039
1285155,0,1021,1034
1285156,0,1020,1037
1285157,0,1033,1025
1285158,0,1016,1018
1285159,0,1020,1007
1285160,0,1025,1024
1285161,0,1020,1018
1285162,0,1022,1033
1285163,0,1023,1023
1285164,0,1029,1011
1285165,0,1009,1021
1285166,0,1023,1018
1285167,0,1017,1026
1285168,0,1030,1017
1285169,0,1020,1012
1285170,0,1024,1010
1285171,0,1021,1029
1285172,0,1026,1017
1285173,0,1013,1005
1285174,0,1013,1019
1285175,0,1036,992
1285176,0,1025,1016
1285177,0,1031,1020
1285178,0,1035,1019
1285179,0,1034,1003
1285180,0,1009,999
1285181,0,1018,1016
1285182,0,1013,1017
1285183,0,1035,1007
1285184,0,1019,1008
1285185,0,1012,1006
1285186,0,1021,1011
1285187,0,1022,995
1285188,0,1014,1031
1285189,0,1024,1013
1285190,0,1043,992
1285191,0,1028,999
1285192,0,1010,1025
1285193,0,1004,1028
1285194,0,1012,1017
1285195,0,1019,1007
1285196,0,1021,1017
1285197,0,1015,1015
1285198,0,1045,1004
1285199,0,1004,1023
1285200,0,1026,1013
1285201,0,1013,1021
1285202,0,1015,1021
1285203,0,1019,1002
1285204,0,1043,1012
1285205,0,1007,1020
1285206,0,1026,986
1285207,0,1042,1004
1285208,0,1015,1018
1285209,0,1027,998
1285210,0,1030,1010
1285211,0,1031,1019
1285212,0,1028,1018
1285213,0,1019,1016
1285214,0,1025,1016
1285215,0,1011,992
1285216,0,1013,1014
1285217,0,1017,1008
1285218,0,1006,1004
1285219,0,1005,1010
1285220,0,1015,1033
1285221,0,1028,1015
1285222,0,1025,1003
1285223,0,1034,1004
1285224,0,1033,1007
1285225,0,1033,1001
1285226,0,1040,999
1285227,0,1027,1001
1285228,0,1025,987
1285229,0,1025,1013
1285230,0,1008,993
1285231,0,1020,1009
1285232,0,1016,1015
1285233,0,1016,995
1285234,0,1025,1019
1285235,0,1007,1011
1285236,0,1016,992
1285237,0,1029,997
1285238,0,1012,996
1285239,0,1016,996
1285240,0,1019,1005
1285241,0,1003,1007
1285242,0,1035,1021
1285243,0,1012,1011
1285244,0,1020,1009
1285245,0,1013,999
1285246,0,1019,1019
1285247,0,1030,1017
1285248,0,1022,994
1285249,0,1013,1013
1285250,0,999,1021
1285251,0,1036,1002
1285252,0,1007,1001
1285253,0,1000,1009
1285254,0,1001,1004
1285255,0,1003,1025
1285256,0,1023,1011
1285257,0,1014,1007
1285258,0,1018,1016
1285259,0,1027,993
1285260,0,1014,995
1285261,0,1029,1006
1285262,0,1021,1001
1285263,0,1003,1000
1285264,0,1011,1020
1285265,0,1010,1002
1285266,0,1008,1019
1285267,0,992,1014
1285268,0,1021,1011
1285269,0,1011,1004
1285270,0,1025,1017
1285271,0,1021,1002
1285272,0,1015,998
1285273,0,1015,1010
1285274,0,1009,990
1285275,0,1007,1015
1285276,0,1032,1011
1285277,0,1015,1019
1285278,0,1019,1000
1285279,0,1011,1008
1285280,0,1025,1020
1285281,0,1023,1022
1285282,0,1020,1005
1285283,0,1021,1021
1285284,0,1021,1015
1285285,0,1027,1010
1285286,0,1008,1013
1285287,0,1034,1015
1285288,0,1016,1018
1285289,0,1026,1009
1285290,0,1013,1008
1285291,0,1014,1000
1285292,0,1021,1003
1285293,0,1020,1015
1285294,0,1015,1003
1285295,0,1039,994
1285296,0,1033,1008
1285297,0,1009,985
1285298,0,1039,1009
1285299,0,1025,1011
1285300,0,1035,977
1285301,0,1031,992
1285302,0,1017,1001
1285303,0,1037,994
1285304,0,1023,998
1285305,0,1023,1002
1285306,0,1015,1013
1285307,0,1021,1000
1285308,0,1019,997
1285309,0,1018,998
1285310,0,1019,1007
1285311,0,1029,1017
1285312,0,1029,1003
1285313,0,1023,996
1285314,0,1041,999
1285315,0,1035,1009
1285316,0,1032,996
1285317,0,1020,996
1285318,0,1026,1018
1285319,0,1020,999
1285320,0,1031,1007
1285321,0,1023,989
1285322,0,1023,998
1285323,0,1010,1012
1285324,0,1029,999
1285325,0,1027,1013
1285326,0,1009,1002
1285327,0,1017,1007
1285328,0,1010,1008
1285329,0,1018,988
1285330,0,1035,1003
1285331,0,1026,987
1285332,0,992,1010
1285333,0,1020,1005
1285334,0,1013,997
1285335,0,1020,1014
1285336,0,1018,1009
1285337,0,1018,999
1285338,0,1027,1015
1285339,0,1031,991
1285340,0,1000,991
1285341,0,1021,988
1285342,0,1041,987
1285343,0,1013,995
1285344,0,1021,994
1285345,0,1024,999
1285346,0,1014,985
1285347,0,1012,1011
1285348,0,1018,1005
1285349,0,1015,997
1285350,0,1035,1021
1285351,0,1041,986
1285352,0,1009,986
1285353,0,1042,989
1285354,0,1014,1002
1285355,0,1031,998
1285356,0,1031,983
1285357,0,1030,1006
1285358,0,1038,985
1285359,0,1023,980
1285360,0,1031,979
1285361,0,1007,989
1285362,0,1016,992
1285363,0,1031,982
1285364,0,1013,978
1285365,0,1020,989
1285366,0,1025,1001
1285367,0,1024,1001
1285368,0,1029,991
1285369,0,1030,998
1285370,0,1031,995
1285371,0,1022,984
1285372,0,1035,992
1285373,0,1029,984
1285374,0,1024,993
1285375,0,1037,1012
1285376,0,1025,991
1285377,0,1015,974
1285378,0,1011,1007
1285379,0,1027,1002
1285380,0,1030,998
1285381,0,1027,1015
1285382,0,1022,1002
1285383,0,1049,983
1285384,0,1020,1004
1285385,0,1019,994
1285386,0,1008,993
1285387,0,1022,1007
1285388,0,1024,1003
1285389,0,1031,1010
1285390,0,1014,987
1285391,0,1024,1011
1285392,0,1033,1039
1285393,0,1013,1093
1285394,0,1017,1119
1285395,0,1020,1173
1285396,0,1016,1243
1285397,0,1018,1272
1285398,0,1020,1280
1285399,0,1043,1323
1285400,0,1027,1312
1285401,0,1023,1311
1285402,0,1038,1331
1285403,0,1027,1319
1285404,0,1021,1309
1285405,0,1035,1262
1285406,0,1043,1264
1285407,0,1011,1256
1285408,0,1027,1236
1285409,0,1026,1254
1285410,0,1039,1225
1285411,0,1038,1227
1285412,0,1029,1204
1285413,0,1024,1197
1285414,0,1045,1181
1285415,0,1051,1179
1285416,0,1093,1174
1285417,0,1147,1175
1285418,0,1194,1162
1285419,0,1271,1152
1285420,0,1309,1129
1285421,0,1337,1121
1285422,0,1359,1104
1285423,0,1356,1131
1285424,0,1368,1096
1285425,0,1344,1119
1285426,0,1359,1119
1285427,0,1328,1088
1285428,0,1343,1102
1285429,0,1306,1095
1285430,0,1317,1081
1285431,0,1267,1072
1285432,0,1270,1090
1285433,0,1279,1093
1285434,0,1275,1094
1285435,0,1263,1082
1285436,0,1259,1072
1285437,0,1224,1077
1285438,0,1208,1071
1285439,0,1211,1061
1285440,0,1210,1048
1285441,0,1218,1030
1285442,0,1187,1053
1285443,0,1191,1039
1285444,0,1179,1039
1285445,0,1179,1032
1285446,0,1179,1047
1285447,0,1191,1043
1285448,0,1133,1039
1285449,0,1173,1038
1285450,0,1136,1032
1285451,0,1120,1012
1285452,0,1128,1028
1285453,0,1137,1042
1285454,0,1119,1020
1285455,0,1127,1021
1285456,0,1122,1031
1285457,0,1121,1018
1285458,0,1110,1010
1285459,0,1111,1023
1285460,0,1106,1039
1285461,0,1097,1023
1285462,0,1111,1003
1285463,0,1101,1015
1285464,0,1083,1013
1285465,0,1078,1005
1285466,0,1096,1008
1285467,0,1090,1006
1285468,0,1091,1021
1285469,0,1088,1005
1285470,0,1071,1005
1285471,0,1087,1018
1285472,0,1074,999
1285473,0,1073,1009
1285474,0,1073,1017
1285475,0,1069,1001
1285476,0,1083,1006
1285477,0,1081,1015
1285478,0,1068,1010
1285479,0,1049,1002
1285480,0,1056,1007
1285481,0,1048,999
1285482,0,1039,984
1285483,0,1055,992
1285484,0,1049,999
1285485,0,1063,1017
1285486,0,1055,1024
1285487,0,1051,1001
1285488,0,1057,975
1285489,0,1048,995
1285490,0,1059,1009
1285491,0,1049,988
1285492,0,1043,999
1285493,0,1050,1004
1285494,0,1065,999
1285495,0,1055,1003
1285496,0,1062,995
1285497,0,1035,975
1285498,0,1052,976
1285499,0,1037,982
1285500,0,1043,1011
1285501,0,1035,986
1285502,0,1035,998
1285503,0,1035,1007
1285504,0,1045,993
1285505,0,1047,976
1285506,0,1049,989
1285507,0,1026,987
1285508,0,1029,979
1285509,0,1055,995
1285510,0,1045,992
1285511,0,1033,1005
1285512,0,1042,981
1285513,0,1028,981
1285514,0,1035,991
1285515,0,1037,1001
1285516,0,1034,1002
1285517,0,1045,991
1285518,0,1041,999
1285519,0,1039,970
1285520,0,1049,990
1285521,0,1057,983
1285522,0,1038,979
1285523,0,1046,994
1285524,0,1035,992
1285525,0,1033,981
1285526,0,1035,988
1285527,0,1034,985
1285528,0,1036,987
1285529,0,1050,983
1285530,0,1038,977
1285531,0,1029,990
1285532,0,1039,985
1285533,0,1039,975
1285534,0,1029,988
1285535,0,1040,993
1285536,0,1025,980
1285537,0,1025,988
1285538,0,1035,969
1285539,0,1039,968
1285540,0,1035,985
1285541,0,1037,984
1285542,0,1025,987
1285543,0,1024,983
1285544,0,1047,991
1285545,0,1041,975
1285546,0,1039,977
1285547,0,1035,980
1285548,0,1029,976
1285549,0,1043,987
1285550,0,1038,1010
1285551,0,1041,972
1285552,0,1022,995
1285553,0,1014,976
1285554,0,1020,985
1285555,0,1028,989
1285556,0,1027,967
1285557,0,1033,984
1285558,0,1029,973
1285559,0,1022,983
1285560,0,1035,983
1285561,0,1035,972
1285562,0,1039,982
1285563,0,1027,977
1285564,0,1024,996
1285565,0,1031,967
1285566,0,1035,995
1285567,0,1033,966
1285568,0,1022,981
1285569,0,1025,988
1285570,0,1034,985
1285571,0,1026,983
1285572,0,1035,995
1285573,0,1030,977
1285574,0,1036,993
1285575,0,1037,996
1285576,0,1027,983
1285577,0,1029,987
1285578,0,1027,987
1285579,0,1024,980
1285580,0,1025,977
1285581,0,1027,998
1285582,0,1020,989
1285583,0,1041,991
1285584,0,1029,999
1285585,0,1036,981
1285586,0,1034,968
1285587,0,1035,987
1285588,0,1034,987
1285589,0,1037,987
1285590,0,1030,983
1285591,0,1037,973
1285592,0,1030,993
1285593,0,1046,985
1285594,0,1026,973
1285595,0,1025,975
1285596,0,1027,985
1285597,0,1004,988
1285598,0,1038,967
1285599,0,1031,991
1285600,0,1036,997
1285601,0,1031,957
1285602,0,1034,979
1285603,0,1051,976
1285604,0,1009,972
1285605,0,1024,989
1285606,0,1028,996
1285607,0,1031,967
1285608,0,1031,995
1285609,0,1030,986
1285610,0,1038,977
1285611,0,1030,993
1285612,0,1025,986
1285613,0,1036,991
1285614,0,1043,987
1285615,0,1038,957
1285616,0,1025,984
1285617,0,1036,987
1285618,0,1033,989
1285619,0,1053,984
1285620,0,1019,984
1285621,0,1038,989
1285622,0,1039,991
1285623,0,1031,977
1285624,0,1034,962
1285625,0,1034,989
1285626,0,1046,978
1285627,0,1037,984
1285628,0,1027,978
1285629,0,1034,972
1285630,0,1029,981
1285631,0,1036,980
1285632,0,1019,981
1285633,0,1036,986
1285634,0,1046,983
1285635,0,1028,970
1285636,0,1039,982
1285637,0,1025,978
1285638,0,1034,978
1285639,0,1029,982
1285640,0,1052,961
1285641,0,1021,975
1285642,0,1029,982
1285643,0,1020,980
1285644,0,1024,994
1285645,0,1024,996
1285646,0,1020,971
1285647,0,1027,1009
1285648,0,1015,990
1285649,0,1021,980
1285650,0,1022,987
1285651,0,1031,963
1285652,0,1027,979
1285653,0,1035,980
1285654,0,1026,984
1285655,0,1023,992
1285656,0,1024,989
1285657,0,1031,987
1285658,0,1039,987
1285659,0,1025,987
1285660,0,1030,977
1285661,0,1021,995
1285662,0,1041,983
1285663,0,1029,989
1285664,0,1027,984
1285665,0,1042,990
1285666,0,1016,1004
1285667,0,1031,999
1285668,0,1033,971
1285669,0,1036,987
1285670,0,1031,992
1285671,0,1030,998
1285672,0,1025,999
1285673,0,1049,980
1285674,0,1048,992
1285675,0,1046,992
1285676,0,1023,987
1285677,0,1015,995
1285678,0,1015,997
1285679,0,1026,990
1285680,0,1026,1028
1285681,0,1012,1006
1285682,0,1028,993
1285683,0,1041,1004
1285684,0,1029,1005
1285685,0,1023,988
1285686,0,1029,995
1285687,0,1032,1020
1285688,0,1037,1015
1285689,0,1025,1004
1285690,0,1037,1004
1285691,0,1030,992
1285692,0,1045,1009
1285693,0,1021,1004
1285694,0,1016,999
1285695,0,1036,986
1285696,0,1036,1012
1285697,0,1027,999
1285698,0,1044,982
1285699,0,1024,992
1285700,0,1034,989
1285701,0,1031,999
1285702,0,1039,1001
1285703,0,1023,986
1285704,0,1030,992
1285705,0,1058,983
1285706,0,1034,992
1285707,0,1042,976
1285708,0,1043,996
1285709,0,1033,1011
1285710,0,1024,993
1285711,0,1020,988
1285712,0,1032,990
1285713,0,1017,995
1285714,0,1020,986
1285715,0,1014,995
1285716,0,1010,987
1285717,0,1022,988
1285718,0,1027,986
1285719,0,1009,999
1285720,0,1009,987
1285721,0,1021,1005
1285722,0,1034,1003
1285723,0,1013,982
1285724,0,1023,994
1285725,0,1023,983
1285726,0,1028,994
1285727,0,1019,995
1285728,0,1008,996
1285729,0,1008,992
1285730,0,1002,993
1285731,0,1008,991
1285732,0,1009,992
1285733,0,1016,1002
1285734,0,1023,997
1285735,0,1034,979
1285736,0,1011,986
1285737,0,1019,991
1285738,0,1027,993
1285739,0,1025,979
1285740,0,1000,997
1285741,0,1018,979
1285742,0,1020,999
1285743,0,1017,991
1285744,0,1019,993
1285745,0,1023,1006
1285746,0,1018,984
1285747,0,1011,977
1285748,0,1015,998
1285749,0,999,975
1285750,0,1014,964
1285751,0,1022,976
1285752,0,1012,980
1285753,0,1008,997
1285754,0,1020,985
1285755,0,1013,992
1285756,0,1026,986
1285757,0,1021,997
1285758,0,1021,981
1285759,0,1028,989
1285760,0,1049,1012
1285761,0,1038,983
1285762,0,1019,979
1285763,0,1023,1017
1285764,0,1035,975
1285765,0,1008,999
1285766,0,1024,997
1285767,0,1039,1001
1285768,0,1009,1007
1285769,0,1021,997
1285770,0,1027,992
1285771,0,1038,987
1285772,0,1024,984
1285773,0,1031,1007
1285774,0,1033,1004
1285775,0,1018,996
1285776,0,1031,999
1285777,0,1023,1003
1285778,0,1046,995
1285779,0,1033,1007
1285780,0,1017,997
1285781,0,1030,1002
1285782,0,1027,995
1285783,0,1016,1004
1285784,0,1047,1002
1285785,0,1043,983
1285786,0,1011,1014
1285787,0,1022,1003
1285788,0,1026,1003
1285789,0,1025,1007
1285790,0,1034,1026
1285791,0,1018,1066
1285792,0,1026,1093
1285793,0,1030,1146
1285794,0,1035,1218
1285795,0,1023,1226
1285796,0,1016,1263
1285797,0,1028,1323
1285798,0,1038,1341
1285799,0,1047,1352
1285800,0,1031,1344
1285801,0,1031,1327
1285802,0,1031,1306
1285803,0,1023,1325
1285804,0,1022,1286
1285805,0,1010,1267
1285806,0,1047,1258
1285807,0,1033,1256
1285808,0,1031,1251
1285809,0,1045,1223
1285810,0,1028,1206
1285811,0,1034,1212
1285812,0,1043,1200
1285813,0,1035,1184
1285814,0,1087,1199
1285815,0,1111,1168
1285816,0,1179,1181
1285817,0,1211,1197
1285818,0,1255,1148
1285819,0,1304,1127
1285820,0,1343,1151
1285821,0,1349,1137
1285822,0,1374,1122
1285823,0,1358,1135
1285824,0,1364,1119
1285825,0,1365,1108
1285826,0,1343,1093
1285827,0,1312,1126
1285828,0,1315,1103
1285829,0,1280,1096
1285830,0,1287,1115
1285831,0,1274,1061
1285832,0,1251,1055
1285833,0,1263,1057
1285834,0,1240,1081
1285835,0,1255,1060
1285836,0,1232,1072
1285837,0,1227,1060
1285838,0,1229,1056
1285839,0,1215,1051
1285840,0,1197,1040
1285841,0,1204,1041
1285842,0,1165,1055
1285843,0,1167,1063
1285844,0,1167,1041
1285845,0,1187,1062
1285846,0,1173,1061
1285847,0,1140,1024
1285848,0,1163,1049
1285849,0,1132,1027
1285850,0,1142,1037
1285851,0,1155,1070
1285852,0,1131,1023
1285853,0,1112,1022
1285854,0,1127,1033
1285855,0,1107,1035
1285856,0,1123,1023
1285857,0,1116,1030
1285858,0,1119,1001
1285859,0,1096,1021
1285860,0,1088,1023
1285861,0,1096,1033
1285862,0,1118,1016
1285863,0,1097,1020
1285864,0,1088,1030
1285865,0,1084,1025
1285866,0,1099,1019
1285867,0,1096,1013
1285868,0,1091,1013
1285869,0,1068,1007
1285870,0,1068,1019
1285871,0,1064,1005
1285872,0,1089,1019
1285873,0,1062,1005
1285874,0,1075,1007
1285875,0,1073,1013
1285876,0,1086,1012
1285877,0,1055,1007
1285878,0,1046,1002
1285879,0,1048,1000
1285880,0,1071,1012
1285881,0,1042,1010
1285882,0,1056,1015
1285883,0,1048,1013
1285884,0,1051,1007
1285885,0,1059,1002
1285886,0,1063,993
1285887,0,1055,1019
1285888,0,1063,1023
1285889,0,1053,1017
1285890,0,1065,1006
1285891,0,1041,1003
1285892,0,1044,999
1285893,0,1056,992
1285894,0,1034,997
1285895,0,1043,1003
1285896,0,1050,998
1285897,0,1065,992
1285898,0,1047,989
1285899,0,1061,1015
1285900,0,1050,1028
1285901,0,1053,1002
1285902,0,1049,979
1285903,0,1053,1007
1285904,0,1045,1003
1285905,0,1048,998
1285906,0,1048,1003
1285907,0,1047,991
1285908,0,1032,997
1285909,0,1055,1002
1285910,0,1055,990
1285911,0,1053,994
1285912,0,1048,992
1285913,0,1046,1001
1285914,0,1024,993
1285915,0,1051,997
1285916,0,1045,996
1285917,0,1045,1004
1285918,0,1040,985
1285919,0,1052,994
1285920,0,1039,996
1285921,0,1039,991
1285922,0,1038,989
1285923,0,1051,992
1285924,0,1040,991
1285925,0,1047,1001
1285926,0,1043,995
1285927,0,1042,987
1285928,0,1034,989
1285929,0,1046,984
1285930,0,1031,998
1285931,0,1032,998
1285932,0,1053,996
1285933,0,1043,991
1285934,0,1033,987
1285935,0,1048,979
1285936,0,1051,980
1285937,0,1063,987
1285938,0,1035,985
1285939,0,1025,989
1285940,0,1040,970
1285941,0,1040,983
1285942,0,1041,993
1285943,0,1037,1000
1285944,0,1048,994
1285945,0,1047,987
1285946,0,1051,995
1285947,0,1045,980
1285948,0,1030,987
1285949,0,1035,992
1285950,0,1034,988
1285951,0,1042,1001
1285952,0,1028,990
1285953,0,1039,996
1285954,0,1049,991
1285955,0,1046,994
1285956,0,1043,990
1285957,0,1031,966
1285958,0,1039,989
1285959,0,1049,971
1285960,0,1032,967
1285961,0,1035,988
1285962,0,1061,996
1285963,0,1033,980
1285964,0,1033,979
1285965,0,1042,978
1285966,0,1055,983
1285967,0,1049,970
1285968,0,1037,978
1285969,0,1044,994
1285970,0,1040,979
1285971,0,1037,989
1285972,0,1032,995
1285973,0,1044,995
1285974,0,1044,986
1285975,0,1045,986
1285976,0,1033,995
1285977,0,1033,982
1285978,0,1046,999
1285979,0,1047,987
1285980,0,1041,997
1285981,0,1019,1011
1285982,0,1034,980
1285983,0,1033,978
1285984,0,1052,973
1285985,0,1043,985
1285986,0,1043,987
1285987,0,1043,984
1285988,0,1035,980
1285989,0,1045,980
1285990,0,1043,978
1285991,0,1040,988
1285992,0,1055,989
1285993,0,1051,997
1285994,0,1041,997
1285995,0,1034,999
1285996,0,1033,981
1285997,0,1040,988
1285998,0,1036,987
1285999,0,1029,993
1286000,0,1031,982
1286001,0,1049,971
1286002,0,1052,977
1286003,0,1053,995
1286004,0,1042,999
1286005,0,1036,993
1286006,0,1030,995
1286007,0,1046,995
1286008,0,1050,977
1286009,0,1043,997
1286010,0,1033,987
1286011,0,1048,970
1286012,0,1037,985
1286013,0,1051,984
1286014,0,1045,969
1286015,0,1034,989
1286016,0,1036,999
1286017,0,1047,995
1286018,0,1054,995
1286019,0,1043,981
1286020,0,1031,976
1286021,0,1044,988
1286022,0,1041,983
1286023,0,1055,981
1286024,0,1044,988
1286025,0,1032,988
1286026,0,1051,985
1286027,0,1051,977
1286028,0,1042,987
1286029,0,1035,993
1286030,0,1044,973
1286031,0,1031,982
1286032,0,1041,976
1286033,0,1035,996
1286034,0,1034,990
1286035,0,1043,990
1286036,0,1037,983
1286037,0,1055,993
1286038,0,1053,999
1286039,0,1047,981
1286040,0,1035,989
1286041,0,1052,970
1286042,0,1049,969
1286043,0,1033,963
1286044,0,1039,978
1286045,0,1050,976
1286046,0,1047,1001
1286047,0,1057,992
1286048,0,1048,983
1286049,0,1039,967
1286050,0,1045,981
1286051,0,1049,975
1286052,0,1041,970
1286053,0,1043,981
1286054,0,1020,989
1286055,0,1053,997
1286056,0,1034,985
1286057,0,1026,981
1286058,0,1024,990
1286059,0,1040,975
1286060,0,1035,991
1286061,0,1043,983
1286062,0,1051,964
1286063,0,1051,972
1286064,0,1040,1003
1286065,0,1044,991
1286066,0,1031,990
1286067,0,1040,985
1286068,0,1039,984
1286069,0,1063,995
1286070,0,1057,1000
1286071,0,1053,985
1286072,0,1041,973
1286073,0,1031,992
1286074,0,1039,998
1286075,0,1055,999
1286076,0,1041,1008
1286077,0,1052,1001
1286078,0,1071,982
1286079,0,1047,1002
1286080,0,1045,983
1286081,0,1057,979
1286082,0,1044,980
1286083,0,1067,987
1286084,0,1063,986
1286085,0,1036,996
1286086,0,1054,989
1286087,0,1038,984
1286088,0,1037,987
1286089,0,1041,969
1286090,0,1059,978
1286091,0,1079,993
1286092,0,1051,997
1286093,0,1055,1002
1286094,0,1043,987
1286095,0,1068,991
1286096,0,1061,985
1286097,0,1065,981
1286098,0,1053,976
1286099,0,1048,987
1286100,0,1057,977
1286101,0,1050,976
1286102,0,1059,971
1286103,0,1077,976
1286104,0,1052,983
1286105,0,1058,979
1286106,0,1060,995
1286107,0,1067,1001
1286108,0,1051,1001
1286109,0,1064,997
1286110,0,1035,978
1286111,0,1043,984
1286112,0,1059,989
1286113,0,1055,1004
1286114,0,1053,977
1286115,0,1053,999
1286116,0,1066,991
1286117,0,1049,984
1286118,0,1071,973
1286119,0,1040,983
1286120,0,1046,987
1286121,0,1048,999
1286122,0,1050,1000
1286123,0,1054,997
1286124,0,1038,991
1286125,0,1064,999
1286126,0,1050,999
1286127,0,1043,989
1286128,0,1059,969
1286129,0,1058,1003
1286130,0,1061,999
1286131,0,1041,979
1286132,0,1077,990
1286133,0,1047,979
1286134,0,1044,983
1286135,0,1053,1003
1286136,0,1056,996
1286137,0,1037,992
1286138,0,1059,997
1286139,0,1055,987
1286140,0,1062,987
1286141,0,1070,993
1286142,0,1047,992
1286143,0,1067,980
1286144,0,1067,989
1286145,0,1052,996
1286146,0,1065,1003
1286147,0,1056,985
1286148,0,1050,984
1286149,0,1055,1003
1286150,0,1055,1004
1286151,0,1057,969
1286152,0,1069,973
1286153,0,1045,992
1286154,0,1052,991
1286155,0,1056,1001
1286156,0,1060,983
1286157,0,1059,995
1286158,0,1044,986
1286159,0,1062,995
1286160,0,1071,1011
1286161,0,1045,998
1286162,0,1055,989
1286163,0,1064,998
1286164,0,1057,983
1286165,0,1061,1003
1286166,0,1036,993
1286167,0,1047,995
1286168,0,1051,983
1286169,0,1065,988
1286170,0,1051,990
1286171,0,1053,1000
1286172,0,1050,990
1286173,0,1053,996
1286174,0,1039,1000
1286175,0,1058,994
1286176,0,1049,997
1286177,0,1062,1006
1286178,0,1044,978
1286179,0,1047,993
1286180,0,1047,992
1286181,0,1036,994
1286182,0,1047,999
1286183,0,1048,997
1286184,0,1055,999
1286185,0,1055,979
1286186,0,1052,997
1286187,0,1061,1019
1286188,0,1055,1027
1286189,0,1039,1061
1286190,0,1049,1077
1286191,0,1058,1115
1286192,0,1040,1178
1286193,0,1048,1213
1286194,0,1040,1267
1286195,0,1035,1309
1286196,0,1040,1306
1286197,0,1048,1314
1286198,0,1062,1335
1286199,0,1055,1313
1286200,0,1070,1335
1286201,0,1065,1311
1286202,0,1046,1301
1286203,0,1059,1263
1286204,0,1036,1266
1286205,0,1051,1263
1286206,0,1057,1247
1286207,0,1083,1247
1286208,0,1059,1225
1286209,0,1038,1210
1286210,0,1051,1180
1286211,0,1059,1188
1286212,0,1079,1168
1286213,0,1096,1158
1286214,0,1175,1175
1286215,0,1225,1167
1286216,0,1278,1144
1286217,0,1312,1136
1286218,0,1365,1128
1286219,0,1375,1137
1286220,0,1377,1142
1286221,0,1423,1129
1286222,0,1360,1119
1286223,0,1371,1124
1286224,0,1375,1130
1286225,0,1351,1107
1286226,0,1321,1099
1286227,0,1312,1075
1286228,0,1315,1093
1286229,0,1307,1066
1286230,0,1303,1072
1286231,0,1278,1087
1286232,0,1260,1063
1286233,0,1249,1079
1286234,0,1279,1071
1286235,0,1238,1066
1286236,0,1236,1061
1286237,0,1224,1061
1286238,0,1239,1041
1286239,0,1235,1040
1286240,0,1214,1075
1286241,0,1208,1049
1286242,0,1215,1036
1286243,0,1184,1043
1286244,0,1183,1054
1286245,0,1183,1037
1286246,0,1167,1055
1286247,0,1152,1044
1286248,0,1151,1043
1286249,0,1159,1037
1286250,0,1148,1041
1286251,0,1136,1033
1286252,0,1157,1045
1286253,0,1116,1031
1286254,0,1133,1039
1286255,0,1112,1032
1286256,0,1133,1031
1286257,0,1123,1023
1286258,0,1125,1019
1286259,0,1114,1015
1286260,0,1129,1019
1286261,0,1121,1016
1286262,0,1110,1024
1286263,0,1127,1016
1286264,0,1091,1019
1286265,0,1114,1009
1286266,0,1103,998
1286267,0,1081,1019
1286268,0,1101,1019
1286269,0,1091,1002
1286270,0,1103,1025
1286271,0,1114,1027
1286272,0,1087,1019
1286273,0,1093,1018
1286274,0,1081,1002
1286275,0,1082,999
1286276,0,1091,1007
1286277,0,1072,995
1286278,0,1073,1015
1286279,0,1093,1007
1286280,0,1083,1011
1286281,0,1100,986
1286282,0,1087,1005
1286283,0,1079,1000
1286284,0,1082,1006
1286285,0,1059,1014
1286286,0,1069,1010
1286287,0,1074,1020
1286288,0,1066,1010
1286289,0,1082,1011
1286290,0,1056,1002
1286291,0,1056,994
1286292,0,1067,1011
1286293,0,1065,1005
1286294,0,1065,1005
1286295,0,1063,1002
1286296,0,1059,997
1286297,0,1052,969
1286298,0,1063,993
1286299,0,1053,1001
1286300,0,1069,995
1286301,0,1040,1009
1286302,0,1048,1002
1286303,0,1074,1002
1286304,0,1059,1007
1286305,0,1049,1004
1286306,0,1071,1007
1286307,0,1049,1002
1286308,0,1053,1014
1286309,0,1057,1011
1286310,0,1052,1013
1286311,0,1036,998
1286312,0,1053,995
1286313,0,1047,1001
1286314,0,1071,977
1286315,0,1055,996
1286316,0,1049,992
1286317,0,1047,997
1286318,0,1044,991
1286319,0,1046,999
1286320,0,1057,989
1286321,0,1052,999
1286322,0,1049,1011
1286323,0,1044,996
1286324,0,1063,989
1286325,0,1043,1006
1286326,0,1022,996
1286327,0,1049,999
1286328,0,1058,1001
1286329,0,1032,1009
1286330,0,1065,988
1286331,0,1059,1009
1286332,0,1052,1002
1286333,0,1026,1021
1286334,0,1061,1009
1286335,0,1044,999
1286336,0,1063,996
1286337,0,1068,992
1286338,0,1051,996
1286339,0,1040,1009
1286340,0,1037,996
1286341,0,1047,984
1286342,0,1045,993
1286343,0,1057,1008
1286344,0,1053,992
1286345,0,1046,992
1286346,0,1038,1009
1286347,0,1044,998
1286348,0,1031,1005
1286349,0,1025,1001
1286350,0,1031,1021
1286351,0,1051,1006
1286352,0,1059,997
1286353,0,1046,1010
1286354,0,1050,994
1286355,0,1047,999
1286356,0,1055,991
1286357,0,1040,989
1286358,0,1047,997
1286359,0,1040,999
1286360,0,1049,1005
1286361,0,1032,1005
1286362,0,1049,1005
1286363,0,1042,995
1286364,0,1042,988
1286365,0,1054,1013
1286366,0,1039,1011
1286367,0,1032,1014
1286368,0,1036,1002
1286369,0,1049,998
1286370,0,1041,1020
1286371,0,1050,987
1286372,0,1030,1001
1286373,0,1044,1013
1286374,0,1060,1007
1286375,0,1024,997
1286376,0,1046,994
1286377,0,1037,1017
1286378,0,1057,1000
1286379,0,1033,1021
1286380,0,1039,1001
1286381,0,1042,1016
1286382,0,1044,999
1286383,0,1042,1009
1286384,0,1049,988
1286385,0,1057,1000
1286386,0,1034,1011
1286387,0,1040,1000
1286388,0,1050,1004
1286389,0,1026,1004
1286390,0,1054,1000
1286391,0,1034,997
1286392,0,1046,1002
1286393,0,1044,989
1286394,0,1032,995
1286395,0,1056,1007
1286396,0,1042,1025
1286397,0,1037,1012
1286398,0,1047,1007
1286399,0,1047,993
1286400,0,1042,999
1286401,0,1039,1015
1286402,0,1070,991
1286403,0,1047,993
1286404,0,1058,1009
1286405,0,1049,1005
1286406,0,1059,997
1286407,0,1043,1003
1286408,0,1035,1011
1286409,0,1035,993
1286410,0,1058,1006
1286411,0,1063,1002
1286412,0,1050,1003
1286413,0,1045,1008
1286414,0,1061,990
1286415,0,1029,981
1286416,0,1030,1023
1286417,0,1035,997
1286418,0,1049,1002
1286419,0,1036,1007
1286420,0,1040,983
1286421,0,1065,1005
1286422,0,1063,1006
1286423,0,1035,992
1286424,0,1039,1001
1286425,0,1049,997
1286426,0,1033,1011
1286427,0,1036,999
1286428,0,1048,999
1286429,0,1039,1005
1286430,0,1048,1010
1286431,0,1038,994
1286432,0,1054,995
1286433,0,1035,1007
1286434,0,1038,989
1286435,0,1045,1007
1286436,0,1036,1006
1286437,0,1042,996
1286438,0,1046,995
1286439,0,1041,1011
1286440,0,1058,996
1286441,0,1043,995
1286442,0,1024,989
1286443,0,1041,990
1286444,0,1045,1007
1286445,0,1051,1004
1286446,0,1054,1006
1286447,0,1038,993
1286448,0,1031,991
1286449,0,1036,993
1286450,0,1029,1008
1286451,0,1053,990
1286452,0,1056,991
1286453,0,1044,1007
1286454,0,1044,1001
1286455,0,1038,1005
1286456,0,1040,995
1286457,0,1047,1007
1286458,0,1041,1014
1286459,0,1044,990
1286460,0,1049,1000
1286461,0,1047,1011
1286462,0,1044,1008
1286463,0,1070,992
1286464,0,1047,1014
1286465,0,1050,1001
1286466,0,1051,1007
1286467,0,1050,1000
1286468,0,1045,1021
1286469,0,1049,1008
1286470,0,1052,1002
1286471,0,1033,990
1286472,0,1057,1007
1286473,0,1039,1007
1286474,0,1053,1007
1286475,0,1051,994
1286476,0,1055,992
1286477,0,1033,999
1286478,0,1043,1000
1286479,0,1040,1017
1286480,0,1057,1003
1286481,0,1060,1007
1286482,0,1054,1019
1286483,0,1046,1007
1286484,0,1030,1006
1286485,0,1055,1002
1286486,0,1046,996
1286487,0,1050,1014
1286488,0,1038,1003
1286489,0,1048,1010
1286490,0,1044,1001
1286491,0,1064,1010
1286492,0,1063,998
1286493,0,1065,1025
1286494,0,1051,992
1286495,0,1058,1031
1286496,0,1060,995
1286497,0,1063,999
1286498,0,1065,1006
1286499,0,1063,995
1286500,0,1039,999
1286501,0,1056,999
1286502,0,1057,986
1286503,0,1051,995
1286504,0,1049,1002
1286505,0,1055,980
1286506,0,1057,1001
1286507,0,1065,1005
1286508,0,1059,983
1286509,0,1035,1022
1286510,0,1056,999
1286511,0,1040,996
1286512,0,1043,997
1286513,0,1031,996
1286514,0,1038,1019
1286515,0,1054,1011
1286516,0,1044,1007
1286517,0,1036,1001
1286518,0,1051,1018
1286519,0,1037,1013
1286520,0,1040,1025
1286521,0,1045,1001
1286522,0,1050,1021
1286523,0,1048,999
1286524,0,1061,1019
1286525,0,1035,1001
1286526,0,1069,1010
1286527,0,1063,1016
1286528,0,1047,1014
1286529,0,1040,1015
1286530,0,1027,1016
1286531,0,1054,1016
1286532,0,1056,1029
1286533,0,1038,996
1286534,0,1047,1008
1286535,0,1041,1012
1286536,0,1058,1021
1286537,0,1042,997
1286538,0,1051,1009
1286539,0,1025,1002
1286540,0,1041,1009
1286541,0,1055,1004
1286542,0,1046,996
1286543,0,1034,1014
1286544,0,1053,992
1286545,0,1059,1000
1286546,0,1048,1021
1286547,0,1030,1019
1286548,0,1035,1013
1286549,0,1061,1029
1286550,0,1057,1015
1286551,0,1054,1024
1286552,0,1059,1011
1286553,0,1034,1014
1286554,0,1078,999
1286555,0,1070,1006
1286556,0,1057,992
1286557,0,1043,1003
1286558,0,1054,1006
1286559,0,1053,1011
1286560,0,1057,988
1286561,0,1063,999
1286562,0,1060,998
1286563,0,1058,997
1286564,0,1054,1007
1286565,0,1047,1007
1286566,0,1042,1019
1286567,0,1056,1020
1286568,0,1058,1019
1286569,0,1047,1013
1286570,0,1058,1018
1286571,0,1041,1007
1286572,0,1049,995
1286573,0,1057,991
1286574,0,1051,1017
1286575,0,1041,1009
1286576,0,1055,993
1286577,0,1040,1001
1286578,0,1046,1014
1286579,0,1045,1017
1286580,0,1041,1021
1286581,0,1043,1019
1286582,0,1055,1020
1286583,0,1055,999
1286584,0,1058,1011
1286585,0,1046,1006
1286586,0,1043,1036
1286587,0,1067,1055
1286588,0,1050,1113
1286589,0,1049,1120
1286590,0,1046,1216
1286591,0,1047,1263
1286592,0,1030,1268
1286593,0,1074,1300
1286594,0,1047,1354
1286595,0,1051,1317
1286596,0,1044,1320
1286597,0,1047,1327
1286598,0,1042,1335
1286599,0,1033,1315
1286600,0,1047,1309
1286601,0,1061,1288
1286602,0,1044,1269
1286603,0,1065,1275
1286604,0,1054,1251
1286605,0,1050,1232
1286606,0,1061,1241
1286607,0,1046,1206
1286608,0,1046,1221
1286609,0,1074,1196
1286610,0,1087,1189
1286611,0,1147,1189
1286612,0,1148,1199
1286613,0,1231,1183
1286614,0,1291,1183
1286615,0,1304,1151
1286616,0,1347,1155
1286617,0,1385,1139
1286618,0,1396,1137
1286619,0,1366,1120
1286620,0,1383,1122
1286621,0,1375,1127
1286622,0,1383,1129
1286623,0,1328,1122
1286624,0,1335,1113
1286625,0,1323,1108
1286626,0,1327,1109
1286627,0,1298,1089
1286628,0,1309,1093
1286629,0,1287,1091
1286630,0,1278,1070
1286631,0,1261,1093
1286632,0,1220,1075
1286633,0,1243,1080
1286634,0,1239,1067
1286635,0,1208,1083
1286636,0,1215,1078
1286637,0,1215,1081
1286638,0,1211,1070
1286639,0,1199,1055
1286640,0,1186,1060
1286641,0,1168,1059
1286642,0,1174,1049
1286643,0,1161,1066
1286644,0,1166,1039
1286645,0,1167,1047
1286646,0,1161,1064
1286647,0,1165,1061
1286648,0,1146,1054
1286649,0,1140,1055
1286650,0,1159,1044
1286651,0,1145,1032
1286652,0,1149,1019
1286653,0,1141,1033
1286654,0,1133,1016
1286655,0,1128,1051
1286656,0,1121,1033
1286657,0,1131,1014
1286658,0,1095,1035
1286659,0,1101,1041
1286660,0,1105,1026
1286661,0,1093,1041
1286662,0,1083,1035
1286663,0,1077,1049
1286664,0,1115,1015
1286665,0,1087,1015
1286666,0,1091,1047
1286667,0,1091,1029
1286668,0,1095,1042
1286669,0,1099,1029
1286670,0,1064,1035
1286671,0,1090,1023
1286672,0,1086,1030
1286673,0,1077,1029
1286674,0,1072,1011
1286675,0,1092,1021
1286676,0,1080,1013
1286677,0,1085,1042
1286678,0,1089,1019
1286679,0,1071,1017
1286680,0,1077,1007
1286681,0,1065,997
1286682,0,1067,1025
1286683,0,1086,1015
1286684,0,1071,1015
1286685,0,1061,1009
1286686,0,1063,1022
1286687,0,1051,1017
1286688,0,1042,1026
1286689,0,1048,1037
1286690,0,1075,1042
1286691,0,1065,1015
1286692,0,1050,1017
1286693,0,1083,1031
1286694,0,1066,1031
1286695,0,1055,1008
1286696,0,1074,1020
1286697,0,1053,1016
1286698,0,1060,1023
1286699,0,1061,1023
1286700,0,1036,1013
1286701,0,1061,1033
1286702,0,1037,1019
1286703,0,1066,1027
1286704,0,1064,1011
1286705,0,1059,1015
1286706,0,1059,1004
1286707,0,1050,1017
1286708,0,1061,1003
1286709,0,1045,1013
1286710,0,1030,1013
1286711,0,1051,1009
1286712,0,1044,1030
1286713,0,1033,996
1286714,0,1048,1016
1286715,0,1057,1037
1286716,0,1044,1024
1286717,0,1047,1011
1286718,0,1051,1003
1286719,0,1049,1020
1286720,0,1049,1017
1286721,0,1067,1035
1286722,0,1052,1013
1286723,0,1054,1015
1286724,0,1049,1008
1286725,0,1022,1027
1286726,0,1047,1021
1286727,0,1046,1005
1286728,0,1039,1015
1286729,0,1044,1035
1286730,0,1034,1013
1286731,0,1035,1021
1286732,0,1046,1007
1286733,0,1048,1017
1286734,0,1058,1000
1286735,0,1049,999
1286736,0,1040,1011
1286737,0,1045,1011
1286738,0,1032,1017
1286739,0,1043,1023
1286740,0,1034,1001
1286741,0,1037,1007
1286742,0,1033,1005
1286743,0,1053,1017
1286744,0,1047,996
1286745,0,1063,1019
1286746,0,1049,1008
1286747,0,1060,1004
1286748,0,1053,1007
1286749,0,1039,1019
1286750,0,1042,1035
1286751,0,1051,1000
1286752,0,1052,1000
1286753,0,1051,1018
1286754,0,1034,1011
1286755,0,1032,1001
1286756,0,1033,991
1286757,0,1039,992
1286758,0,1042,1013
1286759,0,1046,998
1286760,0,1035,1011
1286761,0,1041,1011
1286762,0,1055,1003
1286763,0,1037,1017
1286764,0,1035,1016
1286765,0,1036,1015
1286766,0,1031,1014
1286767,0,1042,1030
1286768,0,1046,1006
1286769,0,1028,1020
1286770,0,1048,1014
1286771,0,1060,1007
1286772,0,1039,1019
1286773,0,1033,1014
1286774,0,1027,1016
1286775,0,1052,1006
1286776,0,1032,1011
1286777,0,1047,1018
1286778,0,1028,1005
1286779,0,1024,1011
1286780,0,1041,1024
1286781,0,1023,1013
1286782,0,1054,1025
1286783,0,1047,1008
1286784,0,1050,1018
1286785,0,1043,1003
1286786,0,1047,1011
1286787,0,1029,1003
1286788,0,1024,1009
1286789,0,1051,1023
1286790,0,1034,1011
1286791,0,1049,1004
1286792,0,1038,1001
1286793,0,1021,1007
1286794,0,1038,1014
1286795,0,1038,1029
1286796,0,1027,1013
1286797,0,1045,1006
1286798,0,1048,1012
1286799,0,1046,1018
1286800,0,1017,1008
1286801,0,1049,1002
1286802,0,1042,1006
1286803,0,1034,994
1286804,0,1043,1005
1286805,0,1039,1003
1286806,0,1033,994
1286807,0,1039,1011
1286808,0,1025,1005
1286809,0,1048,1015
1286810,0,1038,1006
1286811,0,1019,1011
1286812,0,1047,1020
1286813,0,1038,1004
1286814,0,1033,1019
1286815,0,1031,1020
1286816,0,1039,1008
1286817,0,1047,1002
1286818,0,1035,1003
1286819,0,1038,1018
1286820,0,1046,1019
1286821,0,1045,1007
1286822,0,1043,1011
1286823,0,1041,990
1286824,0,1030,1023
1286825,0,1027,1003
1286826,0,1039,1012
1286827,0,1050,1017
1286828,0,1035,1004
1286829,0,1036,1015
1286830,0,1041,1015
1286831,0,1035,998
1286832,0,1047,992
1286833,0,1053,999
1286834,0,1045,1007
1286835,0,1031,1013
1286836,0,1047,1010
1286837,0,1047,1030
1286838,0,1043,1017
1286839,0,1031,1004
1286840,0,1033,1010
1286841,0,1036,1004
1286842,0,1037,1001
1286843,0,1035,1009
1286844,0,1022,1012
1286845,0,1031,1023
1286846,0,1044,1002
1286847,0,1034,1004
1286848,0,1046,1009
1286849,0,1030,1006
1286850,0,1023,1001
1286851,0,1026,998
1286852,0,1049,1004
1286853,0,1032,1006
1286854,0,1036,1001
1286855,0,1022,1019
1286856,0,1041,1023
1286857,0,1017,1013
1286858,0,1044,1002
1286859,0,1028,1019
1286860,0,1031,1021
1286861,0,1039,1022
1286862,0,1027,1011
1286863,0,1045,1006
1286864,0,1047,1015
1286865,0,1036,1021
1286866,0,1030,1018
1286867,0,1030,1020
1286868,0,1033,1007
1286869,0,1037,1019
1286870,0,1042,1024
1286871,0,1052,1007
1286872,0,1035,1023
1286873,0,1017,1017
1286874,0,1036,1019
1286875,0,1020,1024
1286876,0,1036,1017
1286877,0,1038,1022
1286878,0,1033,1014
1286879,0,1041,1024
1286880,0,1035,1023
1286881,0,1052,1018
1286882,0,1045,1007
1286883,0,1039,1020
1286884,0,1023,1016
1286885,0,1048,1017
1286886,0,1034,1006
1286887,0,1052,1026
1286888,0,1030,1016
1286889,0,1050,1018
1286890,0,1053,1014
1286891,0,1051,1002
1286892,0,1023,988
1286893,0,1051,1015
1286894,0,1043,1027
1286895,0,1053,1024
1286896,0,1046,1008
1286897,0,1032,1002
1286898,0,1055,1011
1286899,0,1045,1005
1286900,0,1047,1013
1286901,0,1028,1004
1286902,0,1059,999
1286903,0,1039,1013
1286904,0,1055,1014
1286905,0,1034,1016
1286906,0,1031,1023
1286907,0,1047,996
1286908,0,1047,1035
1286909,0,1040,1010
1286910,0,1033,1005
1286911,0,1031,1008
1286912,0,1041,1029
1286913,0,1047,1024
1286914,0,1050,1023
1286915,0,1035,1014
1286916,0,1040,1017
1286917,0,1026,1003
1286918,0,1027,1023
1286919,0,1042,994
1286920,0,1037,1008
1286921,0,1026,1001
1286922,0,1037,1014
1286923,0,1032,1028
1286924,0,1043,1020
1286925,0,1035,1014
1286926,0,1049,1021
1286927,0,1034,1022
1286928,0,1027,1020
1286929,0,1037,1024
1286930,0,1022,1011
1286931,0,1030,1033
1286932,0,1035,1009
1286933,0,1051,1016
1286934,0,1045,1020
1286935,0,1036,1018
1286936,0,1032,1013
1286937,0,1043,1029
1286938,0,1035,1008
1286939,0,1038,995
1286940,0,1049,1003
1286941,0,1042,1011
1286942,0,1026,1013
1286943,0,1033,1017
1286944,0,1034,996
1286945,0,1047,1008
1286946,0,1034,1017
1286947,0,1046,1023
1286948,0,1042,1018
1286949,0,1035,1008
1286950,0,1031,986
1286951,0,1031,1002
1286952,0,1035,1016
1286953,0,1032,1010
1286954,0,1054,1007
1286955,0,1027,995
1286956,0,1051,1021
1286957,0,1030,1029
1286958,0,1039,1007
1286959,0,1042,1015
1286960,0,1055,1010
1286961,0,1042,1007
1286962,0,1026,1003
1286963,0,1053,998
1286964,0,1043,1012
1286965,0,1032,1014
1286966,0,1024,1019
1286967,0,1036,1000
1286968,0,1024,1020
1286969,0,1048,1012
1286970,0,1035,1011
1286971,0,1058,1012
1286972,0,1031,1000
1286973,0,1041,1033
1286974,0,1043,1014
1286975,0,1039,1014
1286976,0,1049,1021
1286977,0,1039,1009
1286978,0,1035,1007
1286979,0,1049,1002
1286980,0,1038,1018
1286981,0,1019,1019
1286982,0,1018,1013
1286983,0,1037,1029
1286984,0,1033,1039
1286985,0,1028,1069
1286986,0,1035,1119
1286987,0,1039,1135
1286988,0,1027,1203
1286989,0,1023,1259
1286990,0,1027,1285
1286991,0,1032,1319
1286992,0,1030,1331
1286993,0,1034,1340
1286994,0,1033,1344
1286995,0,1026,1343
1286996,0,1025,1339
1286997,0,1035,1347
1286998,0,1043,1309
1286999,0,1049,1284
1287000,0,1035,1280
1287001,0,1026,1264
1287002,0,1032,1253
1287003,0,1034,1263
1287004,0,1034,1231
1287005,0,1036,1218
1287006,0,1031,1192
1287007,0,1053,1202
1287008,0,1063,1178
1287009,0,1095,1213
1287010,0,1149,1177
1287011,0,1199,1198
1287012,0,1215,1185
1287013,0,1301,1158
1287014,0,1340,1161
1287015,0,1355,1140
1287016,0,1368,1135
1287017,0,1391,1139
1287018,0,1353,1158
1287019,0,1371,1123
1287020,0,1335,1125
1287021,0,1347,1101
1287022,0,1319,1125
1287023,0,1306,1101
1287024,0,1276,1112
1287025,0,1307,1092
1287026,0,1284,1077
1287027,0,1256,1093
1287028,0,1259,1085
1287029,0,1252,1066
1287030,0,1240,1076
1287031,0,1231,1083
1287032,0,1227,1082
1287033,0,1213,1052
1287034,0,1199,1058
1287035,0,1205,1057
1287036,0,1176,1036
1287037,0,1175,1061
1287038,0,1188,1062
1287039,0,1167,1060
1287040,0,1175,1046
1287041,0,1181,1042
1287042,0,1146,1061
1287043,0,1124,1042
1287044,0,1149,1051
1287045,0,1136,1024
1287046,0,1163,1051
1287047,0,1139,1050
1287048,0,1133,1039
1287049,0,1121,1030
1287050,0,1114,1030
1287051,0,1109,1022
1287052,0,1118,1039
1287053,0,1106,1048
1287054,0,1102,1033
1287055,0,1103,1033
1287056,0,1111,1015
1287057,0,1102,1016
1287058,0,1103,1030
1287059,0,1083,1016
1287060,0,1103,1000
1287061,0,1083,1015
1287062,0,1088,1020
1287063,0,1094,1000
1287064,0,1076,1007
1287065,0,1071,1008
1287066,0,1073,1002
1287067,0,1087,1023
1287068,0,1079,1017
1287069,0,1083,1019
1287070,0,1079,1016
1287071,0,1055,995
1287072,0,1061,1003
1287073,0,1064,1017
1287074,0,1053,1015
1287075,0,1048,1000
1287076,0,1066,1009
1287077,0,1070,1021
1287078,0,1056,1017
1287079,0,1040,1021
1287080,0,1061,1019
1287081,0,1051,1009
1287082,0,1064,1010
1287083,0,1052,987
1287084,0,1047,1007
1287085,0,1055,1027
1287086,0,1048,991
1287087,0,1054,1005
1287088,0,1048,995
1287089,0,1043,1023
1287090,0,1045,991
1287091,0,1035,999
1287092,0,1042,1007
1287093,0,1046,999
1287094,0,1045,1015
1287095,0,1013,1010
1287096,0,1041,1011
1287097,0,1037,1007
1287098,0,1029,1000
1287099,0,1044,1010
1287100,0,1027,1003
1287101,0,1017,991
1287102,0,1050,1001
1287103,0,1029,992
1287104,0,1052,992
1287105,0,1023,1010
1287106,0,1044,993
1287107,0,1029,988
1287108,0,1027,1008
1287109,0,1043,997
1287110,0,1025,1008
1287111,0,1025,1007
1287112,0,1033,996
1287113,0,1012,1006
1287114,0,1034,1010
1287115,0,1028,1015
1287116,0,1028,1003
1287117,0,1043,1012
1287118,0,1039,1000
1287119,0,1042,993
1287120,0,1029,996
1287121,0,1038,1007
1287122,0,1025,1001
1287123,0,1034,991
1287124,0,1039,991
1287125,0,1024,1009
1287126,0,1046,987
1287127,0,1036,998
1287128,0,1033,995
1287129,0,1037,1001
1287130,0,1016,1000
1287131,0,1046,985
1287132,0,1028,997
1287133,0,1033,991
1287134,0,1028,1000
1287135,0,1031,994
1287136,0,1053,1011
1287137,0,1016,1006
1287138,0,1032,997
1287139,0,1023,998
1287140,0,1023,1007
1287141,0,1023,991
1287142,0,1039,1009
1287143,0,1019,993
1287144,0,1023,998
1287145,0,1031,1018
1287146,0,1038,991
1287147,0,1031,981
1287148,0,1020,987
1287149,0,1032,1007
1287150,0,1035,984
1287151,0,1033,984
1287152,0,1010,997
1287153,0,1020,999
1287154,0,1018,1000
1287155,0,1039,991
1287156,0,1024,999
1287157,0,1024,987
1287158,0,1048,996
1287159,0,1021,979
1287160,0,1034,991
1287161,0,1018,992
1287162,0,1041,982
1287163,0,1041,991
1287164,0,1026,1013
1287165,0,1018,1001
1287166,0,1044,997
1287167,0,1033,984
1287168,0,1030,1006
1287169,0,1053,987
1287170,0,1013,985
1287171,0,1044,975
1287172,0,1032,999
1287173,0,1027,1001
1287174,0,1033,1003
1287175,0,1028,999
1287176,0,1046,995
1287177,0,1034,991
1287178,0,1026,1003
1287179,0,1031,980
1287180,0,1021,994
1287181,0,1045,994
1287182,0,1038,1004
1287183,0,1031,983
1287184,0,1037,990
1287185,0,1025,1002
1287186,0,1039,969
1287187,0,1034,1005
1287188,0,1033,990
1287189,0,1051,998
1287190,0,1031,987
1287191,0,1023,1003
1287192,0,1019,987
1287193,0,1045,990
1287194,0,1040,1002
1287195,0,1052,1003
1287196,0,1017,1001
1287197,0,1027,995
1287198,0,1026,994
1287199,0,1045,996
1287200,0,1024,985
1287201,0,1020,994
1287202,0,1042,989
1287203,0,1039,998
1287204,0,1039,992
1287205,0,1026,994
1287206,0,1025,995
1287207,0,1033,1003
1287208,0,1041,992
1287209,0,1019,989
1287210,0,1029,1002
1287211,0,1047,976
1287212,0,1030,1008
1287213,0,1023,1004
1287214,0,1015,986
1287215,0,1017,1009
1287216,0,1031,1005
1287217,0,1024,1009
1287218,0,1041,1010
1287219,0,1005,1007
1287220,0,1035,1007
1287221,0,1032,990
1287222,0,1035,988
1287223,0,1031,987
1287224,0,1027,993
1287225,0,1034,1004
1287226,0,1033,990
1287227,0,1027,973
1287228,0,1028,994
1287229,0,1024,995
1287230,0,1042,992
1287231,0,1039,984
1287232,0,1037,993
1287233,0,1030,1011
1287234,0,1057,987
1287235,0,1049,1009
1287236,0,1031,1000
1287237,0,1035,979
1287238,0,1042,998
1287239,0,1047,982
1287240,0,1044,981
1287241,0,1047,996
1287242,0,1027,998
1287243,0,1036,1012
1287244,0,1044,1017
1287245,0,1051,985
1287246,0,1024,985
1287247,0,1026,1001
1287248,0,1041,980
1287249,0,1024,1007
1287250,0,1035,991
1287251,0,1039,1015
1287252,0,1027,998
1287253,0,1033,1002
1287254,0,1027,998
1287255,0,1031,995
1287256,0,1042,1004
1287257,0,1024,1004
1287258,0,1031,1011
1287259,0,1041,992
1287260,0,1029,997
1287261,0,1039,1009
1287262,0,1031,999
1287263,0,1024,1018
1287264,0,1024,1007
1287265,0,1028,1011
1287266,0,1027,1022
1287267,0,1034,1011
1287268,0,1022,1008
1287269,0,1015,1019
1287270,0,1016,1008
1287271,0,1030,1023
1287272,0,1023,1023
1287273,0,1034,1005
1287274,0,1027,1000
1287275,0,1024,997
1287276,0,1026,1017
1287277,0,1047,1005
1287278,0,1031,1015
1287279,0,1037,1018
1287280,0,1026,1019
1287281,0,1029,1007
1287282,0,1031,1011
1287283,0,1046,991
1287284,0,1026,1012
1287285,0,1032,1009
1287286,0,1036,1009
1287287,0,1046,999
1287288,0,1037,995
1287289,0,1049,1015
1287290,0,1050,1000
1287291,0,1038,992
1287292,0,1064,1001
1287293,0,1059,1009
1287294,0,1051,1026
1287295,0,1044,1013
1287296,0,1026,1003
1287297,0,1045,1003
1287298,0,1025,996
1287299,0,1037,999
1287300,0,1032,1001
1287301,0,1037,1003
1287302,0,1019,995
1287303,0,1020,1005
1287304,0,1049,1009
1287305,0,1034,1015
1287306,0,1032,1002
1287307,0,1053,1005
1287308,0,1025,991
1287309,0,1038,1015
1287310,0,1041,1018
1287311,0,1028,1007
1287312,0,1049,990
1287313,0,1032,1004
1287314,0,1023,1002
1287315,0,1029,988
1287316,0,1043,1007
1287317,0,1011,1009
1287318,0,1030,1011
1287319,0,1018,998
1287320,0,1038,1007
1287321,0,1041,1006
1287322,0,1021,1005
1287323,0,1037,1004
1287324,0,1031,992
1287325,0,1029,1008
1287326,0,1039,1029
1287327,0,1047,1030
1287328,0,1028,988
1287329,0,1031,1008
1287330,0,1042,1013
1287331,0,1037,1019
1287332,0,1028,1007
1287333,0,1037,1004
1287334,0,1034,1007
1287335,0,1012,1013
1287336,0,1045,1007
1287337,0,1050,1017
1287338,0,1027,1010
1287339,0,1057,1004
1287340,0,1058,988
1287341,0,1046,999
1287342,0,1054,1009
1287343,0,1040,1015
1287344,0,1045,1011
1287345,0,1043,1011
1287346,0,1036,1008
1287347,0,1039,1025
1287348,0,1039,1019
1287349,0,1027,1011
1287350,0,1035,1000
1287351,0,1037,1000
1287352,0,1054,1008
1287353,0,1045,996
1287354,0,1030,1000
1287355,0,1053,997
1287356,0,1050,1017
1287357,0,1039,1013
1287358,0,1044,1011
1287359,0,1026,991
1287360,0,1026,1015
1287361,0,1041,1008
1287362,0,1038,1000
1287363,0,1039,1016
1287364,0,1041,1021
1287365,0,1047,995
1287366,0,1047,998
1287367,0,1023,1000
1287368,0,1052,1007
1287369,0,1024,1013
1287370,0,1022,1004
1287371,0,1038,1001
1287372,0,1029,1013
1287373,0,1047,1007
1287374,0,1037,1008
1287375,0,1033,1021
1287376,0,1038,1008
1287377,0,1031,993
1287378,0,1018,1009
1287379,0,1023,1016
1287380,0,1015,1045
1287381,0,1039,1048
1287382,0,1020,1109
1287383,0,1005,1134
1287384,0,1024,1188
1287385,0,1048,1252
1287386,0,1033,1288
1287387,0,1034,1296
1287388,0,1023,1331
1287389,0,1053,1324
1287390,0,1039,1324
1287391,0,1029,1332
1287392,0,1051,1341
1287393,0,1029,1325
1287394,0,1045,1292
1287395,0,1031,1287
1287396,0,1051,1267
1287397,0,1023,1263
1287398,0,1035,1261
1287399,0,1030,1251
1287400,0,1034,1212
1287401,0,1045,1237
1287402,0,1049,1214
1287403,0,1039,1205
1287404,0,1064,1195
1287405,0,1104,1191
1287406,0,1159,1203
1287407,0,1208,1191
1287408,0,1256,1180
1287409,0,1331,1157
1287410,0,1334,1153
1287411,0,1391,1153
1287412,0,1344,1146
1287413,0,1360,1143
1287414,0,1371,1135
1287415,0,1349,1137
1287416,0,1316,1127
1287417,0,1327,1120
1287418,0,1304,1112
1287419,0,1300,1092
1287420,0,1275,1098
1287421,0,1293,1076
1287422,0,1283,1088
1287423,0,1253,1100
1287424,0,1248,1063
1287425,0,1216,1105
1287426,0,1217,1076
1287427,0,1209,1071
1287428,0,1188,1064
1287429,0,1199,1079
1287430,0,1214,1072
1287431,0,1187,1093
1287432,0,1197,1044
1287433,0,1150,1040
1287434,0,1177,1080
1287435,0,1161,1077
1287436,0,1174,1050
1287437,0,1175,1061
1287438,0,1153,1057
1287439,0,1138,1053
1287440,0,1145,1047
1287441,0,1145,1049
1287442,0,1120,1039
1287443,0,1112,1043
1287444,0,1111,1045
1287445,0,1108,1039
1287446,0,1123,1047
1287447,0,1103,1034
1287448,0,1107,1045
1287449,0,1101,1039
1287450,0,1095,1019
1287451,0,1097,1039
1287452,0,1090,1038
1287453,0,1113,1043
1287454,0,1071,1039
1287455,0,1107,1029
1287456,0,1097,1019
1287457,0,1072,1039
1287458,0,1064,1044
1287459,0,1072,1025
1287460,0,1069,1040
1287461,0,1079,1028
1287462,0,1056,1026
1287463,0,1059,1019
1287464,0,1059,1030
1287465,0,1067,1031
1287466,0,1060,1026
1287467,0,1056,1016
1287468,0,1044,1024
1287469,0,1071,1045
1287470,0,1055,1015
1287471,0,1063,1031
1287472,0,1069,1013
1287473,0,1053,1040
1287474,0,1041,1027
1287475,0,1051,1021
1287476,0,1055,1004
1287477,0,1069,1023
1287478,0,1032,1007
1287479,0,1035,1005
1287480,0,1036,1015
1287481,0,1028,1005
1287482,0,1024,1000
1287483,0,1054,1007
1287484,0,1033,1003
1287485,0,1039,999
1287486,0,1059,1000
1287487,0,1049,1011
1287488,0,1032,1025
1287489,0,1039,1022
1287490,0,1043,1021
1287491,0,1044,1013
1287492,0,1058,1007
1287493,0,1030,1010
1287494,0,1035,1001
1287495,0,1044,1004
1287496,0,1028,1014
1287497,0,1047,987
1287498,0,1043,1014
1287499,0,1050,1011
1287500,0,1023,1014
1287501,0,1040,1011
1287502,0,1043,1012
1287503,0,1041,1026
1287504,0,1044,1000
1287505,0,1047,1002
1287506,0,1018,994
1287507,0,1040,1006
1287508,0,1034,1005
1287509,0,1049,996
1287510,0,1029,1018
1287511,0,1019,1019
1287512,0,1031,1004
1287513,0,1040,1004
1287514,0,1041,999
1287515,0,1017,999
1287516,0,1026,1005
1287517,0,1020,1006
1287518,0,1033,1021
1287519,0,1048,1012
1287520,0,1036,1011
1287521,0,1044,1021
1287522,0,1027,1001
1287523,0,1024,1016
1287524,0,1044,1026
1287525,0,1032,1012
1287526,0,1017,1006
1287527,0,1045,1015
1287528,0,1039,995
1287529,0,1017,988
1287530,0,1040,1006
1287531,0,1019,986
1287532,0,1021,1001
1287533,0,1037,996
1287534,0,1009,1016
1287535,0,1035,1015
1287536,0,1024,1005
1287537,0,1033,991
1287538,0,1023,1005
1287539,0,1026,1004
1287540,0,1050,1013
1287541,0,1028,1001
1287542,0,1035,990
1287543,0,1020,1006
1287544,0,1035,997
1287545,0,1028,1006
1287546,0,1033,989
1287547,0,1051,993
1287548,0,1039,1007
1287549,0,1027,1001
1287550,0,1027,994
1287551,0,1009,1015
1287552,0,1021,1015
1287553,0,1031,1005
1287554,0,1051,993
1287555,0,1031,1008
1287556,0,1028,1017
1287557,0,1035,1005
1287558,0,1028,1017
1287559,0,1017,1020
1287560,0,1033,1013
1287561,0,1031,1003
1287562,0,1046,1005
1287563,0,1028,1002
1287564,0,1023,1001
1287565,0,1037,1017
1287566,0,1025,1011
1287567,0,1034,1002
1287568,0,1033,1015
1287569,0,1045,988
1287570,0,1035,1015
1287571,0,1036,1019
1287572,0,1038,1009
1287573,0,1041,1011
1287574,0,1038,999
1287575,0,1046,1003
1287576,0,1043,1009
1287577,0,1023,991
1287578,0,1041,1017
1287579,0,1061,996
1287580,0,1026,994
1287581,0,1035,1023
1287582,0,1047,1017
1287583,0,1033,999
1287584,0,1053,999
1287585,0,1043,994
1287586,0,1047,1015
1287587,0,1035,1011
1287588,0,1020,1004
1287589,0,1030,1001
1287590,0,1021,995
1287591,0,1032,1014
1287592,0,1039,1017
1287593,0,1043,1018
1287594,0,1034,1004
1287595,0,1047,991
1287596,0,1043,995
1287597,0,1035,1007
1287598,0,1021,997
1287599,0,1043,997
1287600,0,1037,1004
1287601,0,1033,1012
1287602,0,1031,998
1287603,0,1055,989
1287604,0,1029,991
1287605,0,1028,993
1287606,0,1032,997
1287607,0,1048,999
1287608,0,1044,995
1287609,0,1020,1015
1287610,0,1035,1007
1287611,0,1053,999
1287612,0,1047,994
1287613,0,1027,995
1287614,0,1035,992
1287615,0,1031,1011
1287616,0,1022,1025
1287617,0,1033,1020
1287618,0,1035,1000
1287619,0,1020,1002
1287620,0,1045,999
1287621,0,1047,1010
1287622,0,1046,1007
1287623,0,1051,1005
1287624,0,1013,1004
1287625,0,1025,1015
1287626,0,1025,984
1287627,0,1026,1001
1287628,0,1021,1014
1287629,0,1024,1014
1287630,0,1021,1009
1287631,0,1027,1016
1287632,0,1045,995
1287633,0,1040,999
1287634,0,1031,994
1287635,0,1043,1015
1287636,0,1027,1016
1287637,0,1041,998
1287638,0,1016,1006
1287639,0,1037,1015
1287640,0,1035,1021
1287641,0,1030,997
1287642,0,1036,1000
1287643,0,1045,1003
1287644,0,1027,1011
1287645,0,1053,1010
1287646,0,1025,999
1287647,0,1024,1005
1287648,0,1029,1013
1287649,0,1035,1010
1287650,0,1034,992
1287651,0,1047,1021
1287652,0,1039,997
1287653,0,1018,1007
1287654,0,1025,1016
1287655,0,1033,1022
1287656,0,1022,1003
1287657,0,1024,1007
1287658,0,1024,1001
1287659,0,1040,1024
1287660,0,1024,1019
1287661,0,1038,1023
1287662,0,1037,1018
1287663,0,1040,1011
1287664,0,1055,1016
1287665,0,1023,1008
1287666,0,1025,996
1287667,0,1047,1027
1287668,0,1032,1015
1287669,0,1033,1009
1287670,0,1035,1008
1287671,0,1036,1017
1287672,0,1051,1019
1287673,0,1030,1008
1287674,0,1019,1020
1287675,0,1057,1008
1287676,0,1039,997
1287677,0,1055,1004
1287678,0,1069,1015
1287679,0,1043,999
1287680,0,1047,1019
1287681,0,1051,1014
1287682,0,1033,1013
1287683,0,1058,1002
1287684,0,1024,1004
1287685,0,1039,1010
1287686,0,1047,1000
1287687,0,1043,999
1287688,0,1042,1013
1287689,0,1042,1009
1287690,0,1045,1001
1287691,0,1032,997
1287692,0,1024,1005
1287693,0,1047,1010
1287694,0,1047,1014
1287695,0,1035,1015
1287696,0,1067,1011
1287697,0,1045,989
1287698,0,1043,1009
1287699,0,1059,1005
1287700,0,1061,998
1287701,0,1040,991
1287702,0,1023,1004
1287703,0,1043,1019
1287704,0,1061,1013
1287705,0,1046,1005
1287706,0,1037,1004
1287707,0,1039,999
1287708,0,1035,976
1287709,0,1059,999
1287710,0,1023,1001
1287711,0,1035,1021
1287712,0,1043,998
1287713,0,1034,1005
1287714,0,1031,1003
1287715,0,1069,999
1287716,0,1051,998
1287717,0,1028,996
1287718,0,1053,1002
1287719,0,1045,1003
1287720,0,1037,1015
1287721,0,1049,992
1287722,0,1054,982
1287723,0,1041,1017
1287724,0,1035,1017
1287725,0,1034,1011
1287726,0,1043,1006
1287727,0,1030,1009
1287728,0,1032,1023
1287729,0,1038,999
1287730,0,1033,1019
1287731,0,1040,1005
1287732,0,1042,1005
1287733,0,1030,1002
1287734,0,1038,1019
1287735,0,1044,995
1287736,0,1043,992
1287737,0,1033,994
1287738,0,1043,997
1287739,0,1025,992
1287740,0,1047,1001
1287741,0,1055,1011
1287742,0,1053,1008
1287743,0,1044,1001
1287744,0,1045,1007
1287745,0,1049,1025
1287746,0,1036,1009
1287747,0,1036,1019
1287748,0,1051,1007
1287749,0,1056,1001
1287750,0,1039,1008
1287751,0,1033,999
1287752,0,1040,1002
1287753,0,1020,1001
1287754,0,1035,1007
1287755,0,1043,1003
1287756,0,1043,991
1287757,0,1050,999
1287758,0,1051,1006
1287759,0,1027,1007
1287760,0,1040,1002
1287761,0,1051,1007
1287762,0,1041,999
1287763,0,1046,1003
1287764,0,1042,1019
1287765,0,1045,1003
1287766,0,1057,1007
1287767,0,1042,1014
1287768,0,1043,1005
1287769,0,1028,992
1287770,0,1049,993
1287771,0,1050,1003
1287772,0,1031,1009
1287773,0,1042,1001
1287774,0,1030,1013
1287775,0,1044,1027
1287776,0,1025,1043
1287777,0,1040,1063
1287778,0,1050,1119
1287779,0,1028,1179
1287780,0,1038,1219
1287781,0,1037,1258
1287782,0,1044,1327
1287783,0,1027,1333
1287784,0,1032,1328
1287785,0,1051,1343
1287786,0,1046,1343
1287787,0,1036,1304
1287788,0,1043,1323
1287789,0,1042,1286
1287790,0,1027,1300
1287791,0,1032,1280
1287792,0,1041,1253
1287793,0,1030,1275
1287794,0,1028,1241
1287795,0,1041,1212
1287796,0,1051,1207
1287797,0,1048,1200
1287798,0,1037,1209
1287799,0,1078,1181
1287800,0,1099,1202
1287801,0,1136,1203
1287802,0,1215,1172
1287803,0,1255,1157
1287804,0,1306,1183
1287805,0,1351,1155
1287806,0,1385,1128
1287807,0,1360,1151
1287808,0,1411,1167
1287809,0,1361,1137
1287810,0,1381,1118
1287811,0,1343,1112
1287812,0,1342,1110
1287813,0,1304,1097
1287814,0,1311,1105
1287815,0,1291,1106
1287816,0,1279,1094
1287817,0,1287,1084
1287818,0,1269,1080
1287819,0,1249,1084
1287820,0,1263,1082
1287821,0,1224,1095
1287822,0,1246,1087
1287823,0,1192,1094
1287824,0,1230,1072
1287825,0,1231,1074
1287826,0,1215,1083
1287827,0,1189,1079
1287828,0,1191,1048
1287829,0,1172,1048
1287830,0,1148,1056
1287831,0,1167,1061
1287832,0,1163,1061
1287833,0,1173,1068
1287834,0,1140,1044
1287835,0,1141,1046
1287836,0,1159,1047
1287837,0,1123,1048
1287838,0,1119,1030
1287839,0,1114,1049
1287840,0,1131,1011
1287841,0,1130,1030
1287842,0,1123,1036
1287843,0,1107,1016
1287844,0,1107,1032
1287845,0,1102,1043
1287846,0,1088,1035
1287847,0,1097,1033
1287848,0,1091,1017
1287849,0,1109,1030
1287850,0,1101,1031
1287851,0,1099,1034
1287852,0,1080,1028
1287853,0,1072,1025
1287854,0,1090,1012
1287855,0,1077,1008
1287856,0,1087,1026
1287857,0,1084,1021
1287858,0,1095,1020
1287859,0,1070,1002
1287860,0,1059,1018
1287861,0,1059,1008
1287862,0,1058,1014
1287863,0,1053,999
1287864,0,1057,992
1287865,0,1045,997
1287866,0,1049,1011
1287867,0,1061,998
1287868,0,1071,1021
1287869,0,1042,1021
1287870,0,1044,998
1287871,0,1044,1008
1287872,0,1051,1023
1287873,0,1038,1001
1287874,0,1053,1019
1287875,0,1054,1021
1287876,0,1031,1015
1287877,0,1044,1009
1287878,0,1028,1007
1287879,0,1033,1006
1287880,0,1051,992
1287881,0,1057,1016
1287882,0,1055,992
1287883,0,1057,1000
1287884,0,1038,1010
1287885,0,1031,1003
1287886,0,1028,1020
1287887,0,1059,1016
1287888,0,1031,1021
1287889,0,1039,1011
1287890,0,1032,1019
1287891,0,1042,1009
1287892,0,1029,1011
1287893,0,1046,1008
1287894,0,1025,1009
1287895,0,1034,1010
1287896,0,1041,1015
1287897,0,1026,1005
1287898,0,1046,1025
1287899,0,1039,1001
1287900,0,1024,1018
1287901,0,1028,983
1287902,0,1049,999
1287903,0,1035,993
1287904,0,1041,999
1287905,0,1033,1004
1287906,0,1037,1028
1287907,0,1028,1021
1287908,0,1051,1007
1287909,0,1035,1000
1287910,0,1023,1012
1287911,0,1029,1009
1287912,0,1051,1004
1287913,0,1024,1002
1287914,0,1039,972
1287915,0,1035,997
1287916,0,1039,1017
1287917,0,1021,1012
1287918,0,1039,994
1287919,0,1038,1001
1287920,0,1033,1025
1287921,0,1012,980
1287922,0,1019,1015
1287923,0,1035,998
1287924,0,1047,994
1287925,0,1029,1016
1287926,0,1041,1017
1287927,0,1029,1004
1287928,0,1026,996
1287929,0,1030,1013
1287930,0,1024,1003
1287931,0,1023,999
1287932,0,1020,1011
1287933,0,1031,1006
1287934,0,1042,1003
1287935,0,1045,996
1287936,0,1034,993
1287937,0,1031,1024
1287938,0,1015,1000
1287939,0,1020,994
1287940,0,1031,1004
1287941,0,1039,1017
1287942,0,1018,1002
1287943,0,1027,1015
1287944,0,1036,1001
1287945,0,1053,1000
1287946,0,1031,1000
1287947,0,1022,1003
1287948,0,1028,1015
1287949,0,1010,1014
1287950,0,1029,1000
1287951,0,1036,1009
1287952,0,1024,1021
1287953,0,1028,1008
1287954,0,1035,1003
1287955,0,1014,1004
1287956,0,1035,994
1287957,0,1039,995
1287958,0,1019,1008
1287959,0,1041,1003
1287960,0,1032,996
1287961,0,1020,999
1287962,0,1023,999
1287963,0,1039,1002
1287964,0,1020,1020
1287965,0,1033,1007
1287966,0,1043,1011
1287967,0,1051,992
1287968,0,1031,1013
1287969,0,1026,1013
1287970,0,1022,1017
1287971,0,1033,992
1287972,0,1027,997
1287973,0,1045,1009
1287974,0,1025,995
1287975,0,1026,1004
1287976,0,1031,999
1287977,0,1025,999
1287978,0,1029,1017
1287979,0,1038,1007
1287980,0,1039,1011
1287981,0,1050,1000
1287982,0,1042,1003
1287983,0,1026,989
1287984,0,1027,1005
1287985,0,1019,993
1287986,0,1023,1003
1287987,0,1032,996
1287988,0,1023,1004
1287989,0,1025,983
1287990,0,1039,1023
1287991,0,1030,1007
1287992,0,1025,1008
1287993,0,1041,1007
1287994,0,1023,986
1287995,0,1016,993
1287996,0,1019,997
1287997,0,1045,993
1287998,0,1014,1000
1287999,0,1051,1011
1288000,0,1033,992
1288001,0,1039,994
1288002,0,1034,998
1288003,0,1028,1007
1288004,0,1031,1013
1288005,0,1042,1008
1288006,0,1029,989
1288007,0,1019,1007
1288008,0,1033,997
1288009,0,1036,993
1288010,0,1013,1001
1288011,0,1038,978
1288012,0,1047,995
1288013,0,1027,998
1288014,0,1043,1007
1288015,0,1015,1002
1288016,0,1044,1000
1288017,0,1033,1000
1288018,0,1042,985
1288019,0,1051,1003
1288020,0,1024,1007
1288021,0,1021,1001
1288022,0,1028,993
1288023,0,1024,1011
1288024,0,1037,1007
1288025,0,1029,1007
1288026,0,1035,1009
1288027,0,1030,1004
1288028,0,1018,1005
1288029,0,1027,1005
1288030,0,1001,1015
1288031,0,1020,994
1288032,0,1018,1006
1288033,0,1031,1006
1288034,0,1038,1003
1288035,0,1031,1016
1288036,0,1031,1023
1288037,0,1020,1007
1288038,0,1038,1001
1288039,0,1019,1006
1288040,0,1047,1017
1288041,0,1034,1015
1288042,0,1042,1010
1288043,0,1020,1018
1288044,0,1025,1003
1288045,0,1035,1006
1288046,0,1022,1002
1288047,0,1027,1007
1288048,0,1013,1027
1288049,0,1014,1009
1288050,0,1034,1015
1288051,0,1039,1017
1288052,0,1039,1019
1288053,0,1029,1015
1288054,0,1013,1011
1288055,0,1033,1029
1288056,0,1017,1000
1288057,0,1029,1003
1288058,0,1029,1004
1288059,0,1029,1023
1288060,0,1004,1008
1288061,0,1031,1019
1288062,0,1023,1008
1288063,0,1020,1031
1288064,0,1025,1007
1288065,0,1026,1013
1288066,0,1023,1016
1288067,0,1037,1031
1288068,0,1023,1007
1288069,0,1038,997
1288070,0,1041,1008
1288071,0,1050,1024
1288072,0,1039,1011
1288073,0,1033,1009
1288074,0,1049,1007
1288075,0,1031,1005
1288076,0,1029,1007
1288077,0,1040,1002
1288078,0,1048,1004
1288079,0,1054,1007
1288080,0,1027,1013
1288081,0,1057,1007
1288082,0,1029,1003
1288083,0,1057,1008
1288084,0,1033,1002
1288085,0,1042,1003
1288086,0,1047,1009
1288087,0,1043,1001
1288088,0,1055,999
1288089,0,1035,1006
1288090,0,1035,1014
1288091,0,1031,997
1288092,0,1043,1002
1288093,0,1024,992
1288094,0,1020,994
1288095,0,1035,991
1288096,0,1029,999
1288097,0,1040,1010
1288098,0,1048,992
1288099,0,1050,996
1288100,0,1050,991
1288101,0,1047,999
1288102,0,1027,1011
1288103,0,1023,991
1288104,0,1040,992
1288105,0,1029,1005
1288106,0,1049,994
1288107,0,1023,1001
1288108,0,1035,992
1288109,0,1032,998
1288110,0,1032,1009
1288111,0,1013,1013
1288112,0,1034,1017
1288113,0,1033,1009
1288114,0,1041,1009
1288115,0,1030,1002
1288116,0,1026,1005
1288117,0,1024,998
1288118,0,1032,999
1288119,0,1023,997
1288120,0,1018,1013
1288121,0,1023,1015
1288122,0,1032,1015
1288123,0,1040,1011
1288124,0,1033,1015
1288125,0,1028,1019
1288126,0,1035,1006
1288127,0,1025,988
1288128,0,1041,987
1288129,0,1046,992
1288130,0,1043,1007
1288131,0,1042,992
1288132,0,1029,1013
1288133,0,1047,980
1288134,0,1049,1006
1288135,0,1025,996
1288136,0,1036,1007
1288137,0,1031,998
1288138,0,1033,1011
1288139,0,1047,993
1288140,0,1036,1001
1288141,0,1036,1004
1288142,0,1029,1015
1288143,0,1044,1026
1288144,0,1046,1030
1288145,0,1031,1009
1288146,0,1041,994
1288147,0,1051,1008
1288148,0,1029,1017
1288149,0,1039,1005
1288150,0,1038,995
1288151,0,1055,1006
1288152,0,1034,987
1288153,0,1047,1015
1288154,0,1035,1001
1288155,0,1034,1007
1288156,0,1034,981
1288157,0,1028,991
1288158,0,1035,1007
1288159,0,1033,1014
1288160,0,1041,987
1288161,0,1047,1007
1288162,0,1047,1002
1288163,0,1036,1007
1288164,0,1028,1006
1288165,0,1043,1008
1288166,0,1035,1027
1288167,0,1047,987
1288168,0,1039,1009
1288169,0,1036,1016
1288170,0,1025,1020
1288171,0,1033,1074
1288172,0,1042,1133
1288173,0,1032,1177
1288174,0,1035,1223
1288175,0,1032,1244
1288176,0,1035,1318
1288177,0,1027,1304
1288178,0,1027,1351
1288179,0,1034,1328
1288180,0,1033,1323
1288181,0,1027,1339
1288182,0,1063,1323
1288183,0,1049,1317
1288184,0,1031,1270
1288185,0,1017,1275
1288186,0,1027,1246
1288187,0,1031,1244
1288188,0,1046,1271
1288189,0,1049,1217
1288190,0,1039,1203
1288191,0,1039,1215
1288192,0,1055,1196
1288193,0,1053,1203
1288194,0,1095,1192
1288195,0,1123,1191
1288196,0,1167,1185
1288197,0,1207,1152
1288198,0,1283,1174
1288199,0,1315,1154
1288200,0,1351,1132
1288201,0,1387,1120
1288202,0,1360,1127
1288203,0,1368,1133
1288204,0,1368,1108
1288205,0,1341,1123
1288206,0,1343,1118
1288207,0,1351,1117
1288208,0,1302,1109
1288209,0,1297,1096
1288210,0,1279,1094
1288211,0,1294,1076
1288212,0,1287,1091
1288213,0,1271,1083
1288214,0,1248,1089
1288215,0,1240,1064
1288216,0,1216,1083
1288217,0,1251,1068
1288218,0,1204,1044
1288219,0,1235,1059
1288220,0,1187,1063
1288221,0,1191,1063
1288222,0,1189,1061
1288223,0,1187,1036
1288224,0,1157,1047
1288225,0,1171,1057
1288226,0,1149,1046
1288227,0,1163,1048
1288228,0,1160,1020
1288229,0,1167,1053
1288230,0,1128,1032
1288231,0,1163,1020
1288232,0,1150,1050
1288233,0,1111,1024
1288234,0,1135,1024
1288235,0,1118,1034
1288236,0,1112,1033
1288237,0,1114,1018
1288238,0,1107,1039
1288239,0,1120,1043
1288240,0,1104,1025
1288241,0,1092,1034
1288242,0,1086,1021
1288243,0,1092,1030
1288244,0,1088,1027
1288245,0,1094,1024
1288246,0,1107,1022
1288247,0,1109,1019
1288248,0,1090,1011
1288249,0,1099,1023
1288250,0,1089,1017
1288251,0,1052,1015
1288252,0,1080,1013
1288253,0,1056,1008
1288254,0,1068,1022
1288255,0,1070,1001
1288256,0,1073,1013
1288257,0,1065,1020
1288258,0,1060,1000
1288259,0,1052,1002
1288260,0,1057,1010
1288261,0,1068,1017
1288262,0,1056,1003
1288263,0,1058,997
1288264,0,1063,1003
1288265,0,1054,1000
1288266,0,1052,1013
1288267,0,1061,1011
1288268,0,1042,991
1288269,0,1044,1007
1288270,0,1034,1015
1288271,0,1046,993
1288272,0,1059,1017
1288273,0,1059,977
1288274,0,1047,993
1288275,0,1055,988
1288276,0,1062,1006
1288277,0,1055,1005
1288278,0,1067,1015
1288279,0,1041,1005
1288280,0,1051,1007
1288281,0,1044,1007
1288282,0,1053,1010
1288283,0,1049,1002
1288284,0,1038,1006
1288285,0,1019,999
1288286,0,1032,1003
1288287,0,1040,985
1288288,0,1046,1002
1288289,0,1057,983
1288290,0,1036,1003
1288291,0,1055,991
1288292,0,1057,1026
1288293,0,1041,999
1288294,0,1050,1005
1288295,0,1041,992
1288296,0,1032,978
1288297,0,1062,1008
1288298,0,1054,1006
1288299,0,1052,991
1288300,0,1017,1012
1288301,0,1040,998
1288302,0,1050,981
1288303,0,1034,1003
1288304,0,1027,997
1288305,0,1046,1017
1288306,0,1034,1013
1288307,0,1042,991
1288308,0,1032,996
1288309,0,1053,995
1288310,0,1035,1003
1288311,0,1030,994
1288312,0,1042,1000
1288313,0,1027,1004
1288314,0,1033,997
1288315,0,1034,993
1288316,0,1052,1001
1288317,0,1045,999
1288318,0,1037,994
1288319,0,1037,991
1288320,0,1033,979
1288321,0,1020,997
1288322,0,1044,991
1288323,0,1030,1006
1288324,0,1044,1011
1288325,0,1035,1004
1288326,0,1023,1002
1288327,0,1031,1000
1288328,0,1040,1020
1288329,0,1038,1007
1288330,0,1037,1000
1288331,0,1047,999
1288332,0,1035,1001
1288333,0,1043,1001
1288334,0,1034,1007
1288335,0,1035,994
1288336,0,1027,992
1288337,0,1035,991
1288338,0,1059,989
1288339,0,1051,1004
1288340,0,1048,994
1288341,0,1049,1006
1288342,0,1047,987
1288343,0,1031,1001
1288344,0,1033,1000
1288345,0,1041,1007
1288346,0,1026,999
1288347,0,1021,1001
1288348,0,1030,992
1288349,0,1037,1028
1288350,0,1037,982
1288351,0,1027,1007
1288352,0,1029,993
1288353,0,1017,1005
1288354,0,1015,1010
1288355,0,1034,1020
1288356,0,1034,1001
1288357,0,1031,994
1288358,0,1031,1002
1288359,0,1043,1012
1288360,0,1034,1003
1288361,0,1022,995
1288362,0,1033,995
1288363,0,1039,1001
1288364,0,1024,998
1288365,0,1033,1005
1288366,0,1028,987
1288367,0,1047,1015
1288368,0,1021,1007
1288369,0,1046,979
1288370,0,1027,991
1288371,0,1043,998
1288372,0,1062,992
1288373,0,1039,997
1288374,0,1026,987
1288375,0,1047,995
1288376,0,1025,971
1288377,0,1031,1005
1288378,0,1042,983
1288379,0,1044,987
1288380,0,1043,992
1288381,0,1024,1001
1288382,0,1032,1013
1288383,0,1029,1004
1288384,0,1039,1018
1288385,0,1041,995
1288386,0,1024,1026
1288387,0,1051,1018
1288388,0,1044,986
1288389,0,1045,993
1288390,0,1034,1004
1288391,0,1045,1009
1288392,0,1032,1003
1288393,0,1038,1010
1288394,0,1021,1003
1288395,0,1051,1007
1288396,0,1055,995
1288397,0,1037,1001
1288398,0,1031,1001
1288399,0,1050,980
1288400,0,1039,989
1288401,0,1042,1010
1288402,0,1029,1003
1288403,0,1024,990
1288404,0,1041,1005
1288405,0,1031,987
1288406,0,1035,988
1288407,0,1049,985
1288408,0,1040,976
1288409,0,1045,1003
1288410,0,1029,1003
1288411,0,1028,1008
1288412,0,1035,991
1288413,0,1019,1009
1288414,0,1028,1008
1288415,0,1043,1007
1288416,0,1044,1001
1288417,0,1035,1010
1288418,0,1041,1010
1288419,0,1035,999
1288420,0,1042,1001
1288421,0,1027,990
1288422,0,1042,999
1288423,0,1023,1003
1288424,0,1039,976
1288425,0,1037,999
1288426,0,1028,995
1288427,0,1024,1019
1288428,0,1022,992
1288429,0,1029,1007
1288430,0,1044,1001
1288431,0,1040,1000
1288432,0,1038,995
1288433,0,1024,997
1288434,0,1043,997
1288435,0,1037,999
1288436,0,1046,991
1288437,0,1033,1006
1288438,0,1026,983
1288439,0,1020,1006
1288440,0,1042,1000
1288441,0,1025,999
1288442,0,1037,1007
1288443,0,1039,1004
1288444,0,1033,993
1288445,0,1026,1004
1288446,0,1022,1009
1288447,0,1017,1007
1288448,0,1028,1007
1288449,0,1028,1004
1288450,0,1017,1000
1288451,0,1051,1031
1288452,0,1036,996
1288453,0,1028,1002
1288454,0,1043,1038
1288455,0,1039,1018
1288456,0,1025,1014
1288457,0,1028,1021
1288458,0,1037,1003
1288459,0,1012,1010
1288460,0,1031,1002
1288461,0,1034,1007
1288462,0,1039,1015
1288463,0,1030,1009
1288464,0,1029,1010
1288465,0,1023,992
1288466,0,1046,994
1288467,0,1053,988
1288468,0,1045,1011
1288469,0,1025,1008
1288470,0,1038,998
1288471,0,1039,988
1288472,0,1047,1006
1288473,0,1037,1001
1288474,0,1048,1004
1288475,0,1053,1016
1288476,0,1044,996
1288477,0,1043,1011
1288478,0,1027,1001
1288479,0,1041,1016
1288480,0,1024,1003
1288481,0,1055,1015
1288482,0,1045,990
1288483,0,1059,997
1288484,0,1042,1013
1288485,0,1045,992
1288486,0,1028,1007
1288487,0,1033,980
1288488,0,1029,1005
1288489,0,1026,1003
1288490,0,1029,1006
1288491,0,1045,995
1288492,0,1038,1003
1288493,0,1017,1015
1288494,0,1016,1000
1288495,0,1043,1004
1288496,0,1029,1012
1288497,0,1034,1007
1288498,0,1036,1002
1288499,0,1035,999
1288500,0,1047,981
1288501,0,1035,1001
1288502,0,1043,1007
1288503,0,1027,994
1288504,0,1036,999
1288505,0,1044,1000
1288506,0,1034,1004
1288507,0,1028,999
1288508,0,1023,987
1288509,0,1043,986
1288510,0,1046,980
1288511,0,1033,1020
1288512,0,1024,1004
1288513,0,1039,995
1288514,0,1031,992
1288515,0,1017,1011
1288516,0,1031,995
1288517,0,1041,1010
1288518,0,1024,999
1288519,0,1055,988
1288520,0,1059,997
1288521,0,1040,995
1288522,0,1045,999
1288523,0,1030,1017
1288524,0,1037,1001
1288525,0,1021,996
1288526,0,1028,1005
1288527,0,1027,1010
1288528,0,1035,989
1288529,0,1031,1009
1288530,0,1034,1023
1288531,0,1049,1011
1288532,0,1034,1027
1288533,0,1045,1007
1288534,0,1046,1024
1288535,0,1037,1005
1288536,0,1043,992
1288537,0,1046,997
1288538,0,1048,999
1288539,0,1039,1013
1288540,0,1033,983
1288541,0,1040,995
1288542,0,1031,997
1288543,0,1032,993
1288544,0,1035,993
1288545,0,1042,995
1288546,0,1051,990
1288547,0,1021,1005
1288548,0,1040,988
1288549,0,1047,992
1288550,0,1041,993
1288551,0,1054,1006
1288552,0,1028,1003
1288553,0,1042,1000
1288554,0,1030,1004
1288555,0,1025,1021
1288556,0,1034,1015
1288557,0,1035,1004
1288558,0,1025,1017
1288559,0,1038,987
1288560,0,1032,1001
1288561,0,1025,1001
1288562,0,1041,1007
1288563,0,1036,1011
1288564,0,1049,1017
1288565,0,1051,1008
1288566,0,1057,1005
1288567,0,1029,991
1288568,0,1018,1044
1288569,0,1041,1079
1288570,0,1030,1117
1288571,0,1039,1160
1288572,0,1017,1215
1288573,0,1036,1267
1288574,0,1041,1318
1288575,0,1051,1318
1288576,0,1024,1308
1288577,0,1039,1320
1288578,0,1028,1347
1288579,0,1057,1321
1288580,0,1037,1327
1288581,0,1036,1288
1288582,0,1024,1290
1288583,0,1035,1271
1288584,0,1042,1251
1288585,0,1026,1251
1288586,0,1033,1254
1288587,0,1017,1241
1288588,0,1044,1223
1288589,0,1024,1214
1288590,0,1049,1202
1288591,0,1071,1172
1288592,0,1105,1176
1288593,0,1151,1161
1288594,0,1211,1148
1288595,0,1279,1165
1288596,0,1310,1156
1288597,0,1332,1175
1288598,0,1358,1120
1288599,0,1360,1151
1288600,0,1391,1147
1288601,0,1352,1131
1288602,0,1379,1119
1288603,0,1359,1108
1288604,0,1320,1095
1288605,0,1319,1105
1288606,0,1314,1105
1288607,0,1270,1105
1288608,0,1279,1077
1288609,0,1263,1095
1288610,0,1271,1107
1288611,0,1261,1079
1288612,0,1232,1085
1288613,0,1212,1067
1288614,0,1217,1083
1288615,0,1231,1079
1288616,0,1225,1055
1288617,0,1203,1053
1288618,0,1207,1059
1288619,0,1218,1063
1288620,0,1189,1063
1288621,0,1184,1051
1288622,0,1152,1067
1288623,0,1167,1045
1288624,0,1152,1029
1288625,0,1136,1044
1288626,0,1145,1051
1288627,0,1151,1063
1288628,0,1151,1055
1288629,0,1128,1028
1288630,0,1123,1047
1288631,0,1147,1024
1288632,0,1133,1016
1288633,0,1109,1035
1288634,0,1121,1008
1288635,0,1104,1027
1288636,0,1088,1034
1288637,0,1095,1030
1288638,0,1095,1020
1288639,0,1097,1018
1288640,0,1093,1031
1288641,0,1087,1019
1288642,0,1073,994
1288643,0,1085,1010
1288644,0,1091,1008
1288645,0,1067,1019
1288646,0,1067,1014
1288647,0,1060,1035
1288648,0,1069,1021
1288649,0,1067,1024
1288650,0,1059,1026
1288651,0,1079,1020
1288652,0,1071,1029
1288653,0,1074,1010
1288654,0,1075,999
1288655,0,1066,1013
1288656,0,1071,1003
1288657,0,1079,1010
1288658,0,1058,996
1288659,0,1058,1015
1288660,0,1057,1005
1288661,0,1075,984
1288662,0,1038,998
1288663,0,1049,1017
1288664,0,1034,1007
1288665,0,1063,1011
1288666,0,1062,1016
1288667,0,1053,1001
1288668,0,1050,1023
1288669,0,1042,994
1288670,0,1055,1013
1288671,0,1065,1013
1288672,0,1046,1001
1288673,0,1038,1010
1288674,0,1055,995
1288675,0,1043,1009
1288676,0,1067,1007
1288677,0,1065,1007
1288678,0,1037,997
1288679,0,1040,984
1288680,0,1039,1006
1288681,0,1042,998
1288682,0,1040,1002
1288683,0,1020,999
1288684,0,1037,1016
1288685,0,1043,998
1288686,0,1043,1002
1288687,0,1071,984
1288688,0,1051,1010
1288689,0,1035,1001
1288690,0,1045,995
1288691,0,1038,995
1288692,0,1035,997
1288693,0,1027,998
1288694,0,1043,1013
1288695,0,1052,993
1288696,0,1047,992
1288697,0,1021,1001
1288698,0,1057,1002
1288699,0,1051,1005
1288700,0,1058,984
1288701,0,1036,1006
1288702,0,1051,1007
1288703,0,1030,1013
1288704,0,1045,993
1288705,0,1060,994
1288706,0,1037,1003
1288707,0,1030,1001
1288708,0,1036,1005
1288709,0,1034,1013
1288710,0,1032,1001
1288711,0,1034,987
1288712,0,1030,1014
1288713,0,1045,997
1288714,0,1034,994
1288715,0,1034,1022
1288716,0,1021,997
1288717,0,1040,1006
1288718,0,1022,999
1288719,0,1037,995
1288720,0,1026,987
1288721,0,1042,1013
1288722,0,1024,990
1288723,0,1027,991
1288724,0,1028,1009
1288725,0,1032,1022
1288726,0,1042,1021
1288727,0,1022,1005
1288728,0,1022,1001
1288729,0,1025,998
1288730,0,1039,992
1288731,0,1033,1003
1288732,0,1023,1010
1288733,0,1039,998
1288734,0,1036,1015
1288735,0,1034,1007
1288736,0,1028,1021
1288737,0,1039,999
1288738,0,1039,1011
1288739,0,1041,1015
1288740,0,1025,992
1288741,0,1021,1002
1288742,0,1033,1008
1288743,0,1038,999
1288744,0,1023,1003
1288745,0,1019,998
1288746,0,1030,1014
1288747,0,1045,1015
1288748,0,1018,1012
1288749,0,1046,994
1288750,0,1035,1015
1288751,0,1041,1010
1288752,0,1034,992
1288753,0,1041,996
1288754,0,1046,1004
1288755,0,1037,988
1288756,0,1029,1006
1288757,0,1024,1014
1288758,0,1030,1010
1288759,0,1027,1015
1288760,0,1042,996
1288761,0,1049,992
1288762,0,1023,1003
1288763,0,1029,1007
1288764,0,1046,1000
1288765,0,1022,1004
1288766,0,1023,1003
1288767,0,1044,1005
1288768,0,1023,1010
1288769,0,1039,1007
1288770,0,1022,1012
1288771,0,1046,1000
1288772,0,1044,999
1288773,0,1039,1004
1288774,0,1032,1000
1288775,0,1024,1015
1288776,0,1040,1003
1288777,0,1039,995
1288778,0,1031,1003
1288779,0,1030,993
1288780,0,1021,1005
1288781,0,1039,984
1288782,0,1054,982
1288783,0,1041,1018
1288784,0,1052,996
1288785,0,1027,989
1288786,0,1039,992
1288787,0,1041,1007
1288788,0,1045,993
1288789,0,1042,992
1288790,0,1050,1004
1288791,0,1028,1005
1288792,0,1032,996
1288793,0,1036,984
1288794,0,1043,996
1288795,0,1047,1008
1288796,0,1054,992
1288797,0,1043,1010
1288798,0,1040,989
1288799,0,1041,1000
1288800,0,1038,1010
1288801,0,1031,1004
1288802,0,1037,1011
1288803,0,1020,1003
1288804,0,1034,1007
1288805,0,1028,1003
1288806,0,1023,1000
1288807,0,1041,998
1288808,0,1049,992
1288809,0,1058,1011
1288810,0,1039,1002
1288811,0,1012,1019
1288812,0,1033,1013
1288813,0,1025,1002
1288814,0,1026,1009
1288815,0,1024,999
1288816,0,1041,1022
1288817,0,1035,1010
1288818,0,1033,988
1288819,0,1056,1011
1288820,0,1031,1005
1288821,0,1032,1001
1288822,0,1039,1011
1288823,0,1053,1000
1288824,0,1027,987
1288825,0,1039,1007
1288826,0,1032,987
1288827,0,1030,1005
1288828,0,1042,1009
1288829,0,1031,1000
1288830,0,1031,999
1288831,0,1033,1001
1288832,0,1037,988
1288833,0,1042,998
1288834,0,1031,1010
1288835,0,1025,999
1288836,0,1037,1004
1288837,0,1030,1017
1288838,0,1019,1011
1288839,0,1043,1009
1288840,0,1022,1023
1288841,0,1013,1011
1288842,0,1037,1010
1288843,0,1048,1014
1288844,0,1042,1021
1288845,0,1031,1014
1288846,0,1025,1003
1288847,0,1027,1007
1288848,0,1045,1002
1288849,0,1044,1017
1288850,0,1029,986
1288851,0,1022,1003
1288852,0,1029,989
1288853,0,1016,1011
1288854,0,1033,1003
1288855,0,1032,999
1288856,0,1055,1007
1288857,0,1036,998
1288858,0,1039,1014
1288859,0,1050,1021
1288860,0,1024,998
1288861,0,1038,995
1288862,0,1051,1007
1288863,0,1030,997
1288864,0,1046,1021
1288865,0,1045,1015
1288866,0,1057,1007
1288867,0,1057,1017
1288868,0,1048,1012
1288869,0,1025,1012
1288870,0,1047,1002
1288871,0,1035,1009
1288872,0,1040,1005
1288873,0,1031,1015
1288874,0,1037,991
1288875,0,1042,993
1288876,0,1048,984
1288877,0,1045,992
1288878,0,1044,1002
1288879,0,1049,1001
1288880,0,1048,1005
1288881,0,1044,998
1288882,0,1036,979
1288883,0,1020,1001
1288884,0,1044,992
1288885,0,1045,990
1288886,0,1025,1032
1288887,0,1035,1023
1288888,0,1023,1005
1288889,0,1043,1000
1288890,0,1052,987
1288891,0,1039,996
1288892,0,1027,1004
1288893,0,1055,992
1288894,0,1040,1007
1288895,0,1045,1007
1288896,0,1033,1015
1288897,0,1055,1003
1288898,0,1042,999
1288899,0,1050,994
1288900,0,1038,1019
1288901,0,1039,1006
1288902,0,1043,1003
1288903,0,1041,1011
1288904,0,1029,1013
1288905,0,1035,992
1288906,0,1033,986
1288907,0,1039,1003
1288908,0,1055,1012
1288909,0,1035,996
1288910,0,1050,1027
1288911,0,1049,1001
1288912,0,1043,1001
1288913,0,1050,1015
1288914,0,1039,1008
1288915,0,1035,1012
1288916,0,1039,995
1288917,0,1029,995
1288918,0,1046,1001
1288919,0,1025,1002
1288920,0,1044,1011
1288921,0,1038,992
1288922,0,1037,1009
1288923,0,1041,1000
1288924,0,1039,1006
1288925,0,1047,993
1288926,0,1037,1003
1288927,0,1032,1001
1288928,0,1043,991
1288929,0,1032,1002
1288930,0,1023,987
1288931,0,1039,992
1288932,0,1024,1015
1288933,0,1033,1011
1288934,0,1042,1001
1288935,0,1034,992
1288936,0,1042,990
1288937,0,1042,987
1288938,0,1033,991
1288939,0,1012,999
1288940,0,1043,990
1288941,0,1028,1001
1288942,0,1045,1008
1288943,0,1047,1006
1288944,0,1028,1009
1288945,0,1036,1006
1288946,0,1034,988
1288947,0,1024,1005
1288948,0,1039,997
1288949,0,1035,996
1288950,0,1039,1006
1288951,0,1026,1002
1288952,0,1036,1012
1288953,0,1042,1011
1288954,0,1039,1006
1288955,0,1026,999
1288956,0,1045,991
1288957,0,1044,995
1288958,0,1037,1011
1288959,0,1031,1005
1288960,0,1029,1012
1288961,0,1031,1043
1288962,0,1038,1080
1288963,0,1017,1131
1288964,0,1030,1182
1288965,0,1034,1212
1288966,0,1025,1272
1288967,0,1037,1303
1288968,0,1015,1300
1288969,0,1036,1320
1288970,0,1039,1347
1288971,0,1029,1327
1288972,0,1030,1323
1288973,0,1024,1288
1288974,0,1031,1325
1288975,0,1024,1272
1288976,0,1030,1248
1288977,0,1029,1273
1288978,0,1039,1279
1288979,0,1043,1263
1288980,0,1026,1228
1288981,0,1032,1207
1288982,0,1043,1228
1288983,0,1049,1180
1288984,0,1075,1191
1288985,0,1106,1179
1288986,0,1145,1175
1288987,0,1239,1184
1288988,0,1256,1175
1288989,0,1323,1142
1288990,0,1349,1138
1288991,0,1373,1124
1288992,0,1381,1112
1288993,0,1361,1123
1288994,0,1367,1108
1288995,0,1339,1135
1288996,0,1351,1116
1288997,0,1298,1109
1288998,0,1328,1100
1288999,0,1283,1093
1289000,0,1284,1099
1289001,0,1277,1093
1289002,0,1269,1097
1289003,0,1236,1071
1289004,0,1250,1076
1289005,0,1235,1075
1289006,0,1220,1070
1289007,0,1225,1067
1289008,0,1219,1083
1289009,0,1213,1050
1289010,0,1215,1057
1289011,0,1184,1061
1289012,0,1181,1048
1289013,0,1176,1033
1289014,0,1152,1035
1289015,0,1140,1046
1289016,0,1162,1043
1289017,0,1171,1065
1289018,0,1162,1047
1289019,0,1149,1038
1289020,0,1132,1025
1289021,0,1148,1038
1289022,0,1117,1012
1289023,0,1107,1027
1289024,0,1135,1014
1289025,0,1117,1018
1289026,0,1133,1000
1289027,0,1107,1007
1289028,0,1101,1019
1289029,0,1111,1023
1289030,0,1115,1013
1289031,0,1095,1004
1289032,0,1084,1014
1289033,0,1079,1021
1289034,0,1091,1002
1289035,0,1106,1016
1289036,0,1076,997
1289037,0,1087,1008
1289038,0,1092,1021
1289039,0,1059,1017
1289040,0,1054,1027
1289041,0,1087,1012
1289042,0,1082,1012
1289043,0,1075,999
1289044,0,1044,1000
1289045,0,1051,992
1289046,0,1065,1009
1289047,0,1048,1005
1289048,0,1059,1011
1289049,0,1051,1014
1289050,0,1053,1007
1289051,0,1056,1009
1289052,0,1054,1001
1289053,0,1073,996
1289054,0,1046,997
1289055,0,1063,1007
1289056,0,1033,1000
1289057,0,1061,999
1289058,0,1047,1000
1289059,0,1033,1006
1289060,0,1044,987
1289061,0,1037,1000
1289062,0,1064,1005
1289063,0,1053,1011
1289064,0,1045,1023
1289065,0,1043,1009
1289066,0,1050,996
1289067,0,1033,985
1289068,0,1041,997
1289069,0,1031,1007
1289070,0,1041,1009
1289071,0,1057,997
1289072,0,1041,1004
1289073,0,1032,1008
1289074,0,1030,1006
1289075,0,1039,1002
1289076,0,1031,1004
1289077,0,1040,1002
1289078,0,1039,1011
1289079,0,1018,1005
1289080,0,1046,1003
1289081,0,1033,1003
1289082,0,1049,999
1289083,0,1038,984
1289084,0,1026,1023
1289085,0,1025,1011
1289086,0,1024,998
1289087,0,1038,984
1289088,0,1043,993
1289089,0,1039,1005
1289090,0,1043,1001
1289091,0,1032,994
1289092,0,1030,1009
1289093,0,1045,1000
1289094,0,1036,1001
1289095,0,1033,1013
1289096,0,1020,990
1289097,0,1041,1003
1289098,0,1043,996
1289099,0,1051,993
1289100,0,1025,994
1289101,0,1034,1002
1289102,0,1026,1002
1289103,0,1038,997
1289104,0,1033,999
1289105,0,1031,1005
1289106,0,1025,995
1289107,0,1032,1008
1289108,0,1033,1009
1289109,0,1022,998
1289110,0,1046,1000
1289111,0,1029,997
1289112,0,1026,990
1289113,0,1025,1011
1289114,0,1016,997
1289115,0,1024,993
1289116,0,1029,992
1289117,0,1031,993
1289118,0,1052,992
1289119,0,1034,997
1289120,0,1040,996
1289121,0,1031,986
1289122,0,1022,1002
1289123,0,1029,1001
1289124,0,1030,1014
1289125,0,1023,1005
1289126,0,1024,1007
1289127,0,1019,1009
1289128,0,1025,1001
1289129,0,1030,990
1289130,0,1041,997
1289131,0,1019,1015
1289132,0,1030,1002
1289133,0,1021,1007
1289134,0,1037,995
1289135,0,1027,994
1289136,0,1035,998
1289137,0,1031,995
1289138,0,1029,983
1289139,0,1039,1003
1289140,0,1028,1001
1289141,0,1023,1019
1289142,0,1030,1006
1289143,0,1043,1011
1289144,0,1045,989
1289145,0,1023,995
1289146,0,1019,1004
1289147,0,1029,988
1289148,0,997,997
1289149,0,1023,1002
1289150,0,1035,996
1289151,0,1019,1009
1289152,0,1043,1010
1289153,0,1039,1011
1289154,0,1032,1009
1289155,0,1041,1013
1289156,0,1032,989
1289157,0,1023,1012
1289158,0,1037,989
1289159,0,1022,986
1289160,0,1035,1004
1289161,0,1031,1007
1289162,0,1041,998
1289163,0,1022,1004
1289164,0,1034,1025
1289165,0,1027,1000
1289166,0,1043,1015
1289167,0,1023,1014
1289168,0,1026,1014
1289169,0,1038,1000
1289170,0,1025,1005
1289171,0,1056,998
1289172,0,1029,985
1289173,0,1029,1001
1289174,0,1028,996
1289175,0,1051,1008
1289176,0,1031,1005
1289177,0,1028,986
1289178,0,1017,982
1289179,0,1034,992
1289180,0,1035,998
1289181,0,1017,1000
1289182,0,1014,1002
1289183,0,1017,1017
1289184,0,1033,996
1289185,0,1024,1025
1289186,0,1031,1011
1289187,0,1049,1006
1289188,0,1035,1004
1289189,0,1016,1007
1289190,0,1043,1015
1289191,0,1022,1006
1289192,0,1018,1004
1289193,0,1047,997
1289194,0,1043,1000
1289195,0,1031,993
1289196,0,1025,1000
1289197,0,1023,997
1289198,0,1028,1002
1289199,0,1033,1012
1289200,0,1025,1010
1289201,0,1015,1013
1289202,0,1028,1005
1289203,0,1028,1019
1289204,0,1042,1009
1289205,0,1022,1015
1289206,0,1029,1006
1289207,0,1010,1007
1289208,0,1023,1017
1289209,0,1034,1012
1289210,0,1036,1016
1289211,0,1028,1010
1289212,0,1037,992
1289213,0,1039,988
1289214,0,1024,1005
1289215,0,1033,991
1289216,0,1036,1008
1289217,0,1046,999
1289218,0,1025,997
1289219,0,1039,1003
1289220,0,1030,986
1289221,0,1050,1015
1289222,0,1024,1012
1289223,0,1041,1009
1289224,0,1026,1006
1289225,0,1031,1000
1289226,0,1035,993
1289227,0,1001,1005
1289228,0,1027,1000
1289229,0,1021,1013
1289230,0,1031,1012
1289231,0,1028,1020
1289232,0,1034,1017
1289233,0,1023,1010
1289234,0,1031,1037
1289235,0,1041,1008
1289236,0,1027,1017
1289237,0,1037,1015
1289238,0,1016,1017
1289239,0,1027,1014
1289240,0,1043,1017
1289241,0,1036,1021
1289242,0,1029,1006
1289243,0,1037,1011
1289244,0,1026,1027
1289245,0,1030,1023
1289246,0,1039,1028
1289247,0,1038,1019
1289248,0,1035,1013
1289249,0,1037,1023
1289250,0,1039,1023
1289251,0,1039,1017
1289252,0,1048,1010
1289253,0,1041,1013
1289254,0,1059,1016
1289255,0,1049,1034
1289256,0,1043,1022
1289257,0,1029,1008
1289258,0,1023,1000
1289259,0,1032,1023
1289260,0,1059,1014
1289261,0,1047,1030
1289262,0,1046,1009
1289263,0,1033,992
1289264,0,1050,1032
1289265,0,1055,1019
1289266,0,1029,998
1289267,0,1029,1009
1289268,0,1058,1016
1289269,0,1073,1018
1289270,0,1043,1009
1289271,0,1055,1013
1289272,0,1028,1012
1289273,0,1043,999
1289274,0,1042,1008
1289275,0,1040,1020
1289276,0,1042,1010
1289277,0,1075,1020
1289278,0,1048,1026
1289279,0,1038,994
1289280,0,1045,1007
1289281,0,1029,1003
1289282,0,1034,1015
1289283,0,1047,1009
1289284,0,1047,993
1289285,0,1070,998
1289286,0,1043,1006
1289287,0,1038,1008
1289288,0,1042,1007
1289289,0,1041,1005
1289290,0,1025,1025
1289291,0,1058,1007
1289292,0,1037,1002
1289293,0,1013,1008
1289294,0,1047,1018
1289295,0,1054,1023
1289296,0,1041,1011
1289297,0,1033,1012
1289298,0,1049,1029
1289299,0,1043,1022
1289300,0,1032,997
1289301,0,1026,1014
1289302,0,1020,1028
1289303,0,1047,1021
1289304,0,1035,1021
1289305,0,1036,1021
1289306,0,1067,1021
1289307,0,1040,1014
1289308,0,1038,1000
1289309,0,1029,1019
1289310,0,1024,999
1289311,0,1040,1019
1289312,0,1036,1001
1289313,0,1051,1029
1289314,0,1031,1021
1289315,0,1031,1018
1289316,0,1049,1003
1289317,0,1051,1004
1289318,0,1052,1004
1289319,0,1042,1013
1289320,0,1060,1029
1289321,0,1037,1025
1289322,0,1041,1007
1289323,0,1051,1015
1289324,0,1048,1012
1289325,0,1033,1011
1289326,0,1037,1020
1289327,0,1050,1003
1289328,0,1040,999
1289329,0,1045,996
1289330,0,1039,1021
1289331,0,1033,1010
1289332,0,1062,1007
1289333,0,1046,1018
1289334,0,1061,1012
1289335,0,1037,1010
1289336,0,1052,1006
1289337,0,1048,992
1289338,0,1049,999
1289339,0,1039,1001
1289340,0,1043,992
1289341,0,1046,1011
1289342,0,1057,1012
1289343,0,1050,1007
1289344,0,1052,1031
1289345,0,1037,1011
1289346,0,1036,1005
1289347,0,1032,1011
1289348,0,1039,1010
1289349,0,1033,1020
1289350,0,1051,1013
1289351,0,1047,1016
1289352,0,1031,1011
1289353,0,1040,1009
1289354,0,1035,1037
1289355,0,1029,1053
1289356,0,1041,1093
1289357,0,1046,1161
1289358,0,1037,1197
1289359,0,1043,1251
1289360,0,1022,1272
1289361,0,1029,1319
1289362,0,1049,1336
1289363,0,1053,1335
1289364,0,1036,1359
1289365,0,1043,1328
1289366,0,1027,1327
1289367,0,1049,1312
1289368,0,1032,1319
1289369,0,1028,1273
1289370,0,1029,1261
1289371,0,1028,1263
1289372,0,1048,1259
1289373,0,1020,1253
1289374,0,1046,1227
1289375,0,1045,1216
1289376,0,1041,1193
1289377,0,1056,1215
1289378,0,1075,1211
1289379,0,1106,1203
1289380,0,1144,1199
1289381,0,1225,1187
1289382,0,1289,1160
1289383,0,1325,1163
1289384,0,1347,1158
1289385,0,1356,1125
1289386,0,1376,1132
1289387,0,1391,1120
1289388,0,1371,1116
1289389,0,1359,1129
1289390,0,1357,1118
1289391,0,1325,1106
1289392,0,1321,1105
1289393,0,1319,1097
1289394,0,1283,1113
1289395,0,1295,1090
1289396,0,1273,1072
1289397,0,1240,1084
1289398,0,1265,1089
1289399,0,1240,1080
1289400,0,1235,1063
1289401,0,1223,1072
1289402,0,1229,1083
1289403,0,1243,1058
1289404,0,1218,1067
1289405,0,1213,1069
1289406,0,1168,1059
1289407,0,1178,1052
1289408,0,1158,1061
1289409,0,1172,1024
1289410,0,1167,1040
1289411,0,1149,1042
1289412,0,1156,1051
1289413,0,1145,1033
1289414,0,1143,1031
1289415,0,1144,1052
1289416,0,1130,1038
1289417,0,1142,1049
1289418,0,1135,1024
1289419,0,1125,1036
1289420,0,1115,1026
1289421,0,1107,1024
1289422,0,1107,1033
1289423,0,1098,1033
1289424,0,1109,1007
1289425,0,1090,1049
1289426,0,1099,1026
1289427,0,1103,1016
1289428,0,1103,1027
1289429,0,1097,1012
1289430,0,1089,1016
1289431,0,1084,1012
1289432,0,1062,1027
1289433,0,1071,1022
1289434,0,1092,1029
1289435,0,1052,1011
1289436,0,1071,1008
1289437,0,1071,1026
1289438,0,1067,1010
1289439,0,1074,1008
1289440,0,1063,1009
1289441,0,1063,1025
1289442,0,1059,1021
1289443,0,1050,1020
1289444,0,1081,1005
1289445,0,1059,1029
1289446,0,1064,1011
1289447,0,1063,1012
1289448,0,1054,1009
1289449,0,1055,995
1289450,0,1051,1007
1289451,0,1040,1005
1289452,0,1036,1017
1289453,0,1044,1012
1289454,0,1039,1019
1289455,0,1054,1007
1289456,0,1043,1012
1289457,0,1064,1008
1289458,0,1063,991
1289459,0,1035,1000
1289460,0,1036,998
1289461,0,1030,1013
1289462,0,1042,1005
1289463,0,1032,993
1289464,0,1025,996
1289465,0,1016,994
1289466,0,1046,1003
1289467,0,1029,998
1289468,0,1041,1006
1289469,0,1027,1002
1289470,0,1041,1004
1289471,0,1033,1011
1289472,0,1033,1005
1289473,0,1032,998
1289474,0,1039,1007
1289475,0,1033,1004
1289476,0,1033,998
1289477,0,1032,1010
1289478,0,1031,1010
1289479,0,1059,997
1289480,0,1039,1003
1289481,0,1035,1002
1289482,0,1029,996
1289483,0,1045,999
1289484,0,1055,1006
1289485,0,1033,998
1289486,0,1047,988
1289487,0,1054,984
1289488,0,1044,1007
1289489,0,1030,1017
1289490,0,1028,1005
1289491,0,1042,1000
1289492,0,1031,984
1289493,0,1029,1007
1289494,0,1033,1012
1289495,0,1023,1010
1289496,0,1033,1002
1289497,0,1037,980
1289498,0,1029,1011
1289499,0,1025,1008
1289500,0,1018,997
1289501,0,1019,1001
1289502,0,1014,1001
1289503,0,1025,1006
1289504,0,1033,1010
1289505,0,1051,998
1289506,0,1047,994
1289507,0,1033,1001
1289508,0,1027,1006
1289509,0,1023,980
1289510,0,1031,1016
1289511,0,1025,1007
1289512,0,1039,1008
1289513,0,1046,1015
1289514,0,1029,1005
1289515,0,1036,1015
1289516,0,1023,1019
1289517,0,1036,1012
1289518,0,1041,1001
1289519,0,1024,1000
1289520,0,1021,996
1289521,0,1037,1002
1289522,0,1027,995
1289523,0,1030,1011
1289524,0,1043,1009
1289525,0,1029,1009
1289526,0,1035,1012
1289527,0,1023,1002
1289528,0,1024,996
1289529,0,1039,1011
1289530,0,1024,1006
1289531,0,1042,1004
1289532,0,1033,1009
1289533,0,1034,1017
1289534,0,1035,1002
1289535,0,1029,995
1289536,0,1024,996
1289537,0,1018,1003
1289538,0,1026,1002
1289539,0,1047,1012
1289540,0,1028,1006
1289541,0,1015,1010
1289542,0,1026,1020
1289543,0,1043,1003
1289544,0,1018,1021
1289545,0,1039,999
1289546,0,1012,998
1289547,0,1016,1003
1289548,0,1039,1009
1289549,0,1052,1005
1289550,0,1022,1002
1289551,0,1032,1005
1289552,0,1034,995
1289553,0,1043,1017
1289554,0,1031,993
1289555,0,1030,990
1289556,0,1003,992
1289557,0,1014,1009
1289558,0,1030,1024
1289559,0,1025,982
1289560,0,1045,1006
1289561,0,1029,1019
1289562,0,1027,1003
1289563,0,1032,1005
1289564,0,1022,1002
1289565,0,1014,1001
1289566,0,1033,1003
1289567,0,1014,1011
1289568,0,1026,991
1289569,0,1025,998
1289570,0,1026,1019
1289571,0,1018,1004
1289572,0,1041,1012
1289573,0,1024,1006
1289574,0,1027,997
1289575,0,1027,999
1289576,0,1020,1009
1289577,0,1029,1014
1289578,0,1039,998
1289579,0,1033,1008
1289580,0,1012,1007
1289581,0,1023,1017
1289582,0,1031,997
1289583,0,1047,1006
1289584,0,1043,998
1289585,0,1043,1001
1289586,0,1032,1005
1289587,0,1034,991
1289588,0,1049,1008
1289589,0,1049,1015
1289590,0,1018,1014
1289591,0,1036,1019
1289592,0,1037,1001
1289593,0,1023,1005
1289594,0,1020,1014
1289595,0,1031,1003
1289596,0,1029,1009
1289597,0,1031,1010
1289598,0,1039,1003
1289599,0,1022,1009
1289600,0,1016,1001
1289601,0,1022,1019
1289602,0,1022,1001
1289603,0,1035,984
1289604,0,1036,982
1289605,0,1038,992
1289606,0,1027,987
1289607,0,1031,1011
1289608,0,1030,1008
1289609,0,1014,992
1289610,0,1016,1003
1289611,0,1027,1003
1289612,0,1028,997
1289613,0,1031,997
1289614,0,1015,1006
1289615,0,1030,1007
1289616,0,1041,993
1289617,0,1025,993
1289618,0,1018,1008
1289619,0,1030,1003
1289620,0,1033,1010
1289621,0,1040,1014
1289622,0,1035,1002
1289623,0,1024,1013
1289624,0,1028,1023
1289625,0,1041,1002
1289626,0,1030,1014
1289627,0,1026,1007
1289628,0,1029,1015
1289629,0,1031,991
1289630,0,1031,1026
1289631,0,1018,996
1289632,0,1037,1018
1289633,0,1029,1003
1289634,0,1021,1027
1289635,0,1031,1019
1289636,0,1024,1005
1289637,0,1040,1000
1289638,0,1045,1015
1289639,0,1031,1003
1289640,0,1027,1005
1289641,0,1031,1009
1289642,0,1029,1015
1289643,0,1029,999
1289644,0,1046,1011
1289645,0,1014,1001
1289646,0,1021,1013
1289647,0,1040,1008
1289648,0,1044,1011
1289649,0,1042,1001
1289650,0,1024,1011
1289651,0,1028,1013
1289652,0,1028,1007
1289653,0,1035,994
1289654,0,1051,983
1289655,0,1054,1023
1289656,0,1043,995
1289657,0,1025,997
1289658,0,1042,992
1289659,0,1042,1002
1289660,0,1036,1002
1289661,0,1015,1014
1289662,0,1026,1007
1289663,0,1050,1017
1289664,0,1039,1000
1289665,0,1032,996
1289666,0,1034,995
1289667,0,1047,1003
1289668,0,1025,998
1289669,0,1036,1011
1289670,0,1029,1015
1289671,0,1039,992
1289672,0,1041,1007
1289673,0,1041,1019
1289674,0,1039,998
1289675,0,1047,1006
1289676,0,1030,993
1289677,0,1033,1005
1289678,0,1033,999
1289679,0,1034,992
1289680,0,1036,1015
1289681,0,1053,1007
1289682,0,1060,997
1289683,0,1038,993
1289684,0,1033,1008
1289685,0,1014,1003
1289686,0,1026,1026
1289687,0,1048,1013
1289688,0,1060,999
1289689,0,1043,993
1289690,0,1031,994
1289691,0,1020,1007
1289692,0,1034,996
1289693,0,1030,999
1289694,0,1030,1011
1289695,0,1038,983
1289696,0,1044,1023
1289697,0,1047,993
1289698,0,1028,994
1289699,0,1038,1006
1289700,0,1039,1023
1289701,0,1031,990
1289702,0,1035,1018
1289703,0,1027,1016
1289704,0,1039,999
1289705,0,1013,1005
1289706,0,1042,1031
1289707,0,1030,991
1289708,0,1038,1015
1289709,0,1039,997
1289710,0,1037,1010
1289711,0,1039,1005
1289712,0,1037,997
1289713,0,1035,1023
1289714,0,1035,1005
1289715,0,1038,1015
1289716,0,1037,1000
1289717,0,1012,1004
1289718,0,1035,1003
1289719,0,1032,1000
1289720,0,1033,1022
1289721,0,1024,993
1289722,0,1016,1011
1289723,0,1027,983
1289724,0,1027,986
1289725,0,1053,1019
1289726,0,1041,1013
1289727,0,1049,1002
1289728,0,1027,1002
1289729,0,1044,1000
1289730,0,1039,1018
1289731,0,1052,1007
1289732,0,1041,999
1289733,0,1035,1007
1289734,0,1045,1007
1289735,0,1051,1006
1289736,0,1035,991
1289737,0,1051,992
1289738,0,1034,995
1289739,0,1038,1000
1289740,0,1024,1021
1289741,0,1017,993
1289742,0,1039,995
1289743,0,1028,1005
1289744,0,1045,1011
1289745,0,1033,1031
1289746,0,1028,1050
1289747,0,1040,1099
1289748,0,1032,1130
1289749,0,1029,1175
1289750,0,1040,1242
1289751,0,1053,1275
1289752,0,1034,1303
1289753,0,1037,1343
1289754,0,1034,1349
1289755,0,1029,1342
1289756,0,1037,1341
1289757,0,1034,1306
1289758,0,1025,1311
1289759,0,1035,1268
1289760,0,1029,1295
1289761,0,1047,1264
1289762,0,1036,1267
1289763,0,1043,1263
1289764,0,1037,1255
1289765,0,1044,1237
1289766,0,1033,1212
1289767,0,1047,1199
1289768,0,1034,1187
1289769,0,1077,1209
1289770,0,1108,1168
1289771,0,1159,1195
1289772,0,1184,1193
1289773,0,1243,1170
1289774,0,1301,1158
1289775,0,1343,1116
1289776,0,1398,1136
1289777,0,1373,1135
1289778,0,1364,1124
1289779,0,1348,1135
1289780,0,1337,1125
1289781,0,1351,1127
1289782,0,1350,1117
1289783,0,1327,1111
1289784,0,1308,1099
1289785,0,1291,1094
1289786,0,1256,1090
1289787,0,1259,1087
1289788,0,1283,1094
1289789,0,1251,1087
1289790,0,1248,1072
1289791,0,1224,1076
1289792,0,1232,1069
1289793,0,1231,1064
1289794,0,1223,1070
1289795,0,1201,1041
1289796,0,1203,1069
1289797,0,1211,1048
1289798,0,1176,1040
1289799,0,1190,1045
1289800,0,1186,1047
1289801,0,1137,1036
1289802,0,1153,1062
1289803,0,1171,1033
1289804,0,1157,1058
1289805,0,1163,1051
1289806,0,1136,1015
1289807,0,1151,1050
1289808,0,1108,1023
1289809,0,1107,1023
1289810,0,1096,1026
1289811,0,1103,1027
1289812,0,1115,1030
1289813,0,1105,1025
1289814,0,1110,1017
1289815,0,1107,1039
1289816,0,1119,1018
1289817,0,1117,1020
1289818,0,1109,1023
1289819,0,1085,1024
1289820,0,1097,1016
1289821,0,1092,1027
1289822,0,1099,1017
1289823,0,1088,1003
1289824,0,1069,1007
1289825,0,1088,990
1289826,0,1101,1005
1289827,0,1095,1030
1289828,0,1078,1021
1289829,0,1073,1015
1289830,0,1071,1024
1289831,0,1056,1000
1289832,0,1069,1021
1289833,0,1072,1005
1289834,0,1045,1007
1289835,0,1048,1006
1289836,0,1057,999
1289837,0,1061,1001
1289838,0,1070,1019
1289839,0,1075,1007
1289840,0,1063,1005
1289841,0,1055,1020
1289842,0,1069,1003
1289843,0,1056,1011
1289844,0,1060,1010
1289845,0,1044,1005
1289846,0,1051,993
1289847,0,1057,1009
1289848,0,1043,1001
1289849,0,1054,979
1289850,0,1074,994
1289851,0,1049,982
1289852,0,1044,1003
1289853,0,1024,994
1289854,0,1040,1000
1289855,0,1042,1005
1289856,0,1051,1003
1289857,0,1059,999
1289858,0,1049,987
1289859,0,1043,989
1289860,0,1051,991
1289861,0,1046,1001
1289862,0,1044,1011
1289863,0,1045,1011
1289864,0,1050,1005
1289865,0,1045,1014
1289866,0,1029,1009
1289867,0,1042,988
1289868,0,1031,989
1289869,0,1041,992
1289870,0,1053,1006
1289871,0,1048,1004
1289872,0,1037,986
1289873,0,1037,993
1289874,0,1035,997
1289875,0,1035,1014
1289876,0,1000,1002
1289877,0,1038,999
1289878,0,1048,1009
1289879,0,1049,1002
1289880,0,1035,1009
1289881,0,1028,999
1289882,0,1035,1002
1289883,0,1041,1004
1289884,0,1039,997
1289885,0,1042,1021
1289886,0,1027,997
1289887,0,1037,1009
1289888,0,1047,977
1289889,0,1039,989
1289890,0,1037,1001
1289891,0,1043,1000
1289892,0,1044,1009
1289893,0,1033,994
1289894,0,1047,1006
1289895,0,1047,1018
1289896,0,1049,985
1289897,0,1049,996
1289898,0,1039,1012
1289899,0,1053,987
1289900,0,1028,992
1289901,0,1027,1011
1289902,0,1023,1003
1289903,0,1052,1011
1289904,0,1047,992
1289905,0,1042,1005
1289906,0,1062,999
1289907,0,1053,994
1289908,0,1035,1002
1289909,0,1030,985
1289910,0,1038,1004
1289911,0,1035,999
1289912,0,1039,997
1289913,0,1044,992
1289914,0,1034,1007
1289915,0,1032,1010
1289916,0,1035,1019
1289917,0,1018,993
1289918,0,1026,1007
1289919,0,1039,984
1289920,0,1037,1001
1289921,0,1027,996
1289922,0,1032,1005
1289923,0,1033,1002
1289924,0,1039,995
1289925,0,1049,1009
1289926,0,1037,1003
1289927,0,1030,1000
1289928,0,1036,997
1289929,0,1041,980
1289930,0,1028,985
1289931,0,1035,999
1289932,0,1030,996
1289933,0,1028,1011
1289934,0,1023,988
1289935,0,1043,980
1289936,0,1028,1009
1289937,0,1037,996
1289938,0,1033,1001
1289939,0,1045,1010
1289940,0,1032,993
1289941,0,1029,999
1289942,0,1032,991
1289943,0,1044,997
1289944,0,1019,1012
1289945,0,1032,1001
1289946,0,1038,1001
1289947,0,1053,1015
1289948,0,1037,979
1289949,0,1037,996
1289950,0,1021,1013
1289951,0,1023,1005
1289952,0,1045,1010
1289953,0,1028,985
1289954,0,1046,980
1289955,0,1059,989
1289956,0,1029,995
1289957,0,1043,1001
1289958,0,1029,1003
1289959,0,1032,1004
1289960,0,1025,1015
1289961,0,1041,999
1289962,0,1034,1006
1289963,0,1037,1012
1289964,0,1038,979
1289965,0,1038,1010
1289966,0,1030,999
1289967,0,1024,1003
1289968,0,1029,999
1289969,0,1022,1002
1289970,0,1048,1009
1289971,0,1023,977
1289972,0,1038,1007
1289973,0,1043,994
1289974,0,1038,999
1289975,0,1046,1004
1289976,0,1028,1002
1289977,0,1036,999
1289978,0,1012,1007
1289979,0,1019,1007
1289980,0,1012,995
1289981,0,1048,997
1289982,0,1048,1007
1289983,0,1049,994
1289984,0,1051,985
1289985,0,1026,980
1289986,0,1038,999
1289987,0,1023,1000
1289988,0,1049,1010
1289989,0,1045,999
1289990,0,1033,1006
1289991,0,1040,997
1289992,0,1034,1012
1289993,0,1015,1010
1289994,0,1034,999
1289995,0,1041,1011
1289996,0,1047,987
1289997,0,1043,994
1289998,0,1019,1005
1289999,0,1016,1006
1290000,0,1034,1017
1290001,0,1048,1013
1290002,0,1040,995
1290003,0,1039,991
1290004,0,1029,1015
1290005,0,1026,998
1290006,0,1036,1009
1290007,0,1039,1007
1290008,0,1040,994
1290009,0,1037,1006
1290010,0,1032,1004
1290011,0,1039,1010
1290012,0,1028,1010
1290013,0,1046,1013
1290014,0,1031,1020
1290015,0,1047,1007
1290016,0,1024,1001
1290017,0,1047,1002
1290018,0,1033,1019
1290019,0,1040,1019
1290020,0,1061,1013
1290021,0,1037,1017
1290022,0,1029,1027
1290023,0,1053,1011
1290024,0,1039,1008
1290025,0,1033,1013
1290026,0,1025,1012
1290027,0,1037,1018
1290028,0,1027,1026
1290029,0,1051,1013
1290030,0,1045,1016
1290031,0,1043,1019
1290032,0,1042,992
1290033,0,1046,1007
1290034,0,1058,1009
1290035,0,1040,1005
1290036,0,1029,1013
1290037,0,1042,1015
1290038,0,1045,1030
1290039,0,1062,1008
1290040,0,1062,1019
1290041,0,1032,1015
1290042,0,1055,1015
1290043,0,1066,1015
1290044,0,1067,1017
1290045,0,1051,986
1290046,0,1048,1019
1290047,0,1046,1012
1290048,0,1045,1002
1290049,0,1049,1005
1290050,0,1044,1007
1290051,0,1040,1004
1290052,0,1055,1017
1290053,0,1048,1005
1290054,0,1036,1011
1290055,0,1058,1007
1290056,0,1046,1001
1290057,0,1056,1008
1290058,0,1040,1006
1290059,0,1032,998
1290060,0,1054,1017
1290061,0,1045,997
1290062,0,1044,1001
1290063,0,1045,1018
1290064,0,1055,1001
1290065,0,1047,1020
1290066,0,1023,1005
1290067,0,1024,1027
1290068,0,1031,1009
1290069,0,1059,1020
1290070,0,1064,997
1290071,0,1067,996
1290072,0,1033,1011
1290073,0,1043,994
1290074,0,1042,1013
1290075,0,1039,1022
1290076,0,1045,1015
1290077,0,1045,1022
1290078,0,1035,1008
1290079,0,1047,1001
1290080,0,1023,1008
1290081,0,1021,1034
1290082,0,1031,1008
1290083,0,1029,1007
1290084,0,1025,1019
1290085,0,1035,1011
1290086,0,1043,1019
1290087,0,1031,1018
1290088,0,1034,1015
1290089,0,1065,1018
1290090,0,1031,1004
1290091,0,1042,1001
1290092,0,1041,1003
1290093,0,1048,995
1290094,0,1057,993
1290095,0,1056,1015
1290096,0,1052,1004
1290097,0,1038,1019
1290098,0,1038,1018
1290099,0,1061,1016
1290100,0,1024,1004
1290101,0,1055,1003
1290102,0,1047,1011
1290103,0,1046,1012
1290104,0,1053,995
1290105,0,1043,1006
1290106,0,1048,999
1290107,0,1043,1003
1290108,0,1047,1013
1290109,0,1041,1018
1290110,0,1040,1018
1290111,0,1052,1016
1290112,0,1045,1001
1290113,0,1045,995
1290114,0,1039,1013
1290115,0,1051,1009
1290116,0,1039,1011
1290117,0,1042,990
1290118,0,1027,1011
1290119,0,1043,1004
1290120,0,1034,1007
1290121,0,1058,995
1290122,0,1034,996
1290123,0,1043,1003
1290124,0,1040,1007
1290125,0,1036,1010
1290126,0,1060,1006
1290127,0,1033,1014
1290128,0,1041,1000
1290129,0,1020,998
1290130,0,1038,1015
1290131,0,1042,1015
1290132,0,1039,1027
1290133,0,1038,1001
1290134,0,1057,1012
1290135,0,1055,1021
1290136,0,1058,1023
1290137,0,1035,1053
1290138,0,1037,1103
1290139,0,1039,1147
1290140,0,1061,1199
1290141,0,1039,1232
1290142,0,1031,1264
1290143,0,1045,1319
1290144,0,1034,1335
1290145,0,1029,1336
1290146,0,1032,1320
1290147,0,1039,1351
1290148,0,1031,1309
1290149,0,1044,1335
1290150,0,1036,1315
1290151,0,1038,1280
1290152,0,1043,1275
1290153,0,1054,1263
1290154,0,1049,1247
1290155,0,1047,1236
1290156,0,1042,1227
1290157,0,1032,1222
1290158,0,1039,1205
1290159,0,1049,1200
1290160,0,1068,1198
1290161,0,1131,1177
1290162,0,1159,1175
1290163,0,1223,1186
1290164,0,1263,1170
1290165,0,1287,1151
1290166,0,1371,1151
1290167,0,1375,1120
1290168,0,1360,1155
1290169,0,1370,1135
1290170,0,1367,1128
1290171,0,1391,1125
1290172,0,1351,1126
1290173,0,1337,1129
1290174,0,1328,1104
1290175,0,1298,1094
1290176,0,1295,1088
1290177,0,1291,1107
1290178,0,1279,1103
1290179,0,1283,1082
1290180,0,1275,1093
1290181,0,1262,1063
1290182,0,1263,1076
1290183,0,1224,1065
1290184,0,1202,1071
1290185,0,1235,1079
1290186,0,1227,1070
1290187,0,1203,1048
1290188,0,1203,1051
1290189,0,1180,1046
1290190,0,1181,1044
1290191,0,1168,1040
1290192,0,1157,1062
1290193,0,1182,1058
1290194,0,1167,1031
1290195,0,1158,1027
1290196,0,1135,1043
1290197,0,1141,1049
1290198,0,1135,1031
1290199,0,1128,1031
1290200,0,1124,1038
1290201,0,1130,1018
1290202,0,1135,1006
1290203,0,1129,1039
1290204,0,1108,1036
1290205,0,1117,1029
1290206,0,1099,1032
1290207,0,1119,1027
1290208,0,1130,1030
1290209,0,1100,1025
1290210,0,1095,1019
1290211,0,1112,992
1290212,0,1103,1019
1290213,0,1072,1025
1290214,0,1072,1029
1290215,0,1080,999
1290216,0,1087,1013
1290217,0,1091,1002
1290218,0,1087,1014
1290219,0,1089,1023
1290220,0,1075,1015
1290221,0,1069,1008
1290222,0,1073,1008
1290223,0,1061,1009
1290224,0,1078,1017
1290225,0,1073,1024
1290226,0,1075,994
1290227,0,1066,1011
1290228,0,1067,1025
1290229,0,1061,1013
1290230,0,1071,1012
1290231,0,1063,1021
1290232,0,1073,1021
1290233,0,1050,1017
1290234,0,1049,1006
1290235,0,1040,1013
1290236,0,1040,1021
1290237,0,1051,1006
1290238,0,1059,1007
1290239,0,1049,998
1290240,0,1053,1007
1290241,0,1063,1001
1290242,0,1047,1007
1290243,0,1059,1005
1290244,0,1040,1007
1290245,0,1048,996
1290246,0,1045,1007
1290247,0,1040,1003
1290248,0,1046,1003
1290249,0,1055,997
1290250,0,1048,1002
1290251,0,1070,1004
1290252,0,1054,992
1290253,0,1043,995
1290254,0,1024,1003
1290255,0,1065,1001
1290256,0,1061,1009
1290257,0,1047,998
1290258,0,1041,1016
1290259,0,1043,1003
1290260,0,1041,1023
1290261,0,1025,1009
1290262,0,1041,1009
1290263,0,1043,1002
1290264,0,1043,1009
1290265,0,1027,999
1290266,0,1058,1000
1290267,0,1029,999
1290268,0,1033,995
1290269,0,1034,1001
1290270,0,1038,1025
1290271,0,1048,999
1290272,0,1052,993
1290273,0,1026,990
1290274,0,1038,1013
1290275,0,1027,1015
1290276,0,1047,994
1290277,0,1032,1008
1290278,0,1039,1012
1290279,0,1035,1006
1290280,0,1037,1002
1290281,0,1041,1003
1290282,0,1034,1002
1290283,0,1039,991
1290284,0,1038,1017
1290285,0,1032,1001
1290286,0,1031,1005
1290287,0,1034,997
1290288,0,1044,992
1290289,0,1037,996
1290290,0,1053,1001
1290291,0,1045,1010
1290292,0,1035,1007
1290293,0,1034,999
1290294,0,1026,1002
1290295,0,1046,989
1290296,0,1044,1009
1290297,0,1033,1006
1290298,0,1033,1009
1290299,0,1027,1012
1290300,0,1029,1013
1290301,0,1020,1022
1290302,0,1028,1011
1290303,0,1015,996
1290304,0,1039,995
1290305,0,1038,1013
1290306,0,1051,1007
1290307,0,1046,985
1290308,0,1049,990
1290309,0,1026,1014
1290310,0,1036,1007
1290311,0,1021,1011
1290312,0,1045,1013
1290313,0,1051,1008
1290314,0,1024,998
1290315,0,1032,1006
1290316,0,1027,1001
1290317,0,1020,999
1290318,0,1053,1008
1290319,0,1043,992
1290320,0,1029,1005
1290321,0,1018,1002
1290322,0,1031,990
1290323,0,1020,1007
1290324,0,1044,1005
1290325,0,1047,1003
1290326,0,1049,997
1290327,0,1032,1005
1290328,0,1035,1006
1290329,0,1041,1015
1290330,0,1051,1000
1290331,0,1039,1015
1290332,0,1035,1015
1290333,0,1050,1005
1290334,0,1033,1034
1290335,0,1050,999
1290336,0,1016,1015
1290337,0,1042,1005
1290338,0,1043,1023
1290339,0,1034,999
1290340,0,1042,1018
1290341,0,1042,1006
1290342,0,1030,1007
1290343,0,1031,1013
1290344,0,1028,1005
1290345,0,1032,993
1290346,0,1049,1000
1290347,0,1045,1022
1290348,0,1053,1010
1290349,0,1028,1004
1290350,0,1028,1011
1290351,0,1055,994
1290352,0,1027,1015
1290353,0,1033,1013
1290354,0,1031,998
1290355,0,1056,993
1290356,0,1044,1002
1290357,0,1028,997
1290358,0,1037,1019
1290359,0,1025,1016
1290360,0,1032,1007
1290361,0,1030,1010
1290362,0,1046,996
1290363,0,1025,989
1290364,0,1024,1008
1290365,0,1022,1011
1290366,0,1037,1017
1290367,0,1042,1002
1290368,0,1042,1005
1290369,0,1061,1003
1290370,0,1041,1007
1290371,0,1041,994
1290372,0,1024,997
1290373,0,1035,1012
1290374,0,1044,1016
1290375,0,1019,1015
1290376,0,1042,1027
1290377,0,1041,992
1290378,0,1038,996
1290379,0,1026,1015
1290380,0,1034,1013
1290381,0,1027,1001
1290382,0,1043,1006
1290383,0,1050,999
1290384,0,1048,1001
1290385,0,1038,1001
1290386,0,1048,1010
1290387,0,1042,998
1290388,0,1044,1006
1290389,0,1050,1000
1290390,0,1047,1000
1290391,0,1039,1007
1290392,0,1034,1013
1290393,0,1044,1004
1290394,0,1021,1011
1290395,0,1053,1014
1290396,0,1032,1011
1290397,0,1048,1022
1290398,0,1043,998
1290399,0,1037,1012
1290400,0,1022,1021
1290401,0,1042,1011
1290402,0,1047,1001
1290403,0,1030,1004
1290404,0,1053,1009
1290405,0,1042,1011
1290406,0,1026,1014
1290407,0,1055,1002
1290408,0,1024,1017
1290409,0,1041,1010
1290410,0,1047,1011
1290411,0,1047,1014
1290412,0,1042,1022
1290413,0,1055,1017
1290414,0,1045,1030
1290415,0,1043,1017
1290416,0,1031,1017
1290417,0,1055,1013
1290418,0,1042,1008
1290419,0,1054,1034
1290420,0,1042,1014
1290421,0,1040,1011
1290422,0,1045,1018
1290423,0,1063,1027
1290424,0,1046,1022
1290425,0,1034,1015
1290426,0,1060,1019
1290427,0,1045,1013
1290428,0,1040,1018
1290429,0,1057,1017
1290430,0,1053,1017
1290431,0,1064,1016
1290432,0,1059,1031
1290433,0,1067,1013
1290434,0,1042,1023
1290435,0,1041,1021
1290436,0,1057,1035
1290437,0,1042,1017
1290438,0,1051,1009
1290439,0,1038,1024
1290440,0,1060,1012
1290441,0,1051,1023
1290442,0,1047,1015
1290443,0,1035,1014
1290444,0,1049,996
1290445,0,1051,1007
1290446,0,1039,1006
1290447,0,1039,995
1290448,0,1028,999
1290449,0,1048,1007
1290450,0,1049,1004
1290451,0,1032,1023
1290452,0,1067,1019
1290453,0,1063,1008
1290454,0,1046,1025
1290455,0,1057,1014
1290456,0,1053,1005
1290457,0,1041,999
1290458,0,1071,1015
1290459,0,1057,1007
1290460,0,1057,1015
1290461,0,1044,1006
1290462,0,1050,1009
1290463,0,1043,1008
1290464,0,1033,995
1290465,0,1032,1003
1290466,0,1048,1008
1290467,0,1061,1010
1290468,0,1039,1011
1290469,0,1045,1017
1290470,0,1048,1010
1290471,0,1046,1034
1290472,0,1048,1009
1290473,0,1048,1023
1290474,0,1053,1011
1290475,0,1041,1002
1290476,0,1020,1014
1290477,0,1043,1022
1290478,0,1053,1013
1290479,0,1019,1020
1290480,0,1060,1006
1290481,0,1047,1023
1290482,0,1043,1012
1290483,0,1029,1015
1290484,0,1048,1013
1290485,0,1034,1016
1290486,0,1040,1016
1290487,0,1034,1033
1290488,0,1057,1014
1290489,0,1051,1001
1290490,0,1052,1004
1290491,0,1052,1009
1290492,0,1052,1007
1290493,0,1050,1002
1290494,0,1059,1004
1290495,0,1084,992
1290496,0,1055,1001
1290497,0,1040,998
1290498,0,1037,1019
1290499,0,1048,1014
1290500,0,1036,1019
1290501,0,1039,1018
1290502,0,1065,992
1290503,0,1055,1007
1290504,0,1037,1008
1290505,0,1043,1020
1290506,0,1066,1011
1290507,0,1061,1008
1290508,0,1044,1010
1290509,0,1049,999
1290510,0,1061,1004
1290511,0,1049,1016
1290512,0,1056,1012
1290513,0,1062,1008
1290514,0,1057,1006
1290515,0,1042,1001
1290516,0,1051,1016
1290517,0,1045,1010
1290518,0,1030,1004
1290519,0,1055,1001
1290520,0,1046,1005
1290521,0,1049,1009
1290522,0,1045,1023
1290523,0,1057,1027
1290524,0,1054,993
1290525,0,1038,1004
1290526,0,1049,1009
1290527,0,1041,1047
1290528,0,1035,1075
1290529,0,1055,1079
1290530,0,1039,1175
1290531,0,1032,1207
1290532,0,1035,1251
1290533,0,1062,1265
1290534,0,1027,1318
1290535,0,1046,1341
1290536,0,1039,1360
1290537,0,1031,1320
1290538,0,1059,1351
1290539,0,1049,1341
1290540,0,1043,1308
1290541,0,1044,1293
1290542,0,1032,1301
1290543,0,1053,1276
1290544,0,1040,1259
1290545,0,1047,1273
1290546,0,1057,1261
1290547,0,1034,1251
1290548,0,1031,1231
1290549,0,1053,1224
1290550,0,1063,1172
1290551,0,1093,1176
1290552,0,1111,1187
1290553,0,1183,1180
1290554,0,1201,1182
1290555,0,1256,1187
1290556,0,1335,1165
1290557,0,1336,1163
1290558,0,1379,1136
1290559,0,1364,1156
1290560,0,1391,1128
1290561,0,1391,1132
1290562,0,1355,1104
1290563,0,1374,1139
1290564,0,1359,1134
1290565,0,1322,1094
1290566,0,1300,1119
1290567,0,1301,1095
1290568,0,1295,1110
1290569,0,1292,1117
1290570,0,1278,1094
1290571,0,1264,1111
1290572,0,1248,1092
1290573,0,1241,1079
1290574,0,1227,1076
1290575,0,1243,1067
1290576,0,1222,1055
1290577,0,1216,1050
1290578,0,1211,1063
1290579,0,1178,1070
1290580,0,1164,1057
1290581,0,1199,1058
1290582,0,1184,1077
1290583,0,1179,1071
1290584,0,1167,1073
1290585,0,1161,1052
1290586,0,1161,1054
1290587,0,1136,1051
1290588,0,1124,1044
1290589,0,1120,1037
1290590,0,1137,1039
1290591,0,1145,1046
1290592,0,1104,1037
1290593,0,1131,1025
1290594,0,1141,1024
1290595,0,1135,1043
1290596,0,1123,1038
1290597,0,1097,1023
1290598,0,1088,1039
1290599,0,1113,1023
1290600,0,1111,1032
1290601,0,1115,1021
1290602,0,1091,1010
1290603,0,1095,1011
1290604,0,1097,1008
1290605,0,1081,1022
1290606,0,1084,1015
1290607,0,1099,1016
1290608,0,1095,1031
1290609,0,1089,1010
1290610,0,1082,1003
1290611,0,1083,1022
1290612,0,1094,1017
1290613,0,1085,1017
1290614,0,1064,1012
1290615,0,1064,1037
1290616,0,1066,1004
1290617,0,1068,1020
1290618,0,1064,1004
1290619,0,1071,1026
1290620,0,1075,1013
1290621,0,1061,997
1290622,0,1052,1012
1290623,0,1071,1023
1290624,0,1054,1012
1290625,0,1059,1020
1290626,0,1040,1009
1290627,0,1056,1009
1290628,0,1039,1005
1290629,0,1053,990
1290630,0,1045,1005
1290631,0,1052,1009
1290632,0,1047,1003
1290633,0,1057,997
1290634,0,1043,1006
1290635,0,1047,1007
1290636,0,1039,998
1290637,0,1030,1002
1290638,0,1048,1003
1290639,0,1041,1015
1290640,0,1067,1001
1290641,0,1074,1021
1290642,0,1060,1012
1290643,0,1067,999
1290644,0,1061,1009
1290645,0,1053,995
1290646,0,1054,1023
1290647,0,1042,996
1290648,0,1047,990
1290649,0,1045,1002
1290650,0,1045,1006
1290651,0,1034,1019
1290652,0,1035,986
1290653,0,1027,1007
1290654,0,1044,985
1290655,0,1052,1003
1290656,0,1066,986
1290657,0,1028,1010
1290658,0,1040,1001
1290659,0,1035,1010
1290660,0,1037,1012
1290661,0,1049,1000
1290662,0,1040,1005
1290663,0,1047,1016
1290664,0,1050,997
1290665,0,1037,1005
1290666,0,1041,1007
1290667,0,1032,993
1290668,0,1049,1005
1290669,0,1035,980
1290670,0,1028,997
1290671,0,1051,981
1290672,0,1034,1002
1290673,0,1042,1017
1290674,0,1044,1009
1290675,0,1022,1007
1290676,0,1024,994
1290677,0,1013,987
1290678,0,1041,1003
1290679,0,1029,1002
1290680,0,1035,991
1290681,0,1033,981
1290682,0,1020,999
1290683,0,1022,982
1290684,0,1022,994
1290685,0,1022,1006
1290686,0,1038,999
1290687,0,1042,993
1290688,0,1036,980
1290689,0,1035,1003
1290690,0,1039,1002
1290691,0,1047,984
1290692,0,1031,984
1290693,0,1032,992
1290694,0,1023,1001
1290695,0,1035,995
1290696,0,1022,1011
1290697,0,1021,987
1290698,0,1043,1003
1290699,0,1044,1008
1290700,0,1029,986
1290701,0,1030,988
1290702,0,1031,995
1290703,0,1036,1005
1290704,0,1035,1000
1290705,0,1035,997
1290706,0,1044,1003
1290707,0,1037,1003
1290708,0,1039,1005
1290709,0,1030,990
1290710,0,1037,978
1290711,0,1042,985
1290712,0,1040,995
1290713,0,1016,998
1290714,0,1051,990
1290715,0,1042,985
1290716,0,1020,1007
1290717,0,1024,1003
1290718,0,1031,998
1290719,0,1045,997
1290720,0,1041,1007
1290721,0,1043,1004
1290722,0,1037,996
1290723,0,1027,999
1290724,0,1021,1004
1290725,0,1034,1002
1290726,0,1029,985
1290727,0,1031,999
1290728,0,1026,1007
1290729,0,1050,993
1290730,0,1035,1009
1290731,0,1041,995
1290732,0,1044,992
1290733,0,1049,992
1290734,0,1024,995
1290735,0,1033,980
1290736,0,1023,993
1290737,0,1018,997
1290738,0,1035,1004
1290739,0,1042,1012
1290740,0,1035,1002
1290741,0,1033,1008
1290742,0,1029,1007
1290743,0,1029,999
1290744,0,1015,990
1290745,0,1053,995
1290746,0,1016,986
1290747,0,1031,1010
1290748,0,1037,989
1290749,0,1030,1000
1290750,0,1025,996
1290751,0,1025,1007
1290752,0,1029,1020
1290753,0,1029,1011
1290754,0,1031,999
1290755,0,1024,1006
1290756,0,1028,1004
1290757,0,1041,995
1290758,0,1039,990
1290759,0,1030,986
1290760,0,1035,1005
1290761,0,1019,998
1290762,0,1048,1003
1290763,0,1031,1007
1290764,0,1044,1008
1290765,0,1039,1007
1290766,0,1031,1008
1290767,0,1030,1027
1290768,0,1037,991
1290769,0,1047,1003
1290770,0,1036,976
1290771,0,1016,1015
1290772,0,1032,1021
1290773,0,1040,1000
1290774,0,1035,1001
1290775,0,1035,1002
1290776,0,1037,1009
1290777,0,1035,994
1290778,0,1024,1012
1290779,0,1033,1015
1290780,0,1031,1015
1290781,0,1047,993
1290782,0,1028,997
1290783,0,1041,1002
1290784,0,1003,1015
1290785,0,1051,998
1290786,0,1052,992
1290787,0,1043,1012
1290788,0,1045,1013
1290789,0,1024,1013
1290790,0,1046,1007
1290791,0,1024,1012
1290792,0,1025,1005
1290793,0,1030,987
1290794,0,1037,996
1290795,0,1039,997
1290796,0,1030,1020
1290797,0,1036,1001
1290798,0,1031,1008
1290799,0,1027,1031
1290800,0,1030,1008
1290801,0,1046,1025
1290802,0,1027,1011
1290803,0,1041,1023
1290804,0,1025,1023
1290805,0,1031,1019
1290806,0,1024,1023
1290807,0,1041,1011
1290808,0,1036,997
1290809,0,1026,1011
1290810,0,1038,1031
1290811,0,1047,1017
1290812,0,1043,1009
1290813,0,1021,995
1290814,0,1027,1004
1290815,0,1054,1014
1290816,0,1033,1009
1290817,0,1023,999
1290818,0,1008,992
1290819,0,1037,1013
1290820,0,1038,1013
1290821,0,1038,1004
1290822,0,1051,989
1290823,0,1049,1021
1290824,0,1046,1001
1290825,0,1039,998
1290826,0,1040,994
1290827,0,1040,1003
1290828,0,1037,1007
1290829,0,1035,1015
1290830,0,1034,1028
1290831,0,1059,999
1290832,0,1032,996
1290833,0,1047,1010
1290834,0,1054,1013
1290835,0,1034,1000
1290836,0,1054,1013
1290837,0,1049,996
1290838,0,1054,1023
1290839,0,1044,1002
1290840,0,1037,1017
1290841,0,1022,996
1290842,0,1041,1006
1290843,0,1041,1004
1290844,0,1029,999
1290845,0,1034,1002
1290846,0,1024,1006
1290847,0,1057,998
1290848,0,1039,1006
1290849,0,1051,1003
1290850,0,1042,1001
1290851,0,1033,1006
1290852,0,1038,1007
1290853,0,1035,1003
1290854,0,1045,1016
1290855,0,1020,1000
1290856,0,1041,1002
1290857,0,1041,1007
1290858,0,1031,993
1290859,0,1027,1019
1290860,0,1016,1009
1290861,0,1024,1011
1290862,0,1053,1004
1290863,0,1039,1020
1290864,0,1035,996
1290865,0,1050,1000
1290866,0,1039,1014
1290867,0,1023,1009
1290868,0,1037,1003
1290869,0,1063,1030
1290870,0,1040,1015
1290871,0,1033,1018
1290872,0,1041,1021
1290873,0,1037,1000
1290874,0,1024,1004
1290875,0,1045,1008
1290876,0,1042,1007
1290877,0,1035,1014
1290878,0,1016,998
1290879,0,1040,1010
1290880,0,1036,998
1290881,0,1022,1009
1290882,0,1051,1007
1290883,0,1034,1005
1290884,0,1024,1015
1290885,0,1041,1012
1290886,0,1046,997
1290887,0,1035,1021
1290888,0,1034,1026
1290889,0,1042,1015
1290890,0,1044,996
1290891,0,1040,999
1290892,0,1068,1008
1290893,0,1038,1020
1290894,0,1033,1015
1290895,0,1039,1015
1290896,0,1034,1011
1290897,0,1046,1017
1290898,0,1053,1000
1290899,0,1039,1015
1290900,0,1040,1013
1290901,0,1041,1011
1290902,0,1044,1013
1290903,0,1067,995
1290904,0,1020,1015
1290905,0,1027,1036
1290906,0,1044,992
1290907,0,1031,1023
1290908,0,1043,1020
1290909,0,1047,1006
1290910,0,1033,1007
1290911,0,1047,1022
1290912,0,1041,1009
1290913,0,1029,1004
1290914,0,1027,1008
1290915,0,1037,1003
1290916,0,1053,1031
1290917,0,1033,1025
1290918,0,1042,1022
1290919,0,1040,1058
1290920,0,1034,1087
1290921,0,1049,1130
1290922,0,1024,1197
1290923,0,1050,1255
1290924,0,1035,1301
1290925,0,1031,1320
1290926,0,1032,1328
1290927,0,1035,1348
1290928,0,1029,1354
1290929,0,1067,1353
1290930,0,1027,1359
1290931,0,1038,1296
1290932,0,1041,1282
1290933,0,1029,1312
1290934,0,1052,1279
1290935,0,1033,1279
1290936,0,1049,1269
1290937,0,1046,1267
1290938,0,1051,1228
1290939,0,1035,1232
1290940,0,1039,1221
1290941,0,1079,1223
1290942,0,1071,1203
1290943,0,1119,1197
1290944,0,1168,1207
1290945,0,1209,1183
1290946,0,1287,1179
1290947,0,1334,1142
1290948,0,1333,1161
1290949,0,1379,1148
1290950,0,1407,1149
1290951,0,1370,1136
1290952,0,1387,1154
1290953,0,1364,1117
1290954,0,1346,1123
1290955,0,1358,1119
1290956,0,1302,1130
1290957,0,1323,1117
1290958,0,1276,1094
1290959,0,1268,1095
1290960,0,1283,1111
1290961,0,1264,1111
1290962,0,1267,1095
1290963,0,1259,1088
1290964,0,1248,1092
1290965,0,1255,1096
1290966,0,1217,1094
1290967,0,1215,1083
1290968,0,1204,1047
1290969,0,1183,1063
1290970,0,1195,1092
1290971,0,1186,1077
1290972,0,1172,1058
1290973,0,1187,1061
1290974,0,1178,1072
1290975,0,1161,1071
1290976,0,1166,1067
1290977,0,1173,1059
1290978,0,1142,1040
1290979,0,1141,1049
1290980,0,1165,1041
1290981,0,1130,1032
1290982,0,1130,1047
1290983,0,1120,1040
1290984,0,1131,1024
1290985,0,1120,1039
1290986,0,1108,1043
1290987,0,1108,1050
1290988,0,1116,1049
1290989,0,1134,1047
1290990,0,1076,1039
1290991,0,1106,1004
1290992,0,1107,1012
1290993,0,1092,1039
1290994,0,1113,1021
1290995,0,1072,1039
1290996,0,1099,1041
1290997,0,1109,1035
1290998,0,1089,1026
1290999,0,1093,1012
1291000,0,1081,1008
1291001,0,1089,1035
1291002,0,1098,1029
1291003,0,1060,1021
1291004,0,1078,1030
1291005,0,1057,1004
1291006,0,1052,1030
1291007,0,1067,1015
1291008,0,1087,1035
1291009,0,1079,1017
1291010,0,1078,1025
1291011,0,1067,1019
1291012,0,1052,1021
1291013,0,1069,992
1291014,0,1055,1018
1291015,0,1062,1023
1291016,0,1056,1017
1291017,0,1034,1013
1291018,0,1067,995
1291019,0,1051,1008
1291020,0,1055,1018
1291021,0,1042,1013
1291022,0,1053,1018
1291023,0,1051,995
1291024,0,1059,1007
1291025,0,1043,1009
1291026,0,1052,1003
1291027,0,1043,995
1291028,0,1040,1004
1291029,0,1045,993
1291030,0,1064,1002
1291031,0,1045,1007
1291032,0,1045,1003
1291033,0,1058,1016
1291034,0,1054,1017
1291035,0,1040,1003
1291036,0,1049,991
1291037,0,1049,993
1291038,0,1052,995
1291039,0,1053,1007
1291040,0,1055,1013
1291041,0,1054,1004
1291042,0,1043,1013
1291043,0,1042,1001
1291044,0,1046,1014
1291045,0,1051,1012
1291046,0,1047,998
1291047,0,1046,1001
1291048,0,1056,997
1291049,0,1052,1007
1291050,0,1047,1009
1291051,0,1016,1005
1291052,0,1035,1001
1291053,0,1053,1015
1291054,0,1049,986
1291055,0,1017,987
1291056,0,1036,1004
1291057,0,1024,1002
1291058,0,1040,993
1291059,0,1036,1019
1291060,0,1038,995
1291061,0,1048,1000
1291062,0,1028,992
1291063,0,1037,1010
1291064,0,1039,1009
1291065,0,1062,989
1291066,0,1047,1004
1291067,0,1033,1010
1291068,0,1043,1007
1291069,0,1047,1002
1291070,0,1040,989
1291071,0,1053,1021
1291072,0,1029,1000
1291073,0,1056,999
1291074,0,1053,1009
1291075,0,1032,1000
1291076,0,1043,1007
1291077,0,1032,1009
1291078,0,1026,999
1291079,0,1032,1021
1291080,0,1023,1003
1291081,0,1057,984
1291082,0,1031,1004
1291083,0,1032,1013
1291084,0,1031,996
1291085,0,1046,984
1291086,0,1035,1007
1291087,0,1038,1013
1291088,0,1046,1001
1291089,0,1030,991
1291090,0,1047,999
1291091,0,1054,992
1291092,0,1026,1006
1291093,0,1019,999
1291094,0,1030,1011
1291095,0,1032,995
1291096,0,1045,1007
1291097,0,1039,1008
1291098,0,1029,1007
1291099,0,1027,1009
1291100,0,1047,1006
1291101,0,1041,1014
1291102,0,1030,1011
1291103,0,1043,1003
1291104,0,1017,995
1291105,0,1052,1017
1291106,0,1032,1010
1291107,0,1046,1001
1291108,0,1042,983
1291109,0,1032,995
1291110,0,1041,990
1291111,0,1040,985
1291112,0,1039,989
1291113,0,1035,998
1291114,0,1039,997
1291115,0,1049,1011
1291116,0,1048,1010
1291117,0,1035,996
1291118,0,1028,1001
1291119,0,1028,1018
1291120,0,1038,1029
1291121,0,1033,991
1291122,0,1047,997
1291123,0,1024,999
1291124,0,1051,996
1291125,0,1043,1008
1291126,0,1029,1008
1291127,0,1038,993
1291128,0,1043,1003
1291129,0,1028,1006
1291130,0,1038,1013
1291131,0,1037,1002
1291132,0,1041,1002
1291133,0,1037,988
1291134,0,1037,1011
1291135,0,1033,1000
1291136,0,1043,1007
1291137,0,1043,995
1291138,0,1026,996
1291139,0,1015,1005
1291140,0,1049,993
1291141,0,1016,1009
1291142,0,1045,1021
1291143,0,1031,999
1291144,0,1037,998
1291145,0,1032,1020
1291146,0,1035,988
1291147,0,1037,1009
1291148,0,1041,1005
1291149,0,1029,1011
1291150,0,1037,987
1291151,0,1033,988
1291152,0,1034,997
1291153,0,1031,1005
1291154,0,1031,1013
1291155,0,1030,1012
1291156,0,1047,1021
1291157,0,1035,1005
1291158,0,1027,1002
1291159,0,1041,1001
1291160,0,1051,987
1291161,0,1023,996
1291162,0,1035,1003
1291163,0,1029,1002
1291164,0,1039,999
1291165,0,1022,1004
1291166,0,1021,1009
1291167,0,1024,994
1291168,0,1039,1001
1291169,0,1028,999
1291170,0,1059,997
1291171,0,1038,1013
1291172,0,1041,999
1291173,0,1049,1004
1291174,0,1044,1003
1291175,0,1055,1015
1291176,0,1034,1000
1291177,0,1042,990
1291178,0,1039,1019
1291179,0,1038,994
1291180,0,1037,993
1291181,0,1053,986
1291182,0,1029,1015
1291183,0,1027,999
1291184,0,1039,981
1291185,0,1027,993
1291186,0,1030,1000
1291187,0,1042,1005
1291188,0,1028,1014
1291189,0,1031,1013
1291190,0,1037,1019
1291191,0,1031,1007
1291192,0,1029,998
1291193,0,1040,1039
1291194,0,1023,1009
1291195,0,1050,1018
1291196,0,1046,1000
1291197,0,1061,1002
1291198,0,1024,1037
1291199,0,1037,1010
1291200,0,1022,1013
1291201,0,1046,1015
1291202,0,1033,1012
1291203,0,1034,1005
1291204,0,1033,1011
1291205,0,1032,1012
1291206,0,1022,1008
1291207,0,1034,1002
1291208,0,1050,1020
1291209,0,1045,1002
1291210,0,1052,1016
1291211,0,1030,1012
1291212,0,1049,1007
1291213,0,1035,1003
1291214,0,1045,991
1291215,0,1056,1024
1291216,0,1046,1014
1291217,0,1041,997
1291218,0,1043,1021
1291219,0,1051,1001
1291220,0,1046,1004
1291221,0,1061,997
1291222,0,1050,1000
1291223,0,1042,1017
1291224,0,1050,998
1291225,0,1039,1007
1291226,0,1048,1006
1291227,0,1041,992
1291228,0,1061,1015
1291229,0,1039,1014
1291230,0,1052,1013
1291231,0,1023,994
1291232,0,1047,1005
1291233,0,1048,1003
1291234,0,1038,1007
1291235,0,1039,1007
1291236,0,1041,997
1291237,0,1032,1024
1291238,0,1046,1006
1291239,0,1041,1009
1291240,0,1042,1001
1291241,0,1028,1003
1291242,0,1053,1023
1291243,0,1030,997
1291244,0,1037,977
1291245,0,1029,1003
1291246,0,1041,1015
1291247,0,1032,1006
1291248,0,1047,998
1291249,0,1030,1010
1291250,0,1049,992
1291251,0,1018,999
1291252,0,1031,1010
1291253,0,1034,990
1291254,0,1041,1030
1291255,0,1044,996
1291256,0,1044,1010
1291257,0,1032,1015
1291258,0,1044,1011
1291259,0,1065,998
1291260,0,1030,1002
1291261,0,1044,1023
1291262,0,1037,1009
1291263,0,1048,1010
1291264,0,1023,1001
1291265,0,1038,1011
1291266,0,1061,1020
1291267,0,1047,1015
1291268,0,1043,996
1291269,0,1057,1013
1291270,0,1036,1012
1291271,0,1022,987
1291272,0,1041,1014
1291273,0,1040,996
1291274,0,1046,1017
1291275,0,1043,993
1291276,0,1027,1017
1291277,0,1042,1017
1291278,0,1031,1003
1291279,0,1041,1015
1291280,0,1026,1021
1291281,0,1034,1025
1291282,0,1042,1019
1291283,0,1057,1011
1291284,0,1035,991
1291285,0,1043,1000
1291286,0,1045,991
1291287,0,1045,1003
1291288,0,1043,997
1291289,0,1034,1016
1291290,0,1037,1005
1291291,0,1049,980
1291292,0,1053,1007
1291293,0,1034,1007
1291294,0,1036,999
1291295,0,1032,1009
1291296,0,1030,1001
1291297,0,1036,992
1291298,0,1040,996
1291299,0,1059,1003
1291300,0,1051,999
1291301,0,1033,1017
1291302,0,1046,1033
1291303,0,1037,1009
1291304,0,1040,997
1291305,0,1030,1007
1291306,0,1040,999
1291307,0,1030,1006
1291308,0,1047,1001
1291309,0,1037,999
1291310,0,1061,993
1291311,0,1047,1003
1291312,0,1039,1006
1291313,0,1047,1016
1291314,0,1040,1046
1291315,0,1045,1068
1291316,0,1041,1124
1291317,0,1033,1183
1291318,0,1031,1241
1291319,0,1039,1291
1291320,0,1043,1327
1291321,0,1043,1311
1291322,0,1034,1347
1291323,0,1035,1346
1291324,0,1025,1308
1291325,0,1052,1320
1291326,0,1045,1320
1291327,0,1050,1301
1291328,0,1044,1272
1291329,0,1054,1283
1291330,0,1051,1275
1291331,0,1037,1245
1291332,0,1029,1273
1291333,0,1049,1255
1291334,0,1027,1230
1291335,0,1022,1205
1291336,0,1052,1197
1291337,0,1081,1209
1291338,0,1125,1199
1291339,0,1163,1179
1291340,0,1211,1175
1291341,0,1265,1145
1291342,0,1323,1138
1291343,0,1355,1152
1291344,0,1379,1143
1291345,0,1387,1135
1291346,0,1387,1135
1291347,0,1391,1115
1291348,0,1344,1123
1291349,0,1359,1125
1291350,0,1351,1123
1291351,0,1331,1095
1291352,0,1296,1088
1291353,0,1296,1091
1291354,0,1311,1121
1291355,0,1280,1080
1291356,0,1287,1109
1291357,0,1291,1103
1291358,0,1277,1085
1291359,0,1232,1091
1291360,0,1247,1093
1291361,0,1225,1071
1291362,0,1227,1087
1291363,0,1215,1071
1291364,0,1194,1043
1291365,0,1188,1061
1291366,0,1184,1060
1291367,0,1191,1050
1291368,0,1199,1064
1291369,0,1175,1043
1291370,0,1147,1041
1291371,0,1171,1065
1291372,0,1151,1040
1291373,0,1162,1049
1291374,0,1139,1034
1291375,0,1136,1047
1291376,0,1143,1035
1291377,0,1129,1032
1291378,0,1141,1031
1291379,0,1119,1028
1291380,0,1134,1039
1291381,0,1137,1035
1291382,0,1119,1015
1291383,0,1123,1010
1291384,0,1127,1023
1291385,0,1141,1034
1291386,0,1103,1023
1291387,0,1102,1025
1291388,0,1090,1018
1291389,0,1098,1022
1291390,0,1099,1018
1291391,0,1081,1031
1291392,0,1092,1031
1291393,0,1085,1019
1291394,0,1090,1006
1291395,0,1091,1023
1291396,0,1095,1029
1291397,0,1076,1008
1291398,0,1074,1016
1291399,0,1090,1025
1291400,0,1085,1014
1291401,0,1081,1005
1291402,0,1087,1014
1291403,0,1076,1011
1291404,0,1056,1013
1291405,0,1074,1028
1291406,0,1083,991
1291407,0,1064,987
1291408,0,1068,1016
1291409,0,1056,1020
1291410,0,1055,1007
1291411,0,1059,1006
1291412,0,1055,1006
1291413,0,1070,1005
1291414,0,1056,1018
1291415,0,1059,995
1291416,0,1040,1008
1291417,0,1069,992
1291418,0,1051,1015
1291419,0,1049,1007
1291420,0,1029,1005
1291421,0,1046,1021
1291422,0,1050,988
1291423,0,1047,1007
1291424,0,1039,1018
1291425,0,1043,1018
1291426,0,1046,997
1291427,0,1054,1001
1291428,0,1051,996
1291429,0,1043,1008
1291430,0,1049,998
1291431,0,1052,1003
1291432,0,1047,992
1291433,0,1042,1009
1291434,0,1051,1002
1291435,0,1043,1002
1291436,0,1034,1000
1291437,0,1013,1009
1291438,0,1036,1011
1291439,0,1047,999
1291440,0,1047,1005
1291441,0,1041,1004
1291442,0,1042,985
1291443,0,1055,1015
1291444,0,1047,1007
1291445,0,1039,998
1291446,0,1040,1004
1291447,0,1032,1009
1291448,0,1061,1007
1291449,0,1035,1015
1291450,0,1055,985
1291451,0,1042,1014
1291452,0,1032,989
1291453,0,1024,989
1291454,0,1030,970
1291455,0,1041,1021
1291456,0,1016,1008
1291457,0,1042,1013
1291458,0,1024,1002
1291459,0,1053,999
1291460,0,1033,1013
1291461,0,1056,1010
1291462,0,1033,1007
1291463,0,1031,1003
1291464,0,1047,1001
1291465,0,1035,1000
1291466,0,1041,1005
1291467,0,1059,1006
1291468,0,1032,1001
1291469,0,1037,992
1291470,0,1024,1017
1291471,0,1043,999
1291472,0,1033,1004
1291473,0,1015,997
1291474,0,1039,996
1291475,0,1026,991
1291476,0,1054,1009
1291477,0,1040,1002
1291478,0,1046,1019
1291479,0,1018,1014
1291480,0,1033,1019
1291481,0,1038,1013
1291482,0,1032,995
1291483,0,1038,992
1291484,0,1042,1009
1291485,0,1045,993
1291486,0,1028,989
1291487,0,1038,995
1291488,0,1030,1007
1291489,0,1032,993
1291490,0,1031,985
1291491,0,1041,1006
1291492,0,1050,1018
1291493,0,1014,989
1291494,0,1054,998
1291495,0,1044,1005
1291496,0,1032,1014
1291497,0,1050,1004
1291498,0,1030,1006
1291499,0,1031,998
1291500,0,1034,995
1291501,0,1028,1015
1291502,0,1039,1003
1291503,0,1037,995
1291504,0,1022,988
1291505,0,1042,1010
1291506,0,1039,1021
1291507,0,1050,1007
1291508,0,1041,1011
1291509,0,1040,989
1291510,0,1037,1031
1291511,0,1036,991
1291512,0,1048,992
1291513,0,1014,1010
1291514,0,1058,994
1291515,0,1037,1000
1291516,0,1033,1010
1291517,0,1039,1007
1291518,0,1031,1010
1291519,0,1050,1000
1291520,0,1032,1013
1291521,0,1032,1003
1291522,0,1021,1008
1291523,0,1028,993
1291524,0,1049,1017
1291525,0,1032,1007
1291526,0,1055,986
1291527,0,1032,988
1291528,0,1051,1015
1291529,0,1040,1011
1291530,0,1042,1016
1291531,0,1039,1000
1291532,0,1040,1009
1291533,0,1039,1018
1291534,0,1047,1021
1291535,0,1027,1005
1291536,0,1019,1027
1291537,0,1041,1016
1291538,0,1050,1011
1291539,0,1051,1010
1291540,0,1021,1001
1291541,0,1027,1004
1291542,0,1031,1017
1291543,0,1037,997
1291544,0,1033,1007
1291545,0,1042,995
1291546,0,1037,999
1291547,0,1029,1015
1291548,0,1034,1000
1291549,0,1041,1000
1291550,0,1041,1014
1291551,0,1039,1007
1291552,0,1024,1006
1291553,0,1050,1009
1291554,0,1063,992
1291555,0,1034,1004
1291556,0,1036,992
1291557,0,1055,998
1291558,0,1037,1003
1291559,0,1041,1021
1291560,0,1051,1014
1291561,0,1051,1000
1291562,0,1063,1004
1291563,0,1052,990
1291564,0,1036,992
1291565,0,1036,1013
1291566,0,1066,991
1291567,0,1045,998
1291568,0,1055,1002
1291569,0,1024,1006
1291570,0,1065,1002
1291571,0,1024,1009
1291572,0,1049,993
1291573,0,1051,1008
1291574,0,1044,996
1291575,0,1034,1009
1291576,0,1019,1003
1291577,0,1042,999
1291578,0,1052,1000
1291579,0,1040,1014
1291580,0,1050,1004
1291581,0,1036,1002
1291582,0,1041,1012
1291583,0,1045,1010
1291584,0,1040,1009
1291585,0,1034,998
1291586,0,1042,1018
1291587,0,1037,997
1291588,0,1033,1010
1291589,0,1049,999
1291590,0,1034,1005
1291591,0,1031,1023
1291592,0,1036,1023
1291593,0,1031,1003
1291594,0,1043,1000
1291595,0,1032,1003
1291596,0,1037,1009
1291597,0,1053,1011
1291598,0,1044,996
1291599,0,1031,1013
1291600,0,1039,1029
1291601,0,1050,1027
1291602,0,1024,1004
1291603,0,1057,1015
1291604,0,1048,1010
1291605,0,1049,1007
1291606,0,1037,1004
1291607,0,1040,996
1291608,0,1057,1019
1291609,0,1042,993
1291610,0,1059,998
1291611,0,1049,1002
1291612,0,1040,1008
1291613,0,1040,1015
1291614,0,1039,1012
1291615,0,1047,1012
1291616,0,1040,999
1291617,0,1043,1000
1291618,0,1051,997
1291619,0,1043,1010
1291620,0,1049,1003
1291621,0,1040,1027
1291622,0,1057,991
1291623,0,1044,1000
1291624,0,1045,1000
1291625,0,1046,1007
1291626,0,1051,1009
1291627,0,1067,995
1291628,0,1045,1011
1291629,0,1038,1007
1291630,0,1061,1003
1291631,0,1035,1019
1291632,0,1032,1002
1291633,0,1043,1000
1291634,0,1046,1016
1291635,0,1045,979
1291636,0,1057,998
1291637,0,1037,992
1291638,0,1052,1011
1291639,0,1053,1003
1291640,0,1046,992
1291641,0,1042,1017
1291642,0,1043,998
1291643,0,1036,996
1291644,0,1045,997
1291645,0,1048,1000
1291646,0,1038,1002
1291647,0,1034,1006
1291648,0,1058,1001
1291649,0,1049,998
1291650,0,1035,1004
1291651,0,1037,1014
1291652,0,1039,999
1291653,0,1035,1011
1291654,0,1046,988
1291655,0,1053,999
1291656,0,1036,1016
1291657,0,1032,1021
1291658,0,1039,1020
1291659,0,1019,1009
1291660,0,1056,998
1291661,0,1023,991
1291662,0,1038,1017
1291663,0,1043,1014
1291664,0,1035,996
1291665,0,1041,1009
1291666,0,1032,1018
1291667,0,1037,1019
1291668,0,1041,1021
1291669,0,1048,993
1291670,0,1041,1015
1291671,0,1047,1005
1291672,0,1050,1005
1291673,0,1062,996
1291674,0,1043,1033
1291675,0,1029,994
1291676,0,1035,1023
1291677,0,1050,1001
1291678,0,1042,1003
1291679,0,1044,999
1291680,0,1053,1004
1291681,0,1059,994
1291682,0,1035,1013
1291683,0,1051,1000
1291684,0,1031,1009
1291685,0,1033,1004
1291686,0,1024,1015
1291687,0,1038,998
1291688,0,1036,1019
1291689,0,1043,976
1291690,0,1030,988
1291691,0,1040,1012
1291692,0,1027,1011
1291693,0,1041,995
1291694,0,1015,1003
1291695,0,1036,1018
1291696,0,1027,1007
1291697,0,1044,988
1291698,0,1045,1008
1291699,0,1044,999
1291700,0,1033,999
1291701,0,1049,988
1291702,0,1038,995
1291703,0,1053,993
1291704,0,1061,1001
1291705,0,1043,1002
1291706,0,1030,991
1291707,0,1029,995
1291708,0,1035,1018
1291709,0,1042,1041
1291710,0,1039,1083
1291711,0,1033,1098
1291712,0,1044,1159
1291713,0,1058,1222
1291714,0,1031,1252
1291715,0,1032,1287
1291716,0,1047,1305
1291717,0,1049,1339
1291718,0,1055,1357
1291719,0,1039,1320
1291720,0,1043,1323
1291721,0,1045,1299
1291722,0,1039,1301
1291723,0,1040,1299
1291724,0,1049,1256
1291725,0,1039,1267
1291726,0,1050,1246
1291727,0,1020,1240
1291728,0,1039,1226
1291729,0,1042,1219
1291730,0,1045,1208
1291731,0,1049,1213
1291732,0,1074,1199
1291733,0,1103,1207
1291734,0,1135,1171
1291735,0,1187,1152
1291736,0,1247,1163
1291737,0,1296,1157
1291738,0,1328,1149
1291739,0,1373,1146
1291740,0,1387,1112
1291741,0,1376,1131
1291742,0,1381,1101
1291743,0,1385,1118
1291744,0,1339,1119
1291745,0,1355,1095
1291746,0,1298,1099
1291747,0,1307,1099
1291748,0,1301,1067
1291749,0,1272,1072
1291750,0,1285,1090
1291751,0,1278,1079
1291752,0,1273,1080
1291753,0,1232,1063
1291754,0,1251,1075
1291755,0,1245,1076
1291756,0,1211,1064
1291757,0,1205,1053
1291758,0,1215,1058
1291759,0,1206,1050
1291760,0,1201,1040
1291761,0,1191,1044
1291762,0,1156,1032
1291763,0,1163,1037
1291764,0,1187,1030
1291765,0,1181,1039
1291766,0,1153,1017
1291767,0,1155,1018
1291768,0,1144,1027
1291769,0,1135,1026
1291770,0,1131,1020
1291771,0,1151,995
1291772,0,1125,1002
1291773,0,1134,1031
1291774,0,1117,1013
1291775,0,1117,1023
1291776,0,1103,1008
1291777,0,1109,1026
1291778,0,1102,1010
1291779,0,1087,1001
1291780,0,1103,994
1291781,0,1095,1005
1291782,0,1105,1010
1291783,0,1065,996
1291784,0,1094,993
1291785,0,1084,1009
1291786,0,1099,999
1291787,0,1081,1001
1291788,0,1083,1006
1291789,0,1081,980
1291790,0,1082,994
1291791,0,1077,984
1291792,0,1064,986
1291793,0,1075,989
1291794,0,1063,979
1291795,0,1073,965
1291796,0,1068,970
1291797,0,1084,1003
1291798,0,1089,1010
1291799,0,1077,1008
1291800,0,1063,989
1291801,0,1052,991
1291802,0,1062,998
1291803,0,1063,984
1291804,0,1069,981
1291805,0,1059,996
1291806,0,1040,968
1291807,0,1074,980
1291808,0,1065,981
1291809,0,1074,972
1291810,0,1059,972
1291811,0,1066,957
1291812,0,1068,982
1291813,0,1063,977
1291814,0,1067,977
1291815,0,1050,989
1291816,0,1063,968
1291817,0,1066,969
1291818,0,1035,970
1291819,0,1055,979
1291820,0,1047,995
1291821,0,1038,984
1291822,0,1057,986
1291823,0,1055,974
1291824,0,1062,980
1291825,0,1047,966
1291826,0,1065,985
1291827,0,1062,976
1291828,0,1037,962
1291829,0,1051,975
1291830,0,1024,967
1291831,0,1043,975
1291832,0,1044,982
1291833,0,1033,992
1291834,0,1024,975
1291835,0,1046,987
1291836,0,1038,983
1291837,0,1030,974
1291838,0,1039,973
1291839,0,1047,983
1291840,0,1041,988
1291841,0,1062,968
1291842,0,1045,970
1291843,0,1035,984
1291844,0,1045,986
1291845,0,1045,978
1291846,0,1055,969
1291847,0,1040,979
1291848,0,1051,971
1291849,0,1065,968
1291850,0,1060,970
1291851,0,1061,994
1291852,0,1059,979
1291853,0,1037,971
1291854,0,1043,961
1291855,0,1018,977
1291856,0,1048,967
1291857,0,1058,983
1291858,0,1057,963
1291859,0,1059,976
1291860,0,1037,986
1291861,0,1043,975
1291862,0,1038,985
1291863,0,1037,973
1291864,0,1040,967
1291865,0,1040,983
1291866,0,1050,981
1291867,0,1038,976
1291868,0,1053,967
1291869,0,1047,979
1291870,0,1043,972
1291871,0,1055,988
1291872,0,1045,968
1291873,0,1063,968
1291874,0,1034,975
1291875,0,1055,977
1291876,0,1059,972
1291877,0,1051,958
1291878,0,1055,966
1291879,0,1059,985
1291880,0,1058,995
1291881,0,1035,976
1291882,0,1049,979
1291883,0,1039,959
1291884,0,1048,975
1291885,0,1045,987
1291886,0,1041,992
1291887,0,1047,975
1291888,0,1049,981
1291889,0,1046,984
1291890,0,1045,971
1291891,0,1044,986
1291892,0,1055,966
1291893,0,1037,981
1291894,0,1047,978
1291895,0,1054,993
1291896,0,1051,989
1291897,0,1034,998
1291898,0,1036,987
1291899,0,1054,976
1291900,0,1039,988
1291901,0,1017,979
1291902,0,1053,990
1291903,0,1041,984
1291904,0,1050,979
1291905,0,1057,969
1291906,0,1037,983
1291907,0,1050,987
1291908,0,1049,988
1291909,0,1039,989
1291910,0,1043,985
1291911,0,1055,988
1291912,0,1045,1010
1291913,0,1045,999
1291914,0,1043,990
1291915,0,1049,982
1291916,0,1032,1003
1291917,0,1051,989
1291918,0,1065,982
1291919,0,1062,993
1291920,0,1039,991
1291921,0,1049,999
1291922,0,1056,990
1291923,0,1059,991
1291924,0,1049,1000
1291925,0,1064,991
1291926,0,1054,999
1291927,0,1053,980
1291928,0,1040,993
1291929,0,1043,1005
1291930,0,1042,976
1291931,0,1059,985
1291932,0,1035,991
1291933,0,1045,992
1291934,0,1059,992
1291935,0,1043,981
1291936,0,1044,992
1291937,0,1040,1011
1291938,0,1039,1011
1291939,0,1032,1000
1291940,0,1051,1007
1291941,0,1037,992
1291942,0,1051,982
1291943,0,1052,990
1291944,0,1031,1000
1291945,0,1062,998
1291946,0,1040,1011
1291947,0,1062,971
1291948,0,1045,992
1291949,0,1033,1001
1291950,0,1049,999
1291951,0,1059,983
1291952,0,1047,996
1291953,0,1055,1001
1291954,0,1044,989
1291955,0,1045,991
1291956,0,1048,1000
1291957,0,1050,976
1291958,0,1041,994
1291959,0,1035,984
1291960,0,1036,1009
1291961,0,1051,1012
1291962,0,1051,1005
1291963,0,1033,996
1291964,0,1035,1011
1291965,0,1048,986
1291966,0,1048,997
1291967,0,1059,994
1291968,0,1041,981
1291969,0,1040,993
1291970,0,1054,1007
1291971,0,1050,985
1291972,0,1056,988
1291973,0,1032,1002
1291974,0,1031,1006
1291975,0,1037,988
1291976,0,1048,1005
1291977,0,1031,1011
1291978,0,1044,1013
1291979,0,1039,1001
1291980,0,1033,1014
1291981,0,1043,999
1291982,0,1021,1020
1291983,0,1036,1005
1291984,0,1049,1003
1291985,0,1039,1008
1291986,0,1011,1016
1291987,0,1034,1000
1291988,0,1027,1009
1291989,0,1045,1012
1291990,0,1021,991
1291991,0,1042,999
1291992,0,1040,1010
1291993,0,1037,1019
1291994,0,1044,1007
1291995,0,1046,1003
1291996,0,1042,1017
1291997,0,1028,1006
1291998,0,1035,1015
1291999,0,1039,995
1292000,0,1041,997
1292001,0,1050,1008
1292002,0,1049,992
1292003,0,1045,1025
1292004,0,1051,1004
1292005,0,1046,1010
1292006,0,1048,995
1292007,0,1064,1031
1292008,0,1044,1007
1292009,0,1049,997
1292010,0,1055,1005
1292011,0,1053,999
1292012,0,1041,1011
1292013,0,1034,1002
1292014,0,1033,1012
1292015,0,1043,1007
1292016,0,1054,1005
1292017,0,1053,1010
1292018,0,1049,993
1292019,0,1050,1001
1292020,0,1063,990
1292021,0,1042,1021
1292022,0,1046,1004
1292023,0,1029,1004
1292024,0,1034,1013
1292025,0,1065,987
1292026,0,1065,1000
1292027,0,1041,992
1292028,0,1043,1013
1292029,0,1049,1025
1292030,0,1047,990
1292031,0,1031,1004
1292032,0,1050,1018
1292033,0,1030,1016
1292034,0,1050,999
1292035,0,1033,1001
1292036,0,1032,996
1292037,0,1035,1015
1292038,0,1058,997
1292039,0,1034,1015
1292040,0,1045,995
1292041,0,1039,1017
1292042,0,1028,1003
1292043,0,1040,1020
1292044,0,1047,1021
1292045,0,1067,999
1292046,0,1051,1011
1292047,0,1031,1015
1292048,0,1031,1012
1292049,0,1035,1015
1292050,0,1046,1018
1292051,0,1042,1002
1292052,0,1025,1011
1292053,0,1027,993
1292054,0,1055,1008
1292055,0,1032,1009
1292056,0,1036,1006
1292057,0,1025,1006
1292058,0,1027,1011
1292059,0,1046,1010
1292060,0,1029,998
1292061,0,1039,1008
1292062,0,1043,1006
1292063,0,1030,995
1292064,0,1032,1023
1292065,0,1045,1019
1292066,0,1031,1011
1292067,0,1049,1006
1292068,0,1050,1013
1292069,0,1029,1014
1292070,0,1039,1014
1292071,0,1044,1024
1292072,0,1029,1014
1292073,0,1051,1021
1292074,0,1057,988
1292075,0,1038,996
1292076,0,1042,1003
1292077,0,1051,1006
1292078,0,1037,1003
1292079,0,1019,984
1292080,0,1022,1011
1292081,0,1018,1019
1292082,0,1043,1019
1292083,0,1051,980
1292084,0,1041,998
1292085,0,1055,1023
1292086,0,1039,1005
1292087,0,1039,1003
1292088,0,1047,1017
1292089,0,1026,1009
1292090,0,1038,1016
1292091,0,1029,1013
1292092,0,1033,1004
1292093,0,1035,1017
1292094,0,1038,1022
1292095,0,1019,1013
1292096,0,1040,977
1292097,0,1047,1004
1292098,0,1024,1006
1292099,0,1043,1023
1292100,0,1033,1012
1292101,0,1037,1019
1292102,0,1035,1012
1292103,0,1048,1011
1292104,0,1035,1055
1292105,0,1037,1077
1292106,0,1043,1117
1292107,0,1042,1175
1292108,0,1046,1225
1292109,0,1036,1257
1292110,0,1036,1330
1292111,0,1029,1312
1292112,0,1024,1344
1292113,0,1041,1339
1292114,0,1043,1345
1292115,0,1029,1357
1292116,0,1039,1296
1292117,0,1042,1296
1292118,0,1055,1296
1292119,0,1055,1281
1292120,0,1040,1264
1292121,0,1028,1279
1292122,0,1037,1278
1292123,0,1055,1216
1292124,0,1038,1220
1292125,0,1042,1204
1292126,0,1055,1201
1292127,0,1079,1211
1292128,0,1117,1196
1292129,0,1137,1211
1292130,0,1181,1194
1292131,0,1247,1211
1292132,0,1311,1163
1292133,0,1341,1163
1292134,0,1356,1144
1292135,0,1355,1166
1292136,0,1392,1126
1292137,0,1355,1135
1292138,0,1389,1139
1292139,0,1349,1141
1292140,0,1356,1124
1292141,0,1312,1123
1292142,0,1325,1124
1292143,0,1297,1116
1292144,0,1301,1104
1292145,0,1311,1080
1292146,0,1277,1103
1292147,0,1267,1097
1292148,0,1270,1074
1292149,0,1240,1076
1292150,0,1231,1072
1292151,0,1255,1062
1292152,0,1201,1063
1292153,0,1218,1079
1292154,0,1192,1070
1292155,0,1199,1065
1292156,0,1203,1069
1292157,0,1195,1071
1292158,0,1162,1052
1292159,0,1161,1062
1292160,0,1191,1057
1292161,0,1179,1063
1292162,0,1161,1055
1292163,0,1158,1057
1292164,0,1154,1050
1292165,0,1155,1049
1292166,0,1141,1049
1292167,0,1138,1046
1292168,0,1125,1024
1292169,0,1123,1053
1292170,0,1133,1057
1292171,0,1108,1029
1292172,0,1101,1037
1292173,0,1112,1039
1292174,0,1127,1037
1292175,0,1123,1029
1292176,0,1114,1021
1292177,0,1122,1019
1292178,0,1098,1023
1292179,0,1111,1027
1292180,0,1103,1013
1292181,0,1081,1047
1292182,0,1087,1025
1292183,0,1084,1026
1292184,0,1090,1009
1292185,0,1088,1023
1292186,0,1089,1029
1292187,0,1077,1007
1292188,0,1079,1015
1292189,0,1073,1018
1292190,0,1079,996
1292191,0,1095,1025
1292192,0,1087,1017
1292193,0,1079,1034
1292194,0,1087,1033
1292195,0,1106,1009
1292196,0,1072,1009
1292197,0,1067,1019
1292198,0,1055,1027
1292199,0,1063,1012
1292200,0,1055,1014
1292201,0,1070,1000
1292202,0,1033,1023
1292203,0,1040,1009
1292204,0,1060,1013
1292205,0,1063,999
1292206,0,1071,1009
1292207,0,1065,1000
1292208,0,1046,995
1292209,0,1069,1006
1292210,0,1056,981
1292211,0,1053,1014
1292212,0,1051,1031
1292213,0,1047,1005
1292214,0,1038,1007
1292215,0,1049,1007
1292216,0,1046,1011
1292217,0,1048,1009
1292218,0,1055,1012
1292219,0,1066,1006
1292220,0,1042,997
1292221,0,1043,1005
1292222,0,1047,989
1292223,0,1036,991
1292224,0,1040,996
1292225,0,1044,1001
1292226,0,1044,1001
1292227,0,1047,1007
1292228,0,1042,994
1292229,0,1051,1015
1292230,0,1046,998
1292231,0,1058,1012
1292232,0,1038,994
1292233,0,1043,1004
1292234,0,1040,1013
1292235,0,1043,1006
1292236,0,1059,1015
1292237,0,1038,1017
1292238,0,1027,992
1292239,0,1045,1017
1292240,0,1044,985
1292241,0,1038,994
1292242,0,1056,1017
1292243,0,1039,992
1292244,0,1037,1009
1292245,0,1037,995
1292246,0,1047,988
1292247,0,1043,1017
1292248,0,1040,994
1292249,0,1044,1013
1292250,0,1041,1003
1292251,0,1048,1004
1292252,0,1045,997
1292253,0,1038,1000
1292254,0,1056,1005
1292255,0,1042,1004
1292256,0,1050,1006
1292257,0,1053,994
1292258,0,1050,1004
1292259,0,1048,992
1292260,0,1045,989
1292261,0,1040,1002
1292262,0,1032,1001
1292263,0,1055,992
1292264,0,1043,1009
1292265,0,1062,1005
1292266,0,1039,1017
1292267,0,1027,1002
1292268,0,1041,1003
1292269,0,1069,999
1292270,0,1050,1007
1292271,0,1061,1006
1292272,0,1047,997
1292273,0,1051,990
1292274,0,1055,1002
1292275,0,1043,1007
1292276,0,1052,999
1292277,0,1039,992
1292278,0,1045,1001
1292279,0,1047,1002
1292280,0,1046,1011
1292281,0,1048,994
1292282,0,1051,1005
1292283,0,1053,1005
1292284,0,1042,1001
1292285,0,1045,990
1292286,0,1043,996
1292287,0,1045,990
1292288,0,1047,998
1292289,0,1048,1000
1292290,0,1050,996
1292291,0,1045,999
1292292,0,1050,1011
1292293,0,1056,1004
1292294,0,1055,1002
1292295,0,1039,1007
1292296,0,1047,1006
1292297,0,1024,1011
1292298,0,1043,1003
1292299,0,1054,995
1292300,0,1048,999
1292301,0,1064,1006
1292302,0,1051,993
1292303,0,1057,987
1292304,0,1046,996
1292305,0,1045,997
1292306,0,1053,1014
1292307,0,1054,992
1292308,0,1034,1001
1292309,0,1050,1006
1292310,0,1047,994
1292311,0,1058,992
1292312,0,1047,1008
1292313,0,1047,1003
1292314,0,1030,1006
1292315,0,1056,989
1292316,0,1070,1015
1292317,0,1055,1007
1292318,0,1063,1012
1292319,0,1061,1006
1292320,0,1053,1001
1292321,0,1053,998
1292322,0,1061,1001
1292323,0,1049,1007
1292324,0,1056,1019
1292325,0,1063,1000
1292326,0,1040,1003
1292327,0,1073,1003
1292328,0,1069,1007
1292329,0,1060,1009
1292330,0,1040,1009
1292331,0,1056,1001
1292332,0,1061,1005
1292333,0,1062,1001
1292334,0,1066,1008
1292335,0,1069,995
1292336,0,1047,1013
1292337,0,1066,991
1292338,0,1051,1021
1292339,0,1063,1006
1292340,0,1047,1022
1292341,0,1071,1018
1292342,0,1057,1010
1292343,0,1050,1010
1292344,0,1047,996
1292345,0,1032,994
1292346,0,1062,1011
1292347,0,1059,1012
1292348,0,1055,1003
1292349,0,1068,1016
1292350,0,1056,996
1292351,0,1074,1006
1292352,0,1047,1012
1292353,0,1071,997
1292354,0,1052,1001
1292355,0,1039,1007
1292356,0,1055,988
1292357,0,1055,994
1292358,0,1057,1005
1292359,0,1074,1009
1292360,0,1053,999
1292361,0,1049,1001
1292362,0,1047,996
1292363,0,1047,1007
1292364,0,1045,1014
1292365,0,1049,990
1292366,0,1044,1013
1292367,0,1049,1013
1292368,0,1055,1009
1292369,0,1045,1004
1292370,0,1042,1014
1292371,0,1035,1012
1292372,0,1049,1009
1292373,0,1053,1006
1292374,0,1045,1018
1292375,0,1049,1009
1292376,0,1047,1031
1292377,0,1059,1011
1292378,0,1055,1021
1292379,0,1052,1021
1292380,0,1057,1029
1292381,0,1054,1016
1292382,0,1040,1020
1292383,0,1053,1018
1292384,0,1045,1008
1292385,0,1039,1019
1292386,0,1059,1017
1292387,0,1054,1008
1292388,0,1049,1019
1292389,0,1053,1029
1292390,0,1053,1018
1292391,0,1054,1016
1292392,0,1039,1020
1292393,0,1050,1008
1292394,0,1040,1020
1292395,0,1057,1012
1292396,0,1063,1023
1292397,0,1059,1011
1292398,0,1064,1016
1292399,0,1071,1010
1292400,0,1052,1013
1292401,0,1054,1005
1292402,0,1055,1008
1292403,0,1070,1018
1292404,0,1061,1023
1292405,0,1066,1026
1292406,0,1047,1010
1292407,0,1069,1013
1292408,0,1067,1021
1292409,0,1076,1008
1292410,0,1064,1000
1292411,0,1054,1008
1292412,0,1080,1031
1292413,0,1075,1003
1292414,0,1044,1004
1292415,0,1062,1025
1292416,0,1055,1017
1292417,0,1079,1014
1292418,0,1053,1011
1292419,0,1068,1014
1292420,0,1061,1011
1292421,0,1062,1000
1292422,0,1044,1006
1292423,0,1045,1013
1292424,0,1051,1025
1292425,0,1055,1003
1292426,0,1061,1006
1292427,0,1047,1005
1292428,0,1049,1007
1292429,0,1054,1015
1292430,0,1062,1017
1292431,0,1056,1021
1292432,0,1047,1021
1292433,0,1039,1023
1292434,0,1057,1026
1292435,0,1061,1012
1292436,0,1055,1002
1292437,0,1063,1023
1292438,0,1039,1017
1292439,0,1053,1019
1292440,0,1046,1012
1292441,0,1051,1013
1292442,0,1050,1022
1292443,0,1058,1013
1292444,0,1037,1002
1292445,0,1048,1012
1292446,0,1051,1022
1292447,0,1060,1023
1292448,0,1050,1023
1292449,0,1056,1021
1292450,0,1049,1011
1292451,0,1045,1010
1292452,0,1050,1013
1292453,0,1060,1045
1292454,0,1047,1003
1292455,0,1061,1025
1292456,0,1044,1024
1292457,0,1062,1016
1292458,0,1059,1017
1292459,0,1047,1002
1292460,0,1053,1011
1292461,0,1055,1023
1292462,0,1053,1014
1292463,0,1073,1034
1292464,0,1055,1018
1292465,0,1051,1005
1292466,0,1047,1033
1292467,0,1061,1021
1292468,0,1053,1013
1292469,0,1059,1008
1292470,0,1077,1033
1292471,0,1053,1009
1292472,0,1039,1023
1292473,0,1060,1015
1292474,0,1059,1013
1292475,0,1053,1022
1292476,0,1056,1011
1292477,0,1047,1027
1292478,0,1068,1020
1292479,0,1043,1014
1292480,0,1042,1000
1292481,0,1055,1023
1292482,0,1051,1020
1292483,0,1040,1030
1292484,0,1039,1017
1292485,0,1057,1009
1292486,0,1055,1014
1292487,0,1053,1015
1292488,0,1067,1010
1292489,0,1044,1019
1292490,0,1067,1005
1292491,0,1034,1023
1292492,0,1039,1025
1292493,0,1051,1039
1292494,0,1053,1003
1292495,0,1047,1023
1292496,0,1045,1053
1292497,0,1068,1071
1292498,0,1055,1111
1292499,0,1045,1151
1292500,0,1055,1189
1292501,0,1049,1235
1292502,0,1067,1296
1292503,0,1032,1312
1292504,0,1027,1328
1292505,0,1034,1346
1292506,0,1055,1345
1292507,0,1047,1363
1292508,0,1040,1339
1292509,0,1049,1320
1292510,0,1057,1315
1292511,0,1044,1290
1292512,0,1047,1272
1292513,0,1056,1267
1292514,0,1063,1263
1292515,0,1028,1251
1292516,0,1045,1245
1292517,0,1057,1250
1292518,0,1051,1226
1292519,0,1075,1209
1292520,0,1109,1227
1292521,0,1133,1202
1292522,0,1181,1191
1292523,0,1225,1214
1292524,0,1275,1183
1292525,0,1305,1179
1292526,0,1355,1171
1292527,0,1367,1162
1292528,0,1383,1143
1292529,0,1362,1163
1292530,0,1362,1159
1292531,0,1360,1145
1292532,0,1359,1151
1292533,0,1328,1123
1292534,0,1312,1106
1292535,0,1301,1135
1292536,0,1327,1112
1292537,0,1317,1127
1292538,0,1291,1118
1292539,0,1295,1084
1292540,0,1279,1095
1292541,0,1275,1095
1292542,0,1232,1085
1292543,0,1251,1080
1292544,0,1241,1077
1292545,0,1221,1059
1292546,0,1225,1085
1292547,0,1226,1075
1292548,0,1200,1066
1292549,0,1189,1071
1292550,0,1199,1050
1292551,0,1183,1065
1292552,0,1191,1061
1292553,0,1185,1055
1292554,0,1158,1066
1292555,0,1181,1068
1292556,0,1152,1058
1292557,0,1151,1037
1292558,0,1145,1056
1292559,0,1146,1071
1292560,0,1139,1042
1292561,0,1142,1050
1292562,0,1116,1059
1292563,0,1134,1049
1292564,0,1132,1038
1292565,0,1114,1035
1292566,0,1100,1047
1292567,0,1100,1044
1292568,0,1127,1024
1292569,0,1127,1033
1292570,0,1116,1021
1292571,0,1094,1027
1292572,0,1099,1008
1292573,0,1083,1039
1292574,0,1098,1020
1292575,0,1079,1046
1292576,0,1088,1012
1292577,0,1103,1026
1292578,0,1078,1018
1292579,0,1068,1019
1292580,0,1082,1018
1292581,0,1099,1023
1292582,0,1067,1031
1292583,0,1068,1023
1292584,0,1074,1012
1292585,0,1065,1000
1292586,0,1082,1026
1292587,0,1089,1029
1292588,0,1083,1030
1292589,0,1089,1022
1292590,0,1064,1005
1292591,0,1064,1010
1292592,0,1084,1030
1292593,0,1053,1033
1292594,0,1061,1014
1292595,0,1081,1011
1292596,0,1045,1001
1292597,0,1060,1023
1292598,0,1063,1010
1292599,0,1067,1006
1292600,0,1075,1026
1292601,0,1049,1034
1292602,0,1055,1014
1292603,0,1058,1008
1292604,0,1075,1021
1292605,0,1051,1019
1292606,0,1050,1034
1292607,0,1046,1014
1292608,0,1037,1003
1292609,0,1053,1019
1292610,0,1051,1031
1292611,0,1053,1004
1292612,0,1048,1003
1292613,0,1051,1006
1292614,0,1046,1006
1292615,0,1052,1001
1292616,0,1054,1009
1292617,0,1036,1018
1292618,0,1062,1013
1292619,0,1049,1028
1292620,0,1031,998
1292621,0,1055,1008
1292622,0,1043,1003
1292623,0,1073,1008
1292624,0,1053,1009
1292625,0,1041,1000
1292626,0,1029,1006
1292627,0,1062,1000
1292628,0,1053,1007
1292629,0,1031,992
1292630,0,1046,1003
1292631,0,1054,1007
1292632,0,1052,1000
1292633,0,1046,1009
1292634,0,1037,1000
1292635,0,1031,994
1292636,0,1039,996
1292637,0,1039,1007
1292638,0,1039,997
1292639,0,1039,992
1292640,0,1035,992
1292641,0,1044,997
1292642,0,1038,997
1292643,0,1046,1018
1292644,0,1032,1000
1292645,0,1042,995
1292646,0,1043,1002
1292647,0,1041,1004
1292648,0,1039,1010
1292649,0,1047,1002
1292650,0,1035,999
1292651,0,1055,1017
1292652,0,1030,1009
1292653,0,1025,1016
1292654,0,1038,1008
1292655,0,1024,997
1292656,0,1039,1017
1292657,0,1049,985
1292658,0,1033,985
1292659,0,1042,1003
1292660,0,1045,1015
1292661,0,1041,1011
1292662,0,1041,1004
1292663,0,1026,1003
1292664,0,1024,997
1292665,0,1054,1022
1292666,0,1049,1012
1292667,0,1049,995
1292668,0,1051,1008
1292669,0,1037,1003
1292670,0,1030,1004
1292671,0,1039,1009
1292672,0,1041,1008
1292673,0,1028,993
1292674,0,1045,997
1292675,0,1031,998
1292676,0,1022,1001
1292677,0,1043,1005
1292678,0,1048,1006
1292679,0,1042,1003
1292680,0,1041,1006
1292681,0,1033,992
1292682,0,1034,1000
1292683,0,1035,1000
1292684,0,1044,1010
1292685,0,1027,1006
1292686,0,1049,1014
1292687,0,1029,1011
1292688,0,1046,1019
1292689,0,1036,992
1292690,0,1025,1019
1292691,0,1027,1007
1292692,0,1043,1019
1292693,0,1062,997
1292694,0,1020,1018
1292695,0,1040,1001
1292696,0,1030,993
1292697,0,1051,1002
1292698,0,1063,999
1292699,0,1039,991
1292700,0,1051,996
1292701,0,1047,1019
1292702,0,1055,1010
1292703,0,1027,1011
1292704,0,1035,1001
1292705,0,1036,1013
1292706,0,1035,1001
1292707,0,1021,998
1292708,0,1043,1009
1292709,0,1021,1007
1292710,0,1035,1012
1292711,0,1041,1002
1292712,0,1057,994
1292713,0,1044,1013
1292714,0,1035,1014
1292715,0,1030,1008
1292716,0,1038,1003
1292717,0,1037,994
1292718,0,1032,1009
1292719,0,1024,1023
1292720,0,1023,1006
1292721,0,1043,1013
1292722,0,1028,1001
1292723,0,1055,994
1292724,0,1045,1014
1292725,0,1045,1005
1292726,0,1043,1004
1292727,0,1067,1015
1292728,0,1041,1023
1292729,0,1029,1009
1292730,0,1047,1009
1292731,0,1039,1016
1292732,0,1037,1013
1292733,0,1034,1016
1292734,0,1039,997
1292735,0,1038,1007
1292736,0,1030,1014
1292737,0,1029,1023
1292738,0,1037,1019
1292739,0,1039,994
1292740,0,1037,1007
1292741,0,1055,992
1292742,0,1041,1009
1292743,0,1050,1018
1292744,0,1043,1021
1292745,0,1038,1008
1292746,0,1028,1003
1292747,0,1047,1008
1292748,0,1039,1017
1292749,0,1037,1011
1292750,0,1039,1010
1292751,0,1036,1012
1292752,0,1047,1005
1292753,0,1039,1019
1292754,0,1032,1005
1292755,0,1055,994
1292756,0,1046,1004
1292757,0,1045,1006
1292758,0,1063,992
1292759,0,1035,1007
1292760,0,1038,1014
1292761,0,1045,1037
1292762,0,1055,1011
1292763,0,1054,997
1292764,0,1045,1006
1292765,0,1041,1034
1292766,0,1048,1017
1292767,0,1050,1009
1292768,0,1023,1022
1292769,0,1027,1004
1292770,0,1044,1030
1292771,0,1033,1037
1292772,0,1041,1001
1292773,0,1039,1021
1292774,0,1047,1028
1292775,0,1044,1023
1292776,0,1039,1035
1292777,0,1047,1027
1292778,0,1042,1020
1292779,0,1060,1021
1292780,0,1038,1026
1292781,0,1055,1011
1292782,0,1040,1015
1292783,0,1058,1015
1292784,0,1034,1017
1292785,0,1046,1008
1292786,0,1049,1008
1292787,0,1051,1035
1292788,0,1025,1005
1292789,0,1043,1015
1292790,0,1054,1009
1292791,0,1042,1019
1292792,0,1047,1023
1292793,0,1044,1014
1292794,0,1077,1023
1292795,0,1053,1023
1292796,0,1039,1004
1292797,0,1032,1011
1292798,0,1042,1019
1292799,0,1056,1012
1292800,0,1058,1012
1292801,0,1051,997
1292802,0,1035,1007
1292803,0,1052,1025
1292804,0,1047,1000
1292805,0,1043,1021
1292806,0,1059,1025
1292807,0,1075,1003
1292808,0,1055,1004
1292809,0,1054,1023
1292810,0,1063,1022
1292811,0,1031,1026
1292812,0,1045,997
1292813,0,1039,1007
1292814,0,1044,1022
1292815,0,1043,1022
1292816,0,1032,1027
1292817,0,1034,1013
1292818,0,1031,1022
1292819,0,1051,1022
1292820,0,1035,1012
1292821,0,1034,1017
1292822,0,1043,1025
1292823,0,1032,1011
1292824,0,1047,1013
1292825,0,1048,1017
1292826,0,1047,1008
1292827,0,1034,1021
1292828,0,1050,1000
1292829,0,1047,1010
1292830,0,1059,1016
1292831,0,1041,1010
1292832,0,1042,1037
1292833,0,1030,1027
1292834,0,1045,1016
1292835,0,1040,1017
1292836,0,1027,1034
1292837,0,1029,1020
1292838,0,1046,1017
1292839,0,1037,1025
1292840,0,1044,1002
1292841,0,1033,1010
1292842,0,1041,1002
1292843,0,1047,1023
1292844,0,1055,1002
1292845,0,1030,1011
1292846,0,1037,1031
1292847,0,1050,1025
1292848,0,1049,1016
1292849,0,1047,1001
1292850,0,1019,1017
1292851,0,1028,1013
1292852,0,1045,1027
1292853,0,1051,1024
1292854,0,1049,1009
1292855,0,1055,1015
1292856,0,1034,1017
1292857,0,1039,1017
1292858,0,1051,1011
1292859,0,1038,1022
1292860,0,1040,1023
1292861,0,1058,997
1292862,0,1033,1022
1292863,0,1050,1023
1292864,0,1042,1028
1292865,0,1039,1015
1292866,0,1059,1016
1292867,0,1039,1023
1292868,0,1046,1025
1292869,0,1048,1013
1292870,0,1047,1034
1292871,0,1046,1008
1292872,0,1051,1017
1292873,0,1039,1016
1292874,0,1027,1015
1292875,0,1044,1006
1292876,0,1053,1015
1292877,0,1024,1017
1292878,0,1039,1019
1292879,0,1038,1041
1292880,0,1057,1017
1292881,0,1046,1005
1292882,0,1047,1024
1292883,0,1054,1037
1292884,0,1043,1011
1292885,0,1057,1032
1292886,0,1039,1001
1292887,0,1056,1028
1292888,0,1048,1021
1292889,0,1041,1025
1292890,0,1042,1049
1292891,0,1049,1109
1292892,0,1026,1124
1292893,0,1038,1179
1292894,0,1034,1259
1292895,0,1047,1317
1292896,0,1041,1337
1292897,0,1043,1352
1292898,0,1045,1375
1292899,0,1043,1367
1292900,0,1039,1367
1292901,0,1028,1347
1292902,0,1047,1318
1292903,0,1043,1304
1292904,0,1046,1327
1292905,0,1048,1270
1292906,0,1054,1270
1292907,0,1045,1274
1292908,0,1049,1275
1292909,0,1061,1263
1292910,0,1049,1259
1292911,0,1043,1224
1292912,0,1040,1241
1292913,0,1081,1194
1292914,0,1103,1184
1292915,0,1165,1198
1292916,0,1201,1199
1292917,0,1250,1173
1292918,0,1312,1185
1292919,0,1343,1167
1292920,0,1371,1165
1292921,0,1391,1136
1292922,0,1380,1150
1292923,0,1395,1125
1292924,0,1365,1151
1292925,0,1357,1147
1292926,0,1334,1123
1292927,0,1322,1131
1292928,0,1327,1126
1292929,0,1311,1117
1292930,0,1280,1108
1292931,0,1291,1108
1292932,0,1299,1113
1292933,0,1263,1101
1292934,0,1252,1088
1292935,0,1248,1080
1292936,0,1231,1071
1292937,0,1210,1099
1292938,0,1235,1078
1292939,0,1221,1081
1292940,0,1176,1073
1292941,0,1203,1079
1292942,0,1195,1085
1292943,0,1206,1069
1292944,0,1164,1065
1292945,0,1163,1059
1292946,0,1183,1055
1292947,0,1163,1037
1292948,0,1140,1043
1292949,0,1150,1066
1292950,0,1163,1057
1292951,0,1155,1064
1292952,0,1120,1053
1292953,0,1124,1029
1292954,0,1141,1045
1292955,0,1104,1054
1292956,0,1124,1053
1292957,0,1114,1047
1292958,0,1112,1051
1292959,0,1130,1030
1292960,0,1114,1035
1292961,0,1127,1027
1292962,0,1117,1039
1292963,0,1105,1012
1292964,0,1106,1033
1292965,0,1082,1032
1292966,0,1102,1024
1292967,0,1093,1043
1292968,0,1087,1031
1292969,0,1066,1030
1292970,0,1083,1022
1292971,0,1076,1011
1292972,0,1075,1021
1292973,0,1073,1026
1292974,0,1059,1039
1292975,0,1080,1028
1292976,0,1089,1025
1292977,0,1074,1021
1292978,0,1086,1021
1292979,0,1071,1027
1292980,0,1040,1011
1292981,0,1056,1015
1292982,0,1062,1029
1292983,0,1063,1023
1292984,0,1048,1034
1292985,0,1056,1028
1292986,0,1052,1014
1292987,0,1048,1025
1292988,0,1056,1001
1292989,0,1052,1022
1292990,0,1036,1007
1292991,0,1058,998
1292992,0,1050,1008
1292993,0,1045,1012
1292994,0,1047,1021
1292995,0,1057,1024
1292996,0,1043,1003
1292997,0,1037,1021
1292998,0,1044,1008
1292999,0,1043,1024
1293000,0,1036,1013
1293001,0,1043,1026
1293002,0,1039,1020
1293003,0,1032,1000
1293004,0,1026,1007
1293005,0,1064,1027
1293006,0,1044,991
1293007,0,1054,1024
1293008,0,1018,1020
1293009,0,1044,1013
1293010,0,1042,1006
1293011,0,1032,1007
1293012,0,1033,1000
1293013,0,1046,1016
1293014,0,1042,1029
1293015,0,1036,1006
1293016,0,1044,1015
1293017,0,1052,1009
1293018,0,1032,1012
1293019,0,1037,1019
1293020,0,1050,1008
1293021,0,1031,1001
1293022,0,1047,1004
1293023,0,1028,1013
1293024,0,1047,1010
1293025,0,1024,1003
1293026,0,1019,1010
1293027,0,1056,1006
1293028,0,1041,1039
1293029,0,1037,1017
1293030,0,1042,1026
1293031,0,1022,1016
1293032,0,1033,1015
1293033,0,1043,1006
1293034,0,1048,1020
1293035,0,1035,1004
1293036,0,1025,1017
1293037,0,1039,1001
1293038,0,1031,1027
1293039,0,1033,997
1293040,0,1031,993
1293041,0,1042,1023
1293042,0,1035,1015
1293043,0,1036,1025
1293044,0,1025,1015
1293045,0,1029,1014
1293046,0,1022,1023
1293047,0,1050,1019
1293048,0,1037,999
1293049,0,1036,1011
1293050,0,1025,1012
1293051,0,1044,1019
1293052,0,1033,1003
1293053,0,1031,1005
1293054,0,1045,1000
1293055,0,1051,1021
1293056,0,1043,1016
1293057,0,1044,1023
1293058,0,1031,994
1293059,0,1011,1007
1293060,0,1032,1004
1293061,0,1045,1007
1293062,0,1050,1004
1293063,0,1035,1000
1293064,0,1057,1011
1293065,0,1055,1014
1293066,0,1045,1007
1293067,0,1041,1000
1293068,0,1035,1020
1293069,0,1033,1009
1293070,0,1043,1005
1293071,0,1051,1007
1293072,0,1024,1024
1293073,0,1049,1007
1293074,0,1029,1016
1293075,0,1044,1013
1293076,0,1035,1005
1293077,0,1022,1011
1293078,0,1036,998
1293079,0,1051,986
1293080,0,1029,1003
1293081,0,1038,1010
1293082,0,1034,1013
1293083,0,1055,1019
1293084,0,1034,1012
1293085,0,1041,1008
1293086,0,1032,993
1293087,0,1035,1009
1293088,0,1045,1005
1293089,0,1047,979
1293090,0,1043,1002
1293091,0,1031,999
1293092,0,1042,1009
1293093,0,1053,1000
1293094,0,1041,1019
1293095,0,1020,1017
1293096,0,1030,1008
1293097,0,1044,1014
1293098,0,1026,1019
1293099,0,1026,992
1293100,0,1031,1021
1293101,0,1036,1016
1293102,0,1055,1000
1293103,0,1039,1009
1293104,0,1044,1005
1293105,0,1025,1009
1293106,0,1038,1016
1293107,0,1042,1000
1293108,0,1033,1012
1293109,0,1047,999
1293110,0,1027,1011
1293111,0,1036,1003
1293112,0,1041,1012
1293113,0,1042,994
1293114,0,1027,993
1293115,0,1021,1010
1293116,0,1041,1003
1293117,0,1030,1022
1293118,0,1039,985
1293119,0,1029,1013
1293120,0,1027,1018
1293121,0,1020,1014
1293122,0,1028,1013
1293123,0,1035,1019
1293124,0,1027,993
1293125,0,1030,1002
1293126,0,1039,1011
1293127,0,1024,1007
1293128,0,1039,1018
1293129,0,1024,1016
1293130,0,1057,996
1293131,0,1047,1009
1293132,0,1030,1015
1293133,0,1038,1015
1293134,0,1037,1018
1293135,0,1037,1019
1293136,0,1039,999
1293137,0,1031,1004
1293138,0,1053,1004
1293139,0,1027,1014
1293140,0,1026,1001
1293141,0,1017,1005
1293142,0,1037,1007
1293143,0,1038,993
1293144,0,1038,1010
1293145,0,1036,1015
1293146,0,1034,1019
1293147,0,1042,1008
1293148,0,1035,1031
1293149,0,1046,1015
1293150,0,1049,1003
1293151,0,1025,1005
1293152,0,1023,998
1293153,0,1022,1021
1293154,0,1044,1017
1293155,0,1018,1036
1293156,0,1039,1006
1293157,0,1045,1003
1293158,0,1041,987
1293159,0,1036,1015
1293160,0,1034,1020
1293161,0,1041,1015
1293162,0,1042,1027
1293163,0,1039,1023
1293164,0,1045,1037
1293165,0,1043,1021
1293166,0,1040,1006
1293167,0,1034,1012
1293168,0,1022,1010
1293169,0,1035,1015
1293170,0,1037,1012
1293171,0,1031,1034
1293172,0,1025,1015
1293173,0,1036,1023
1293174,0,1029,1003
1293175,0,1021,1016
1293176,0,1032,1021
1293177,0,1035,1017
1293178,0,1035,997
1293179,0,1035,1001
1293180,0,1036,1015
1293181,0,1040,1029
1293182,0,1028,1010
1293183,0,1042,1019
1293184,0,1046,1007
1293185,0,1052,1029
1293186,0,1059,1013
1293187,0,1042,1001
1293188,0,1045,996
1293189,0,1061,1003
1293190,0,1044,1005
1293191,0,1063,1015
1293192,0,1047,1018
1293193,0,1053,1020
1293194,0,1045,1006
1293195,0,1061,1009
1293196,0,1050,1006
1293197,0,1055,994
1293198,0,1045,995
1293199,0,1046,997
1293200,0,1046,1005
1293201,0,1054,1013
1293202,0,1046,990
1293203,0,1057,1021
1293204,0,1038,1010
1293205,0,1047,1027
1293206,0,1041,1018
1293207,0,1025,1000
1293208,0,1030,1011
1293209,0,1038,1004
1293210,0,1037,1016
1293211,0,1035,1009
1293212,0,1040,999
1293213,0,1026,1017
1293214,0,1049,1000
1293215,0,1032,1010
1293216,0,1047,1021
1293217,0,1017,1001
1293218,0,1036,1003
1293219,0,1034,1019
1293220,0,1051,1004
1293221,0,1040,1012
1293222,0,1028,1004
1293223,0,1038,998
1293224,0,1036,996
1293225,0,1024,1019
1293226,0,1032,1019
1293227,0,1059,1008
1293228,0,1038,1022
1293229,0,1029,1020
1293230,0,1027,1015
1293231,0,1047,1002
1293232,0,1043,1014
1293233,0,1032,1016
1293234,0,1044,1020
1293235,0,1054,1018
1293236,0,1041,1019
1293237,0,1031,1006
1293238,0,1029,1001
1293239,0,1049,1010
1293240,0,1059,999
1293241,0,1054,1021
1293242,0,1039,1013
1293243,0,1048,1039
1293244,0,1038,1002
1293245,0,1032,992
1293246,0,1040,1007
1293247,0,1047,1009
1293248,0,1039,1004
1293249,0,1032,999
1293250,0,1057,1012
1293251,0,1057,1007
1293252,0,1055,1018
1293253,0,1059,998
1293254,0,1030,1013
1293255,0,1049,1014
1293256,0,1052,1006
1293257,0,1060,1003
1293258,0,1052,1028
1293259,0,1047,982
1293260,0,1055,997
1293261,0,1032,1008
1293262,0,1053,1006
1293263,0,1034,996
1293264,0,1037,1001
1293265,0,1053,1023
1293266,0,1059,1007
1293267,0,1061,1002
1293268,0,1055,1005
1293269,0,1051,1002
1293270,0,1033,989
1293271,0,1050,1017
1293272,0,1065,999
1293273,0,1027,1013
1293274,0,1047,1005
1293275,0,1047,1009
1293276,0,1056,991
1293277,0,1028,1003
1293278,0,1045,1003
1293279,0,1049,989
1293280,0,1039,1000
1293281,0,1045,1005
1293282,0,1034,1001
1293283,0,1030,1039
1293284,0,1054,1039
1293285,0,1032,1077
1293286,0,1046,1127
1293287,0,1057,1199
1293288,0,1050,1243
1293289,0,1047,1245
1293290,0,1038,1317
1293291,0,1045,1346
1293292,0,1055,1343
1293293,0,1039,1324
1293294,0,1041,1320
1293295,0,1039,1339
1293296,0,1015,1327
1293297,0,1037,1333
1293298,0,1047,1307
1293299,0,1051,1267
1293300,0,1065,1248
1293301,0,1040,1262
1293302,0,1048,1255
1293303,0,1035,1239
1293304,0,1042,1220
1293305,0,1047,1223
1293306,0,1077,1215
1293307,0,1073,1192
1293308,0,1107,1178
1293309,0,1157,1196
1293310,0,1203,1197
1293311,0,1271,1179
1293312,0,1327,1160
1293313,0,1359,1167
1293314,0,1366,1140
1293315,0,1376,1147
1293316,0,1395,1124
1293317,0,1382,1125
1293318,0,1360,1132
1293319,0,1351,1123
1293320,0,1347,1117
1293321,0,1347,1102
1293322,0,1317,1083
1293323,0,1304,1085
1293324,0,1292,1075
1293325,0,1296,1093
1293326,0,1264,1090
1293327,0,1291,1097
1293328,0,1287,1099
1293329,0,1266,1049
1293330,0,1249,1072
1293331,0,1236,1087
1293332,0,1220,1074
1293333,0,1241,1081
1293334,0,1219,1060
1293335,0,1196,1058
1293336,0,1203,1046
1293337,0,1211,1066
1293338,0,1181,1069
1293339,0,1182,1052
1293340,0,1180,1040
1293341,0,1191,1055
1293342,0,1171,1053
1293343,0,1169,1036
1293344,0,1173,1038
1293345,0,1149,1049
1293346,0,1142,1034
1293347,0,1139,1030
1293348,0,1143,1031
1293349,0,1140,1052
1293350,0,1106,1040
1293351,0,1150,1008
1293352,0,1131,1005
1293353,0,1145,1011
1293354,0,1104,1027
1293355,0,1098,1035
1293356,0,1122,1018
1293357,0,1097,1033
1293358,0,1107,1000
1293359,0,1103,1022
1293360,0,1103,1022
1293361,0,1099,1033
1293362,0,1108,1018
1293363,0,1076,1035
1293364,0,1073,1035
1293365,0,1076,1015
1293366,0,1107,1021
1293367,0,1083,1014
1293368,0,1081,1010
1293369,0,1081,1010
1293370,0,1071,1003
1293371,0,1080,1006
1293372,0,1097,1030
1293373,0,1081,1037
1293374,0,1083,1027
1293375,0,1073,987
1293376,0,1065,1007
1293377,0,1087,1025
1293378,0,1072,995
1293379,0,1054,1009
1293380,0,1068,1010
1293381,0,1053,1017
1293382,0,1048,1007
1293383,0,1069,999
1293384,0,1075,993
1293385,0,1073,994
1293386,0,1046,1014
1293387,0,1032,1007
1293388,0,1066,1019
1293389,0,1071,984
1293390,0,1055,1020
1293391,0,1075,1011
1293392,0,1065,1018
1293393,0,1049,992
1293394,0,1050,1009
1293395,0,1063,1003
1293396,0,1042,996
1293397,0,1055,995
1293398,0,1054,1011
1293399,0,1052,1017
1293400,0,1046,981
1293401,0,1051,994
1293402,0,1050,999
1293403,0,1031,999
1293404,0,1026,1031
1293405,0,1024,1014
1293406,0,1056,995
1293407,0,1030,1019
1293408,0,1039,1021
1293409,0,1024,1005
1293410,0,1028,1009
1293411,0,1053,1009
1293412,0,1058,995
1293413,0,1040,1006
1293414,0,1027,1016
1293415,0,1059,991
1293416,0,1024,992
1293417,0,1043,1004
1293418,0,1050,998
1293419,0,1033,1013
1293420,0,1024,1005
1293421,0,1032,1026
1293422,0,1039,1003
1293423,0,1046,992
1293424,0,1042,1013
1293425,0,1034,1000
1293426,0,1020,985
1293427,0,1037,1006
1293428,0,1030,1001
1293429,0,1047,992
1293430,0,1043,995
1293431,0,1030,1020
1293432,0,1033,996
1293433,0,1051,997
1293434,0,1027,981
1293435,0,1038,1003
1293436,0,1042,1001
1293437,0,1049,1004
1293438,0,1030,994
1293439,0,1044,997
1293440,0,1042,1000
1293441,0,1049,1005
1293442,0,1047,990
1293443,0,1031,1007
1293444,0,1031,1016
1293445,0,1036,1023
1293446,0,1023,1007
1293447,0,1033,999
1293448,0,1022,1013
1293449,0,1025,1022
1293450,0,1034,1031
1293451,0,1037,1003
1293452,0,1049,992
1293453,0,1029,998
1293454,0,1034,1004
1293455,0,1024,1002
1293456,0,1040,992
1293457,0,1034,1007
1293458,0,1026,1018
1293459,0,1029,1002
1293460,0,1054,1012
1293461,0,1027,1010
1293462,0,1021,1005
1293463,0,1035,1005
1293464,0,1037,1017
1293465,0,1039,996
1293466,0,1040,1007
1293467,0,1028,1018
1293468,0,1032,1002
1293469,0,1039,1019
1293470,0,1001,1003
1293471,0,1037,1009
1293472,0,1042,1017
1293473,0,1035,1007
1293474,0,1043,993
1293475,0,1033,995
1293476,0,1032,1018
1293477,0,1043,995
1293478,0,1043,1017
1293479,0,1049,1001
1293480,0,1057,1007
1293481,0,1033,1002
1293482,0,1027,1017
1293483,0,1027,1021
1293484,0,1031,1003
1293485,0,1027,1010
1293486,0,1029,1016
1293487,0,1032,1011
1293488,0,1030,1019
1293489,0,1031,994
1293490,0,1047,996
1293491,0,1036,1006
1293492,0,1036,1011
1293493,0,1039,1013
1293494,0,1032,1013
1293495,0,1034,1007
1293496,0,1025,1010
1293497,0,1042,1008
1293498,0,1035,1006
1293499,0,1019,1008
1293500,0,1028,1011
1293501,0,1045,1017
1293502,0,1035,1012
1293503,0,1039,1002
1293504,0,1018,1013
1293505,0,1056,1019
1293506,0,1045,1009
1293507,0,1039,999
1293508,0,1029,1015
1293509,0,1035,1000
1293510,0,1035,1004
1293511,0,1016,996
1293512,0,1027,1015
1293513,0,1035,1008
1293514,0,1050,999
1293515,0,1039,1011
1293516,0,1043,1023
1293517,0,1023,992
1293518,0,1027,996
1293519,0,1040,1009
1293520,0,1025,1006
1293521,0,1037,998
1293522,0,1059,1005
1293523,0,1041,1021
1293524,0,1024,1013
1293525,0,1039,1015
1293526,0,1042,1002
1293527,0,1039,1010
1293528,0,1047,1004
1293529,0,1044,1007
1293530,0,1043,1006
1293531,0,1026,1003
1293532,0,1039,1007
1293533,0,1021,1014
1293534,0,1048,1007
1293535,0,1032,1003
1293536,0,1033,1014
1293537,0,1035,1009
1293538,0,1032,1010
1293539,0,1047,1009
1293540,0,1042,1013
1293541,0,1036,1004
1293542,0,1041,1005
1293543,0,1040,1010
1293544,0,1044,997
1293545,0,1029,1012
1293546,0,1023,1020
1293547,0,1029,993
1293548,0,1031,1006
1293549,0,1037,1002
1293550,0,1040,1026
1293551,0,1037,1011
1293552,0,1011,1028
1293553,0,1033,1013
1293554,0,1028,999
1293555,0,1049,1019
1293556,0,1004,1003
1293557,0,1024,1011
1293558,0,1046,1019
1293559,0,1040,1022
1293560,0,1007,1004
1293561,0,1044,1029
1293562,0,1022,1043
1293563,0,1054,1017
1293564,0,1036,1026
1293565,0,1055,1009
1293566,0,1039,1019
1293567,0,1034,1027
1293568,0,1033,1025
1293569,0,1022,1003
1293570,0,1043,1013
1293571,0,1031,1004
1293572,0,1030,1010
1293573,0,1037,1012
1293574,0,1041,1002
1293575,0,1034,1021
1293576,0,1050,1018
1293577,0,1035,1006
1293578,0,1049,1003
1293579,0,1054,1023
1293580,0,1048,984
1293581,0,1039,996
1293582,0,1024,1007
1293583,0,1044,1021
1293584,0,1053,1007
1293585,0,1055,1016
1293586,0,1036,1013
1293587,0,1041,1003
1293588,0,1044,1000
1293589,0,1037,1010
1293590,0,1050,1017
1293591,0,1049,999
1293592,0,1047,1009
1293593,0,1043,1015
1293594,0,1041,1004
1293595,0,1064,1000
1293596,0,1044,1012
1293597,0,1051,1017
1293598,0,1042,1003
1293599,0,1052,1010
1293600,0,1055,1003
1293601,0,1032,1019
1293602,0,1037,1003
1293603,0,1055,993
1293604,0,1042,1008
1293605,0,1034,1012
1293606,0,1033,999
1293607,0,1031,1007
1293608,0,1043,1007
1293609,0,1050,1005
1293610,0,1036,1014
1293611,0,1040,998
1293612,0,1049,1015
1293613,0,1040,1019
1293614,0,1030,1006
1293615,0,1052,1019
1293616,0,1046,1019
1293617,0,1022,1011
1293618,0,1054,1015
1293619,0,1049,1023
1293620,0,1035,1002
1293621,0,1051,1012
1293622,0,1041,1013
1293623,0,1055,1011
1293624,0,1021,1026
1293625,0,1032,1009
1293626,0,1032,1004
1293627,0,1031,1029
1293628,0,1047,1000
1293629,0,1024,1006
1293630,0,1024,993
1293631,0,1033,1008
1293632,0,1043,996
1293633,0,1030,1014
1293634,0,1040,1001
1293635,0,1039,1006
1293636,0,1044,1014
1293637,0,1033,1016
1293638,0,1033,1008
1293639,0,1047,1010
1293640,0,1008,1019
1293641,0,1036,1014
1293642,0,1033,1020
1293643,0,1053,1005
1293644,0,1025,1004
1293645,0,1044,1005
1293646,0,1039,1013
1293647,0,1035,1012
1293648,0,1032,999
1293649,0,1046,1006
1293650,0,1052,1011
1293651,0,1055,1003
1293652,0,1050,997
1293653,0,1048,1009
1293654,0,1038,1007
1293655,0,1037,1007
1293656,0,1043,992
1293657,0,1028,1017
1293658,0,1047,993
1293659,0,1061,1018
1293660,0,1039,992
1293661,0,1057,1003
1293662,0,1036,1001
1293663,0,1039,1017
1293664,0,1044,1002
1293665,0,1028,995
1293666,0,1029,993
1293667,0,1031,998
1293668,0,1047,1010
1293669,0,1052,1007
1293670,0,1045,1002
1293671,0,1033,1003
1293672,0,1067,985
1293673,0,1049,1015
1293674,0,1030,1009
1293675,0,1043,1019
1293676,0,1039,1027
1293677,0,1041,1027
1293678,0,1047,1035
1293679,0,1043,1047
1293680,0,1031,1088
1293681,0,1053,1147
1293682,0,1042,1175
1293683,0,1039,1259
1293684,0,1052,1257
1293685,0,1068,1306
1293686,0,1025,1321
1293687,0,1037,1344
1293688,0,1045,1349
1293689,0,1027,1335
1293690,0,1032,1333
1293691,0,1049,1343
1293692,0,1053,1288
1293693,0,1044,1283
1293694,0,1044,1268
1293695,0,1044,1248
1293696,0,1041,1261
1293697,0,1044,1246
1293698,0,1043,1245
1293699,0,1032,1216
1293700,0,1039,1212
1293701,0,1049,1215
1293702,0,1079,1189
1293703,0,1107,1199
1293704,0,1174,1168
1293705,0,1219,1156
1293706,0,1263,1140
1293707,0,1309,1167
1293708,0,1343,1157
1293709,0,1372,1153
1293710,0,1395,1136
1293711,0,1370,1139
1293712,0,1377,1138
1293713,0,1364,1117
1293714,0,1347,1139
1293715,0,1366,1125
1293716,0,1328,1108
1293717,0,1303,1089
1293718,0,1331,1113
1293719,0,1292,1082
1293720,0,1295,1087
1293721,0,1279,1082
1293722,0,1271,1089
1293723,0,1274,1049
1293724,0,1239,1060
1293725,0,1216,1055
1293726,0,1216,1044
1293727,0,1245,1081
1293728,0,1239,1070
1293729,0,1227,1075
1293730,0,1196,1077
1293731,0,1195,1072
1293732,0,1221,1047
1293733,0,1171,1055
1293734,0,1160,1056
1293735,0,1191,1055
1293736,0,1179,1054
1293737,0,1152,1031
1293738,0,1174,1043
1293739,0,1171,1016
1293740,0,1140,1050
1293741,0,1133,1016
1293742,0,1149,1039
1293743,0,1149,1044
1293744,0,1139,1047
1293745,0,1123,1035
1293746,0,1106,1028
1293747,0,1100,1034
1293748,0,1096,1031
1293749,0,1104,1033
1293750,0,1100,1030
1293751,0,1112,1019
1293752,0,1115,1026
1293753,0,1115,1032
1293754,0,1114,1021
1293755,0,1099,999
1293756,0,1094,1009
1293757,0,1092,1000
1293758,0,1068,1045
1293759,0,1103,1010
1293760,0,1092,1027
1293761,0,1090,1007
1293762,0,1077,1004
1293763,0,1075,1004
1293764,0,1074,1001
1293765,0,1056,1003
1293766,0,1065,1008
1293767,0,1052,1002
1293768,0,1058,1011
1293769,0,1085,1007
1293770,0,1079,1013
1293771,0,1055,1004
1293772,0,1086,1015
1293773,0,1065,1007
1293774,0,1077,1003
1293775,0,1060,1011
1293776,0,1056,1006
1293777,0,1049,998
1293778,0,1056,1013
1293779,0,1061,1024
1293780,0,1082,1004
1293781,0,1059,1002
1293782,0,1063,995
1293783,0,1048,992
1293784,0,1051,996
1293785,0,1053,1012
1293786,0,1065,1006
1293787,0,1051,1019
1293788,0,1048,1010
1293789,0,1040,996
1293790,0,1032,1008
1293791,0,1047,1009
1293792,0,1047,1007
1293793,0,1025,1001
1293794,0,1043,1023
1293795,0,1052,1017
1293796,0,1047,1005
1293797,0,1046,1006
1293798,0,1045,1017
1293799,0,1055,993
1293800,0,1052,1016
1293801,0,1039,1011
1293802,0,1045,1005
1293803,0,1047,997
1293804,0,1025,996
1293805,0,1031,999
1293806,0,1042,992
1293807,0,1052,1005
1293808,0,1040,1007
1293809,0,1024,994
1293810,0,1039,1009
1293811,0,1048,989
1293812,0,1030,998
1293813,0,1028,1007
1293814,0,1032,1019
1293815,0,1041,997
1293816,0,1058,998
1293817,0,1041,998
1293818,0,1033,1014
1293819,0,1047,1003
1293820,0,1055,1000
1293821,0,1034,994
1293822,0,1042,1015
1293823,0,1042,1007
1293824,0,1046,1005
1293825,0,1030,1016
1293826,0,1032,1018
1293827,0,1028,983
1293828,0,1032,1016
1293829,0,1033,1002
1293830,0,1044,994
1293831,0,1018,1009
1293832,0,1028,1007
1293833,0,1030,1018
1293834,0,1047,997
1293835,0,1031,1008
1293836,0,1027,1000
1293837,0,1047,1010
1293838,0,1039,997
1293839,0,1031,1013
1293840,0,1048,1012
1293841,0,1036,1013
1293842,0,1039,1011
1293843,0,1048,1007
1293844,0,1040,1011
1293845,0,1036,1007
1293846,0,1044,1020
1293847,0,1030,1025
1293848,0,1024,1016
1293849,0,1027,999
1293850,0,1039,1021
1293851,0,1029,1011
1293852,0,1026,1019
1293853,0,1037,1004
1293854,0,1028,1009
1293855,0,1046,1025
1293856,0,1041,1006
1293857,0,1034,996
1293858,0,1041,1024
1293859,0,1039,1009
1293860,0,1027,988
1293861,0,1028,1007
1293862,0,1013,1028
1293863,0,1033,995
1293864,0,1029,1007
1293865,0,1033,994
1293866,0,1037,1002
1293867,0,1062,994
1293868,0,1027,997
1293869,0,1026,1008
1293870,0,1024,999
1293871,0,1041,1018
1293872,0,1039,1008
1293873,0,1046,1019
1293874,0,1026,1017
1293875,0,1038,1017
1293876,0,1039,1006
1293877,0,1031,1000
1293878,0,1008,1006
1293879,0,1027,996
1293880,0,1026,1002
1293881,0,1039,995
1293882,0,1021,1029
1293883,0,1025,1009
1293884,0,1053,1006
1293885,0,1040,992
1293886,0,1035,1013
1293887,0,1040,1014
1293888,0,1026,1015
1293889,0,1025,1013
1293890,0,1018,999
1293891,0,1031,1011
1293892,0,1046,1009
1293893,0,1035,1023
1293894,0,1038,1014
1293895,0,1026,1011
1293896,0,1041,1008
1293897,0,1041,1011
1293898,0,1018,1020
1293899,0,1025,1013
1293900,0,1027,1009
1293901,0,1020,1019
1293902,0,1031,999
1293903,0,1025,1015
1293904,0,1032,998
1293905,0,1021,1003
1293906,0,1041,1020
1293907,0,1019,1017
1293908,0,1038,1016
1293909,0,1037,988
1293910,0,1043,1008
1293911,0,1038,1011
1293912,0,1028,999
1293913,0,1048,986
1293914,0,1050,1005
1293915,0,1025,998
1293916,0,1038,1006
1293917,0,1033,1011
1293918,0,1030,1017
1293919,0,1026,1001
1293920,0,1024,1027
1293921,0,1027,1018
1293922,0,1031,1019
1293923,0,1039,1005
1293924,0,1034,1008
1293925,0,1039,1011
1293926,0,1049,1019
1293927,0,1026,1008
1293928,0,1022,1013
1293929,0,1033,1010
1293930,0,1021,1001
1293931,0,1025,1011
1293932,0,1048,994
1293933,0,1032,999
1293934,0,1033,1009
1293935,0,1022,992
1293936,0,1031,1014
1293937,0,1025,1014
1293938,0,1021,1003
1293939,0,1033,1001
1293940,0,1026,1008
1293941,0,1016,1009
1293942,0,1045,1013
1293943,0,1042,1005
1293944,0,1019,1010
1293945,0,1020,1025
1293946,0,1041,1021
1293947,0,1026,1001
1293948,0,1035,1016
1293949,0,1032,1022
1293950,0,1028,1014
1293951,0,1028,1021
1293952,0,1015,1011
1293953,0,1019,1016
1293954,0,1017,1033
1293955,0,1021,1021
1293956,0,1044,1009
1293957,0,1017,1036
1293958,0,1037,1033
1293959,0,1038,1016
1293960,0,1033,1010
1293961,0,1028,1045
1293962,0,1019,1024
1293963,0,1033,1027
1293964,0,1032,1038
1293965,0,1038,1019
1293966,0,1037,1028
1293967,0,1022,1015
1293968,0,1045,1011
1293969,0,1031,1018
1293970,0,1065,1025
1293971,0,1039,1011
1293972,0,1035,995
1293973,0,1031,1029
1293974,0,1044,1016
1293975,0,1035,1022
1293976,0,1046,1014
1293977,0,1038,1023
1293978,0,1041,1024
1293979,0,1052,1017
1293980,0,1024,1016
1293981,0,1043,1004
1293982,0,1028,1026
1293983,0,1036,1002
1293984,0,1045,1006
1293985,0,1039,1007
1293986,0,1048,1013
1293987,0,1043,1016
1293988,0,1031,1018
1293989,0,1057,1010
1293990,0,1045,1016
1293991,0,1035,1003
1293992,0,1019,1025
1293993,0,1042,1010
1293994,0,1051,1011
1293995,0,1050,1027
1293996,0,1030,998
1293997,0,1024,1013
1293998,0,1025,999
1293999,0,1032,996
1294000,0,1036,1022
1294001,0,1055,1020
1294002,0,1034,1018
1294003,0,1019,1025
1294004,0,1026,1026
1294005,0,1044,1007
1294006,0,1023,1011
1294007,0,1040,1016
1294008,0,1026,1037
1294009,0,1037,1025
1294010,0,1035,1018
1294011,0,1048,1006
1294012,0,1047,1006
1294013,0,1041,1031
1294014,0,1015,1010
1294015,0,1037,1023
1294016,0,1030,1007
1294017,0,1039,1004
1294018,0,1015,1013
1294019,0,1032,1004
1294020,0,1033,1023
1294021,0,1033,1020
1294022,0,1041,1028
1294023,0,1041,1031
1294024,0,1023,1005
1294025,0,1044,1023
1294026,0,1047,1016
1294027,0,1043,1021
1294028,0,1028,1006
1294029,0,1020,1024
1294030,0,1033,997
1294031,0,1043,1013
1294032,0,1050,1010
1294033,0,1030,1035
1294034,0,1037,1032
1294035,0,1030,1019
1294036,0,1038,1008
1294037,0,1032,1006
1294038,0,1030,1018
1294039,0,1065,1018
1294040,0,1054,1011
1294041,0,1044,1006
1294042,0,1027,1013
1294043,0,1035,1015
1294044,0,1029,1001
1294045,0,1046,997
1294046,0,1040,1017
1294047,0,1043,1021
1294048,0,1026,1037
1294049,0,1029,1008
1294050,0,1039,1014
1294051,0,1036,1021
1294052,0,1038,985
1294053,0,1038,1015
1294054,0,1053,1005
1294055,0,1035,1010
1294056,0,1046,998
1294057,0,1045,1007
1294058,0,1041,1014
1294059,0,1037,1019
1294060,0,1039,1005
1294061,0,1039,1000
1294062,0,1044,999
1294063,0,1035,1001
1294064,0,1039,1013
1294065,0,1033,1003
1294066,0,1055,1017
1294067,0,1040,1025
1294068,0,1023,1007
1294069,0,1039,1002
1294070,0,1033,1004
1294071,0,1034,1021
1294072,0,1049,1026
1294073,0,1043,1063
1294074,0,1038,1130
1294075,0,1029,1195
1294076,0,1045,1240
1294077,0,1041,1289
1294078,0,1037,1319
1294079,0,1034,1323
1294080,0,1032,1350
1294081,0,1039,1357
1294082,0,1042,1335
1294083,0,1032,1312
1294084,0,1049,1323
1294085,0,1031,1321
1294086,0,1022,1307
1294087,0,1037,1279
1294088,0,1034,1283
1294089,0,1051,1269
1294090,0,1036,1268
1294091,0,1062,1223
1294092,0,1037,1249
1294093,0,1020,1213
1294094,0,1045,1224
1294095,0,1056,1189
1294096,0,1123,1202
1294097,0,1146,1201
1294098,0,1219,1184
1294099,0,1259,1177
1294100,0,1325,1153
1294101,0,1347,1146
1294102,0,1391,1144
1294103,0,1368,1159
1294104,0,1399,1128
1294105,0,1360,1154
1294106,0,1381,1161
1294107,0,1344,1131
1294108,0,1324,1112
1294109,0,1316,1104
1294110,0,1296,1092
1294111,0,1288,1113
1294112,0,1302,1096
1294113,0,1260,1105
1294114,0,1287,1107
1294115,0,1262,1080
1294116,0,1252,1093
1294117,0,1246,1073
1294118,0,1235,1075
1294119,0,1231,1086
1294120,0,1233,1078
1294121,0,1222,1075
1294122,0,1160,1093
1294123,0,1199,1056
1294124,0,1168,1058
1294125,0,1172,1066
1294126,0,1173,1061
1294127,0,1162,1044
1294128,0,1177,1050
1294129,0,1165,1067
1294130,0,1167,1063
1294131,0,1167,1067
1294132,0,1144,1049
1294133,0,1142,1029
1294134,0,1135,1025
1294135,0,1143,1013
1294136,0,1124,1043
1294137,0,1123,1035
1294138,0,1108,1032
1294139,0,1108,1042
1294140,0,1109,1043
1294141,0,1109,1027
1294142,0,1084,1025
1294143,0,1118,1023
1294144,0,1098,1027
1294145,0,1107,1025
1294146,0,1083,1034
1294147,0,1089,1016
1294148,0,1103,1027
1294149,0,1094,1019
1294150,0,1081,1022
1294151,0,1079,1036
1294152,0,1079,1020
1294153,0,1067,1039
1294154,0,1076,996
1294155,0,1062,1007
1294156,0,1066,1006
1294157,0,1071,1017
1294158,0,1064,1019
1294159,0,1082,1017
1294160,0,1052,995
1294161,0,1065,1020
1294162,0,1070,1025
1294163,0,1077,1010
1294164,0,1061,1021
1294165,0,1076,987
1294166,0,1061,999
1294167,0,1051,1027
1294168,0,1040,1013
1294169,0,1048,1008
1294170,0,1050,1017
1294171,0,1065,1015
1294172,0,1039,1011
1294173,0,1073,995
1294174,0,1051,1003
1294175,0,1063,999
1294176,0,1048,1007
1294177,0,1049,1002
1294178,0,1039,1004
1294179,0,1054,995
1294180,0,1051,1023
1294181,0,1043,1009
1294182,0,1034,1017
1294183,0,1046,1013
1294184,0,1042,989
1294185,0,1049,996
1294186,0,1059,1019
1294187,0,1033,1021
1294188,0,1039,996
1294189,0,1049,997
1294190,0,1043,1014
1294191,0,1039,1007
1294192,0,1027,1016
1294193,0,1044,1001
1294194,0,1038,1000
1294195,0,1030,1006
1294196,0,1027,1016
1294197,0,1051,994
1294198,0,1051,1013
1294199,0,1032,1001
1294200,0,1028,1002
1294201,0,1031,999
1294202,0,1042,1009
1294203,0,1045,999
1294204,0,1055,1004
1294205,0,1033,1007
1294206,0,1033,1001
1294207,0,1043,996
1294208,0,1053,1005
1294209,0,1027,1004
1294210,0,1039,999
1294211,0,1034,1004
1294212,0,1023,988
1294213,0,1042,1009
1294214,0,1041,1011
1294215,0,1038,1011
1294216,0,1027,1000
1294217,0,1023,1013
1294218,0,1032,1007
1294219,0,1039,999
1294220,0,1047,1009
1294221,0,1028,999
1294222,0,1043,976
1294223,0,1034,999
1294224,0,1049,1000
1294225,0,1024,1006
1294226,0,1023,1003
1294227,0,1041,995
1294228,0,1015,1017
1294229,0,1025,1009
1294230,0,1047,979
1294231,0,1024,1009
1294232,0,1036,999
1294233,0,1041,997
1294234,0,1032,1003
1294235,0,1038,994
1294236,0,1047,1013
1294237,0,1035,992
1294238,0,1043,1000
1294239,0,1023,1007
1294240,0,1033,1004
1294241,0,1050,984
1294242,0,1045,1008
1294243,0,1028,999
1294244,0,1040,1011
1294245,0,1041,993
1294246,0,1049,1016
1294247,0,1033,995
1294248,0,1024,995
1294249,0,1040,1002
1294250,0,1035,993
1294251,0,1039,998
1294252,0,1041,1004
1294253,0,1032,1015
1294254,0,1053,1001
1294255,0,1029,1016
1294256,0,1027,1002
1294257,0,1024,1011
1294258,0,1017,1003
1294259,0,1045,1009
1294260,0,1029,1007
1294261,0,1045,996
1294262,0,1038,1017
1294263,0,1047,999
1294264,0,1026,1015
1294265,0,1043,1004
1294266,0,1048,1000
1294267,0,1020,993
1294268,0,1032,1015
1294269,0,1041,998
1294270,0,1023,993
1294271,0,1039,1007
1294272,0,1025,1003
1294273,0,1032,1000
1294274,0,1043,1015
1294275,0,1035,1017
1294276,0,1040,1002
1294277,0,1026,987
1294278,0,1042,1007
1294279,0,1035,1000
1294280,0,1037,997
1294281,0,1030,994
1294282,0,1039,1005
1294283,0,1020,1005
1294284,0,1043,1008
1294285,0,1031,991
1294286,0,1036,994
1294287,0,1045,1003
1294288,0,1046,996
1294289,0,1057,1011
1294290,0,1034,999
1294291,0,1036,1004
1294292,0,1050,1005
1294293,0,1028,1019
1294294,0,1024,1016
1294295,0,1044,1002
1294296,0,1033,1007
1294297,0,1034,1003
1294298,0,1033,991
1294299,0,1039,1012
1294300,0,1031,1001
1294301,0,1034,996
1294302,0,1030,999
1294303,0,1031,1004
1294304,0,1030,999
1294305,0,1029,1004
1294306,0,1039,1014
1294307,0,1046,998
1294308,0,1025,1020
1294309,0,1035,1009
1294310,0,1026,1010
1294311,0,1047,1010
1294312,0,1017,993
1294313,0,1027,1004
1294314,0,1031,1015
1294315,0,1019,1007
1294316,0,1038,997
1294317,0,1020,1007
1294318,0,1032,1007
1294319,0,1032,991
1294320,0,1037,1002
1294321,0,1032,1011
1294322,0,1039,999
1294323,0,1036,1003
1294324,0,1026,1002
1294325,0,1029,997
1294326,0,1015,1001
1294327,0,1043,1007
1294328,0,1041,1003
1294329,0,1028,1004
1294330,0,1029,1010
1294331,0,1035,1004
1294332,0,1062,999
1294333,0,1025,983
1294334,0,1031,999
1294335,0,1026,993
1294336,0,1041,998
1294337,0,1039,1011
1294338,0,1037,1008
1294339,0,1008,1001
1294340,0,1035,1006
1294341,0,1015,1021
1294342,0,1044,1019
1294343,0,1023,997
1294344,0,1043,1007
1294345,0,1017,1030
1294346,0,1015,1013
1294347,0,1031,1015
1294348,0,1027,1012
1294349,0,1016,1017
1294350,0,1022,1009
1294351,0,1038,1023
1294352,0,1021,1008
1294353,0,1032,1027
1294354,0,1039,1029
1294355,0,1022,1015
1294356,0,1034,1001
1294357,0,1045,994
1294358,0,1027,1005
1294359,0,1028,1000
1294360,0,1031,1002
1294361,0,1026,1012
1294362,0,1040,1012
1294363,0,1039,1013
1294364,0,1043,1029
1294365,0,1043,1005
1294366,0,1026,1001
1294367,0,1021,1022
1294368,0,1035,1006
1294369,0,1039,1005
1294370,0,1042,1001
1294371,0,1055,1004
1294372,0,1043,1005
1294373,0,1030,997
1294374,0,1039,1017
1294375,0,1037,1011
1294376,0,1049,1012
1294377,0,1039,1000
1294378,0,1038,1015
1294379,0,1049,1007
1294380,0,1035,1018
1294381,0,1049,991
1294382,0,1058,1007
1294383,0,1025,1028
1294384,0,1045,997
1294385,0,1031,1005
1294386,0,1035,1010
1294387,0,1035,1001
1294388,0,1021,1018
1294389,0,1035,1001
1294390,0,1034,1025
1294391,0,1045,996
1294392,0,1042,1020
1294393,0,1039,1018
1294394,0,1045,1008
1294395,0,1023,1005
1294396,0,1029,1011
1294397,0,1043,1020
1294398,0,1031,1011
1294399,0,1045,1007
1294400,0,1057,1011
1294401,0,1027,993
1294402,0,1029,1018
1294403,0,1037,999
1294404,0,1039,1009
1294405,0,1030,1006
1294406,0,1037,1013
1294407,0,1018,1019
1294408,0,1043,1015
1294409,0,1020,1009
1294410,0,1021,1029
1294411,0,1025,1010
1294412,0,1035,1009
1294413,0,1032,1003
1294414,0,1041,1021
1294415,0,1031,1010
1294416,0,1043,1005
1294417,0,1002,1015
1294418,0,1022,1005
1294419,0,1026,1015
1294420,0,1022,1005
1294421,0,1034,1017
1294422,0,1025,1020
1294423,0,1026,1021
1294424,0,1043,1008
1294425,0,1046,1008
1294426,0,1025,1004
1294427,0,1043,995
1294428,0,1037,1012
1294429,0,1033,1002
1294430,0,1039,1021
1294431,0,1038,992
1294432,0,1023,992
1294433,0,1031,1009
1294434,0,1033,1010
1294435,0,1022,995
1294436,0,1035,1015
1294437,0,1055,1013
1294438,0,1037,1019
1294439,0,1027,1020
1294440,0,1041,1012
1294441,0,1040,995
1294442,0,1031,1007
1294443,0,1039,1007
1294444,0,1057,997
1294445,0,1027,1000
1294446,0,1043,1009
1294447,0,1039,994
1294448,0,1042,1012
1294449,0,1044,1003
1294450,0,1025,1002
1294451,0,1042,1018
1294452,0,1047,1014
1294453,0,1053,1006
1294454,0,1050,1007
1294455,0,1036,985
1294456,0,1031,1003
1294457,0,1039,1017
1294458,0,1043,1001
1294459,0,1044,1013
1294460,0,1050,1007
1294461,0,1047,1038
1294462,0,1043,1045
1294463,0,1051,1086
1294464,0,1059,1104
1294465,0,1049,1167
1294466,0,1051,1243
1294467,0,1027,1269
1294468,0,1042,1303
1294469,0,1032,1308
1294470,0,1027,1344
1294471,0,1042,1357
1294472,0,1031,1341
1294473,0,1041,1333
1294474,0,1029,1312
1294475,0,1031,1315
1294476,0,1053,1317
1294477,0,1049,1280
1294478,0,1043,1280
1294479,0,1013,1258
1294480,0,1029,1264
1294481,0,1049,1243
1294482,0,1039,1239
1294483,0,1041,1212
1294484,0,1038,1227
1294485,0,1031,1207
1294486,0,1091,1191
1294487,0,1115,1177
1294488,0,1181,1184
1294489,0,1247,1158
1294490,0,1291,1170
1294491,0,1339,1166
1294492,0,1363,1152
1294493,0,1366,1157
1294494,0,1379,1140
1294495,0,1399,1136
1294496,0,1391,1128
1294497,0,1363,1136
1294498,0,1347,1131
1294499,0,1312,1120
1294500,0,1320,1104
1294501,0,1296,1106
1294502,0,1283,1095
1294503,0,1301,1098
1294504,0,1293,1080
1294505,0,1274,1105
1294506,0,1240,1072
1294507,0,1228,1080
1294508,0,1247,1080
1294509,0,1239,1082
1294510,0,1213,1093
1294511,0,1192,1078
1294512,0,1180,1061
1294513,0,1215,1065
1294514,0,1199,1067
1294515,0,1170,1071
1294516,0,1192,1056
1294517,0,1187,1047
1294518,0,1155,1063
1294519,0,1152,1050
1294520,0,1152,1044
1294521,0,1165,1049
1294522,0,1147,1051
1294523,0,1138,1069
1294524,0,1124,1037
1294525,0,1133,1065
1294526,0,1143,1043
1294527,0,1112,1017
1294528,0,1139,1035
1294529,0,1113,1039
1294530,0,1110,1043
1294531,0,1105,1029
1294532,0,1109,1027
1294533,0,1104,1045
1294534,0,1082,1039
1294535,0,1107,1013
1294536,0,1113,1033
1294537,0,1103,1025
1294538,0,1087,1026
1294539,0,1065,1047
1294540,0,1071,1008
1294541,0,1062,1044
1294542,0,1074,1039
1294543,0,1072,1037
1294544,0,1083,1019
1294545,0,1095,1036
1294546,0,1076,1021
1294547,0,1083,1011
1294548,0,1048,1008
1294549,0,1058,1002
1294550,0,1061,1017
1294551,0,1053,1002
1294552,0,1052,1013
1294553,0,1048,1000
1294554,0,1067,1038
1294555,0,1069,1028
1294556,0,1054,1000
1294557,0,1075,1023
1294558,0,1058,1010
1294559,0,1071,1015
1294560,0,1044,995
1294561,0,1053,1013
1294562,0,1055,1021
1294563,0,1042,1021
1294564,0,1032,995
1294565,0,1057,1016
1294566,0,1033,1004
1294567,0,1037,1009
1294568,0,1057,1005
1294569,0,1026,1013
1294570,0,1037,1008
1294571,0,1045,1010
1294572,0,1034,1003
1294573,0,1037,1021
1294574,0,1048,1011
1294575,0,1049,1020
1294576,0,1047,1010
1294577,0,1055,1021
1294578,0,1028,1000
1294579,0,1037,1002
1294580,0,1027,992
1294581,0,1034,1012
1294582,0,1031,1017
1294583,0,1013,1002
1294584,0,1025,1003
1294585,0,1023,1011
1294586,0,1041,995
1294587,0,1032,1010
1294588,0,1006,1015
1294589,0,1032,999
1294590,0,1025,1000
1294591,0,1042,1011
1294592,0,1031,1016
1294593,0,1046,1001
1294594,0,1039,1005
1294595,0,1033,1024
1294596,0,1027,1002
1294597,0,1024,995
1294598,0,1032,1001
1294599,0,1018,1014
1294600,0,1034,1001
1294601,0,1028,1011
1294602,0,1007,987
1294603,0,1023,1018
1294604,0,1018,1006
1294605,0,1041,1011
1294606,0,1031,1008
1294607,0,1045,1007
1294608,0,1036,995
1294609,0,1035,1003
1294610,0,1043,1005
1294611,0,1031,1002
1294612,0,1035,988
1294613,0,1032,1004
1294614,0,1039,994
1294615,0,1052,1003
1294616,0,1039,1013
1294617,0,1023,992
1294618,0,1029,985
1294619,0,1025,996
1294620,0,1037,1007
1294621,0,1034,995
1294622,0,1014,999
1294623,0,1016,1003
1294624,0,1014,1023
1294625,0,1022,1006
1294626,0,1018,1008
1294627,0,1021,1001
1294628,0,1024,994
1294629,0,1025,1012
1294630,0,1030,1019
1294631,0,1022,988
1294632,0,1035,1005
1294633,0,1010,1000
1294634,0,1029,1006
1294635,0,1036,995
1294636,0,1037,1000
1294637,0,1023,991
1294638,0,1017,1013
1294639,0,1033,982
1294640,0,1034,1024
1294641,0,1044,1005
1294642,0,1039,1003
1294643,0,1037,987
1294644,0,1027,994
1294645,0,1025,1018
1294646,0,1016,1006
1294647,0,1028,987
1294648,0,1027,1015
1294649,0,1027,1015
1294650,0,1033,991
1294651,0,1032,1007
1294652,0,1031,999
1294653,0,1032,1003
1294654,0,1031,994
1294655,0,1023,999
1294656,0,1028,987
1294657,0,1036,1002
1294658,0,1042,1009
1294659,0,1016,1009
1294660,0,1026,988
1294661,0,1025,986
1294662,0,1044,998
1294663,0,1027,1000
1294664,0,1045,1009
1294665,0,1030,1004
1294666,0,1035,1002
1294667,0,1023,984
1294668,0,1022,1003
1294669,0,1028,1000
1294670,0,1027,1013
1294671,0,1038,1007
1294672,0,1023,1011
1294673,0,1015,999
1294674,0,1029,999
1294675,0,1037,1003
1294676,0,1037,988
1294677,0,1024,1005
1294678,0,1032,1014
1294679,0,1029,993
1294680,0,1027,996
1294681,0,1031,998
1294682,0,1031,999
1294683,0,1018,1005
1294684,0,1023,996
1294685,0,1030,1011
1294686,0,1017,995
1294687,0,1036,995
1294688,0,1031,997
1294689,0,1024,1011
1294690,0,1043,1004
1294691,0,1013,1010
1294692,0,1031,996
1294693,0,1049,1000
1294694,0,1030,994
1294695,0,1027,987
1294696,0,1011,1006
1294697,0,1028,1005
1294698,0,1022,1005
1294699,0,1049,1012
1294700,0,1031,1012
1294701,0,1027,999
1294702,0,1029,1000
1294703,0,1023,1001
1294704,0,1012,993
1294705,0,1031,1005
1294706,0,1022,1017
1294707,0,1029,996
1294708,0,1031,998
1294709,0,1020,999
1294710,0,1030,994
1294711,0,1036,1007
1294712,0,1028,992
1294713,0,1031,1000
1294714,0,1013,1002
1294715,0,1016,1017
1294716,0,1025,1012
1294717,0,1050,988
1294718,0,1044,1020
1294719,0,1035,1012
1294720,0,1042,996
1294721,0,1037,1012
1294722,0,1016,996
1294723,0,1038,997
1294724,0,1029,1006
1294725,0,1025,1007
1294726,0,1026,1010
1294727,0,1022,1006
1294728,0,1043,990
1294729,0,1024,1020
1294730,0,1037,1007
1294731,0,1024,1001
1294732,0,1038,988
1294733,0,1027,1018
1294734,0,1019,1008
1294735,0,1028,1025
1294736,0,1031,1015
1294737,0,1027,1012
1294738,0,1039,1015
1294739,0,1030,1011
1294740,0,1024,1019
1294741,0,1034,1021
1294742,0,1038,1010
1294743,0,1029,1023
1294744,0,1037,1021
1294745,0,1026,1023
1294746,0,1045,1007
1294747,0,1026,996
1294748,0,1029,1007
1294749,0,1026,1015
1294750,0,1027,1023
1294751,0,1041,1007
1294752,0,1021,1004
1294753,0,1041,1011
1294754,0,1051,1015
1294755,0,1043,995
1294756,0,1033,992
1294757,0,1041,1007
1294758,0,1048,1012
1294759,0,1037,1010
1294760,0,1037,1001
1294761,0,1034,1009
1294762,0,1035,1012
1294763,0,1051,1017
1294764,0,1034,1001
1294765,0,1037,1010
1294766,0,1038,1009
1294767,0,1030,1003
1294768,0,1062,1002
1294769,0,1029,1002
1294770,0,1057,988
1294771,0,1030,1020
1294772,0,1052,1008
1294773,0,1045,1007
1294774,0,1047,991
1294775,0,1044,987
1294776,0,1036,1009
1294777,0,1047,1013
1294778,0,1022,1000
1294779,0,1020,1006
1294780,0,1030,1006
1294781,0,1047,1007
1294782,0,1039,1003
1294783,0,1022,1015
1294784,0,1028,997
1294785,0,1008,999
1294786,0,1044,1016
1294787,0,1040,1010
1294788,0,1051,1007
1294789,0,1008,1002
1294790,0,1039,1026
1294791,0,1053,1001
1294792,0,1039,1006
1294793,0,1035,1006
1294794,0,1042,998
1294795,0,1041,994
1294796,0,1057,1005
1294797,0,1022,992
1294798,0,1025,999
1294799,0,1033,1008
1294800,0,1044,1019
1294801,0,1028,1011
1294802,0,1022,1007
1294803,0,1043,1023
1294804,0,1037,998
1294805,0,1032,1019
1294806,0,1024,997
1294807,0,1026,1003
1294808,0,1042,1012
1294809,0,1030,999
1294810,0,1035,1006
1294811,0,1032,995
1294812,0,1028,1003
1294813,0,1027,1002
1294814,0,1039,1002
1294815,0,1025,1025
1294816,0,1033,1007
1294817,0,1043,999
1294818,0,1033,1011
1294819,0,1031,998
1294820,0,1030,1009
1294821,0,1030,1017
1294822,0,1024,1013
1294823,0,1041,1012
1294824,0,1048,1004
1294825,0,1031,1010
1294826,0,1046,1008
1294827,0,1038,1004
1294828,0,1042,1007
1294829,0,1049,994
1294830,0,1039,988
1294831,0,1037,1004
1294832,0,1030,1009
1294833,0,1026,997
1294834,0,1047,1003
1294835,0,1044,1012
1294836,0,1036,1021
1294837,0,1053,998
1294838,0,1041,1011
1294839,0,1027,1002
1294840,0,1050,1009
1294841,0,1040,996
1294842,0,1023,1007
1294843,0,1035,987
1294844,0,1013,1014
1294845,0,1047,1000
1294846,0,1045,1013
1294847,0,1033,1003
1294848,0,1030,1022
1294849,0,1023,1013
1294850,0,1029,1003
1294851,0,1046,1009
1294852,0,1044,1007
1294853,0,1029,1007
1294854,0,1048,1013
1294855,0,1024,1019
1294856,0,1018,1049
1294857,0,1035,1091
1294858,0,1034,1112
1294859,0,1043,1209
1294860,0,1028,1232
1294861,0,1041,1279
1294862,0,1042,1301
1294863,0,1031,1343
1294864,0,1050,1331
1294865,0,1027,1336
1294866,0,1041,1359
1294867,0,1036,1343
1294868,0,1057,1316
1294869,0,1043,1288
1294870,0,1045,1311
1294871,0,1038,1277
1294872,0,1027,1248
1294873,0,1030,1237
1294874,0,1032,1243
1294875,0,1048,1249
1294876,0,1039,1234
1294877,0,1034,1208
1294878,0,1064,1222
1294879,0,1091,1205
1294880,0,1117,1195
1294881,0,1159,1199
1294882,0,1227,1195
1294883,0,1274,1160
1294884,0,1321,1150
1294885,0,1359,1155
1294886,0,1387,1136
1294887,0,1373,1167
1294888,0,1391,1128
1294889,0,1401,1137
1294890,0,1381,1137
1294891,0,1351,1122
1294892,0,1363,1124
1294893,0,1316,1095
1294894,0,1313,1104
1294895,0,1286,1110
1294896,0,1307,1101
1294897,0,1307,1105
1294898,0,1256,1083
1294899,0,1275,1097
1294900,0,1271,1099
1294901,0,1267,1069
1294902,0,1212,1074
1294903,0,1241,1067
1294904,0,1229,1085
1294905,0,1219,1080
1294906,0,1196,1072
1294907,0,1189,1075
1294908,0,1199,1075
1294909,0,1178,1071
1294910,0,1193,1063
1294911,0,1179,1058
1294912,0,1167,1061
1294913,0,1173,1070
1294914,0,1157,1044
1294915,0,1178,1061
1294916,0,1141,1051
1294917,0,1156,1049
1294918,0,1123,1024
1294919,0,1113,1045
1294920,0,1147,1043
1294921,0,1126,1043
1294922,0,1147,1024
1294923,0,1120,1043
1294924,0,1130,1024
1294925,0,1104,1037
1294926,0,1098,1034
1294927,0,1118,1006
1294928,0,1118,1027
1294929,0,1123,1013
1294930,0,1103,1027
1294931,0,1099,1000
1294932,0,1093,1023
1294933,0,1085,1032
1294934,0,1086,1017
1294935,0,1071,1028
1294936,0,1098,1032
1294937,0,1099,1039
1294938,0,1087,1019
1294939,0,1070,1013
1294940,0,1103,1029
1294941,0,1097,1020
1294942,0,1072,1008
1294943,0,1081,1025
1294944,0,1058,1008
1294945,0,1056,1004
1294946,0,1053,1002
1294947,0,1077,1025
1294948,0,1047,1012
1294949,0,1057,1031
1294950,0,1058,1024
1294951,0,1076,995
1294952,0,1045,1022
1294953,0,1069,1024
1294954,0,1048,1011
1294955,0,1048,1023
1294956,0,1071,1026
1294957,0,1034,1011
1294958,0,1055,1007
1294959,0,1069,994
1294960,0,1062,1017
1294961,0,1061,1013
1294962,0,1055,1031
1294963,0,1039,1020
1294964,0,1062,1001
1294965,0,1055,1026
1294966,0,1054,1001
1294967,0,1046,1025
1294968,0,1037,998
1294969,0,1038,999
1294970,0,1040,1013
1294971,0,1039,1022
1294972,0,1058,1014
1294973,0,1032,999
1294974,0,1041,999
1294975,0,1051,1007
1294976,0,1033,1017
1294977,0,1051,1005
1294978,0,1047,991
1294979,0,1054,1006
1294980,0,1047,1000
1294981,0,1053,1009
1294982,0,1045,1015
1294983,0,1063,1002
1294984,0,1036,996
1294985,0,1046,1023
1294986,0,1041,1010
1294987,0,1064,996
1294988,0,1069,993
1294989,0,1044,1015
1294990,0,1033,1007
1294991,0,1039,1002
1294992,0,1015,1013
1294993,0,1032,1001
1294994,0,1039,997
1294995,0,1024,1004
1294996,0,1039,1007
1294997,0,1027,1006
1294998,0,1044,1030
1294999,0,1031,1005
1295000,0,1054,990
1295001,0,1048,1005
1295002,0,1051,990
1295003,0,1025,999
1295004,0,1039,995
1295005,0,1053,1009
1295006,0,1047,1014
1295007,0,1039,1003
1295008,0,1034,996
1295009,0,1040,1003
1295010,0,1029,1006
1295011,0,1044,1007
1295012,0,1045,1015
1295013,0,1045,1017
1295014,0,1057,1009
1295015,0,1031,1013
1295016,0,1043,991
1295017,0,1041,996
1295018,0,1032,1025
1295019,0,1035,1003
1295020,0,1024,1013
1295021,0,1045,1005
1295022,0,1069,1007
1295023,0,1063,992
1295024,0,1060,1001
1295025,0,1039,1009
1295026,0,1024,1017
1295027,0,1050,1007
1295028,0,1029,995
1295029,0,1040,1005
1295030,0,1050,1014
1295031,0,1047,1006
1295032,0,1047,1002
1295033,0,1035,1006
1295034,0,1042,1019
1295035,0,1047,1011
1295036,0,1055,991
1295037,0,1047,1003
1295038,0,1059,1016
1295039,0,1031,1000
1295040,0,1059,1001
1295041,0,1040,1002
1295042,0,1039,1000
1295043,0,1028,1009
1295044,0,1025,1018
1295045,0,1035,1008
1295046,0,1036,1013
1295047,0,1035,990
1295048,0,1037,999
1295049,0,1045,1010
1295050,0,1049,1009
1295051,0,1021,998
1295052,0,1043,1014
1295053,0,1055,1003
1295054,0,1047,1024
1295055,0,1050,1007
1295056,0,1028,992
1295057,0,1035,1012
1295058,0,1052,1013
1295059,0,1039,1011
1295060,0,1034,996
1295061,0,1048,1001
1295062,0,1038,1000
1295063,0,1038,1011
1295064,0,1041,1005
1295065,0,1049,1003
1295066,0,1043,1000
1295067,0,1050,1010
1295068,0,1050,1022
1295069,0,1051,986
1295070,0,1028,1007
1295071,0,1044,1006
1295072,0,1020,1009
1295073,0,1051,993
1295074,0,1031,1008
1295075,0,1028,1003
1295076,0,1030,1005
1295077,0,1031,998
1295078,0,1055,991
1295079,0,1035,1011
1295080,0,1034,1007
1295081,0,1039,1005
1295082,0,1028,1000
1295083,0,1044,1007
1295084,0,1039,995
1295085,0,1039,1018
1295086,0,1053,998
1295087,0,1026,1009
1295088,0,1045,991
1295089,0,1041,1012
1295090,0,1031,1014
1295091,0,1024,1001
1295092,0,1033,1000
1295093,0,1047,1007
1295094,0,1033,1014
1295095,0,1051,1006
1295096,0,1053,1025
1295097,0,1037,999
1295098,0,1040,999
1295099,0,1043,989
1295100,0,1037,999
1295101,0,1058,1001
1295102,0,1040,1027
1295103,0,1044,1013
1295104,0,1031,991
1295105,0,1035,1006
1295106,0,1045,1018
1295107,0,1039,1011
1295108,0,1044,1012
1295109,0,1039,1007
1295110,0,1048,1004
1295111,0,1036,1006
1295112,0,1032,1003
1295113,0,1036,1012
1295114,0,1025,1002
1295115,0,1039,1008
1295116,0,1039,1016
1295117,0,1023,1009
1295118,0,1058,986
1295119,0,1037,1006
1295120,0,1028,1011
1295121,0,1051,1025
1295122,0,1038,1006
1295123,0,1036,1010
1295124,0,1040,1019
1295125,0,1039,1013
1295126,0,1037,1010
1295127,0,1027,1007
1295128,0,1034,1017
1295129,0,1023,1017
1295130,0,1032,1002
1295131,0,1039,1016
1295132,0,1054,1042
1295133,0,1051,1000
1295134,0,1041,1025
1295135,0,1035,1005
1295136,0,1038,1018
1295137,0,1028,1026
1295138,0,1026,1004
1295139,0,1036,1034
1295140,0,1031,997
1295141,0,1033,997
1295142,0,1047,1011
1295143,0,1037,1023
1295144,0,1049,1015
1295145,0,1050,1019
1295146,0,1049,1026
1295147,0,1039,1026
1295148,0,1027,1033
1295149,0,1050,1004
1295150,0,1052,1016
1295151,0,1046,1007
1295152,0,1040,999
1295153,0,1041,1015
1295154,0,1032,1003
1295155,0,1016,1011
1295156,0,1038,1011
1295157,0,1047,996
1295158,0,1030,1015
1295159,0,1034,1006
1295160,0,1040,1004
1295161,0,1053,1019
1295162,0,1037,1010
1295163,0,1024,1008
1295164,0,1039,1008
1295165,0,1048,1017
1295166,0,1039,1012
1295167,0,1045,1001
1295168,0,1034,1023
1295169,0,1044,1000
1295170,0,1044,1020
1295171,0,1036,997
1295172,0,1055,993
1295173,0,1047,1003
1295174,0,1029,1016
1295175,0,1037,1008
1295176,0,1040,1005
1295177,0,1060,1003
1295178,0,1042,1000
1295179,0,1059,985
1295180,0,1050,1019
1295181,0,1042,1002
1295182,0,1037,993
1295183,0,1030,1003
1295184,0,1048,1019
1295185,0,1046,1001
1295186,0,1035,1011
1295187,0,1028,1001
1295188,0,1036,998
1295189,0,1044,1004
1295190,0,1051,1008
1295191,0,1026,1023
1295192,0,1035,1006
1295193,0,1046,1015
1295194,0,1033,1011
1295195,0,1053,1012
1295196,0,1042,995
1295197,0,1044,1015
1295198,0,1043,1010
1295199,0,1033,1004
1295200,0,1029,1004
1295201,0,1035,1011
1295202,0,1039,1021
1295203,0,1039,1017
1295204,0,1035,1006
1295205,0,1051,995
1295206,0,1050,999
1295207,0,1029,996
1295208,0,1023,1023
1295209,0,1025,1013
1295210,0,1053,1012
1295211,0,1041,984
1295212,0,1028,999
1295213,0,1047,1007
1295214,0,1061,998
1295215,0,1041,996
1295216,0,1031,1005
1295217,0,1019,1014
1295218,0,1058,1000
1295219,0,1033,1000
1295220,0,1015,1018
1295221,0,1048,1000
1295222,0,1044,1004
1295223,0,1041,980
1295224,0,1037,1009
1295225,0,1043,1008
1295226,0,1069,1003
1295227,0,1042,988
1295228,0,1031,1003
1295229,0,1053,992
1295230,0,1035,997
1295231,0,1050,1008
1295232,0,1040,1001
1295233,0,1035,1011
1295234,0,1039,997
1295235,0,1036,991
1295236,0,1032,1009
1295237,0,1036,1015
1295238,0,1044,1003
1295239,0,1028,985
1295240,0,1023,1003
1295241,0,1033,989
1295242,0,1044,1022
1295243,0,1039,1003
1295244,0,1049,993
1295245,0,1041,988
1295246,0,1033,1000
1295247,0,1052,1003
1295248,0,1052,1013
1295249,0,1034,992
1295250,0,1038,1010
1295251,0,1024,1013
1295252,0,1042,1043
1295253,0,1038,1079
1295254,0,1030,1151
1295255,0,1040,1176
1295256,0,1042,1247
1295257,0,1035,1305
1295258,0,1034,1327
1295259,0,1027,1316
1295260,0,1043,1344
1295261,0,1039,1366
1295262,0,1062,1343
1295263,0,1040,1321
1295264,0,1032,1323
1295265,0,1036,1324
1295266,0,1031,1299
1295267,0,1026,1256
1295268,0,1039,1248
1295269,0,1050,1235
1295270,0,1027,1253
1295271,0,1029,1258
1295272,0,1047,1219
1295273,0,1031,1231
1295274,0,1062,1216
1295275,0,1056,1196
1295276,0,1093,1177
1295277,0,1105,1209
1295278,0,1180,1205
1295279,0,1241,1191
1295280,0,1287,1138
1295281,0,1343,1167
1295282,0,1344,1157
1295283,0,1383,1130
1295284,0,1368,1143
1295285,0,1369,1141
1295286,0,1365,1135
1295287,0,1383,1131
1295288,0,1355,1131
1295289,0,1348,1112
1295290,0,1300,1127
1295291,0,1297,1103
1295292,0,1296,1105
1295293,0,1286,1098
1295294,0,1295,1089
1295295,0,1282,1099
1295296,0,1277,1077
1295297,0,1236,1071
1295298,0,1248,1097
1295299,0,1220,1081
1295300,0,1215,1071
1295301,0,1225,1075
1295302,0,1215,1083
1295303,0,1208,1079
1295304,0,1200,1064
1295305,0,1193,1067
1295306,0,1207,1032
1295307,0,1197,1074
1295308,0,1161,1079
1295309,0,1179,1067
1295310,0,1181,1071
1295311,0,1179,1051
1295312,0,1154,1042
1295313,0,1155,1049
1295314,0,1149,1050
1295315,0,1155,1046
1295316,0,1138,1047
1295317,0,1155,1027
1295318,0,1139,1020
1295319,0,1150,1024
1295320,0,1132,1041
1295321,0,1121,1048
1295322,0,1107,1040
1295323,0,1096,1020
1295324,0,1094,1044
1295325,0,1088,1025
1295326,0,1100,1024
1295327,0,1099,1019
1295328,0,1101,1011
1295329,0,1103,1024
1295330,0,1101,1020
1295331,0,1067,1031
1295332,0,1056,1039
1295333,0,1092,1023
1295334,0,1071,1047
1295335,0,1077,1028
1295336,0,1087,1047
1295337,0,1089,1009
1295338,0,1077,1015
1295339,0,1094,1023
1295340,0,1056,1012
1295341,0,1059,1018
1295342,0,1062,1023
1295343,0,1075,1011
1295344,0,1067,1026
1295345,0,1059,1039
1295346,0,1058,1027
1295347,0,1056,1020
1295348,0,1061,1010
1295349,0,1069,1017
1295350,0,1060,1020
1295351,0,1040,1004
1295352,0,1057,1009
1295353,0,1054,1027
1295354,0,1067,1000
1295355,0,1045,1017
1295356,0,1057,1018
1295357,0,1049,1025
1295358,0,1048,1019
1295359,0,1055,1009
1295360,0,1053,1015
1295361,0,1045,1011
1295362,0,1056,1013
1295363,0,1052,993
1295364,0,1042,1018
1295365,0,1047,1011
1295366,0,1054,1005
1295367,0,1037,1007
1295368,0,1061,1023
1295369,0,1065,998
1295370,0,1023,992
1295371,0,1046,1007
1295372,0,1035,1012
1295373,0,1027,1016
1295374,0,1055,1009
1295375,0,1048,1023
1295376,0,1039,1002
1295377,0,1027,1010
1295378,0,1053,983
1295379,0,1039,994
1295380,0,1012,997
1295381,0,1067,997
1295382,0,1040,1008
1295383,0,1043,992
1295384,0,1040,1023
1295385,0,1036,1009
1295386,0,1039,1014
1295387,0,1044,993
1295388,0,1044,1002
1295389,0,1038,1003
1295390,0,1046,1004
1295391,0,1036,999
1295392,0,1035,988
1295393,0,1054,1006
1295394,0,1055,999
1295395,0,1057,992
1295396,0,1027,1013
1295397,0,1046,994
1295398,0,1063,981
1295399,0,1040,1009
1295400,0,1037,1019
1295401,0,1042,1010
1295402,0,1028,1014
1295403,0,1045,1002
1295404,0,1032,994
1295405,0,1046,1021
1295406,0,1029,1028
1295407,0,1035,992
1295408,0,1038,991
1295409,0,1041,993
1295410,0,1045,1001
1295411,0,1042,998
1295412,0,1058,1008
1295413,0,1039,1000
1295414,0,1043,1008
1295415,0,1065,993
1295416,0,1041,999
1295417,0,1033,1002
1295418,0,1047,1001
1295419,0,1049,1011
1295420,0,1039,1017
1295421,0,1044,1007
1295422,0,1047,1007
1295423,0,1053,995
1295424,0,1040,1016
1295425,0,1041,1014
1295426,0,1041,999
1295427,0,1051,1014
1295428,0,1024,1006
1295429,0,1055,1002
1295430,0,1057,1010
1295431,0,1051,1021
1295432,0,1025,992
1295433,0,1032,1007
1295434,0,1054,1012
1295435,0,1051,1026
1295436,0,1043,1017
1295437,0,1047,995
1295438,0,1030,1001
1295439,0,1047,999
1295440,0,1036,995
1295441,0,1052,1005
1295442,0,1047,1004
1295443,0,1043,1006
1295444,0,1045,1006
1295445,0,1039,1010
1295446,0,1046,996
1295447,0,1042,1001
1295448,0,1040,1012
1295449,0,1049,986
1295450,0,1032,1017
1295451,0,1055,996
1295452,0,1041,1007
1295453,0,1040,998
1295454,0,1061,997
1295455,0,1049,996
1295456,0,1042,1014
1295457,0,1029,992
1295458,0,1031,1007
1295459,0,1069,995
1295460,0,1043,1017
1295461,0,1024,1000
1295462,0,1043,1009
1295463,0,1030,996
1295464,0,1025,999
1295465,0,1036,984
1295466,0,1034,1000
1295467,0,1045,1010
1295468,0,1035,1022
1295469,0,1034,1009
1295470,0,1050,1003
1295471,0,1051,996
1295472,0,1027,997
1295473,0,1054,1008
1295474,0,1038,997
1295475,0,1040,1017
1295476,0,1035,1002
1295477,0,1039,1009
1295478,0,1046,1003
1295479,0,1048,1004
1295480,0,1035,997
1295481,0,1037,996
1295482,0,1055,1003
1295483,0,1043,1012
1295484,0,1053,1021
1295485,0,1034,1009
1295486,0,1051,1014
1295487,0,1058,1021
1295488,0,1052,1009
1295489,0,1037,1003
1295490,0,1052,996
1295491,0,1062,1002
1295492,0,1047,995
1295493,0,1035,999
1295494,0,1058,992
1295495,0,1046,1006
1295496,0,1040,1013
1295497,0,1046,1003
1295498,0,1047,992
1295499,0,1047,1003
1295500,0,1041,1003
1295501,0,1051,1023
1295502,0,1045,1003
1295503,0,1053,1005
1295504,0,1026,1035
1295505,0,1043,1018
1295506,0,1047,1015
1295507,0,1035,998
1295508,0,1047,991
1295509,0,1046,1005
1295510,0,1050,1015
1295511,0,1041,999
1295512,0,1059,997
1295513,0,1028,1002
1295514,0,1047,1023
1295515,0,1047,982
1295516,0,1035,1027
1295517,0,1042,1023
1295518,0,1033,1006
1295519,0,1052,998
1295520,0,1041,1017
1295521,0,1026,1011
1295522,0,1036,1011
1295523,0,1043,1010
1295524,0,1048,1007
1295525,0,1046,997
1295526,0,1055,1016
1295527,0,1045,1023
1295528,0,1029,1006
1295529,0,1048,995
1295530,0,1034,1009
1295531,0,1049,1003
1295532,0,1035,1037
1295533,0,1040,1017
1295534,0,1048,1015
1295535,0,1054,1017
1295536,0,1053,1017
1295537,0,1053,1017
1295538,0,1059,1023
1295539,0,1044,1029
1295540,0,1049,1001
1295541,0,1032,1011
1295542,0,1051,1015
1295543,0,1041,1018
1295544,0,1047,1018
1295545,0,1037,1030
1295546,0,1039,1021
1295547,0,1041,1013
1295548,0,1045,1001
1295549,0,1031,1021
1295550,0,1031,1018
1295551,0,1076,1005
1295552,0,1081,996
1295553,0,1038,1007
1295554,0,1028,999
1295555,0,1050,999
1295556,0,1062,1005
1295557,0,1040,1011
1295558,0,1042,999
1295559,0,1040,1011
1295560,0,1045,996
1295561,0,1043,976
1295562,0,1052,993
1295563,0,1046,1025
1295564,0,1055,1003
1295565,0,1037,1003
1295566,0,1045,995
1295567,0,1049,1014
1295568,0,1044,1005
1295569,0,1040,1013
1295570,0,1050,1003
1295571,0,1054,998
1295572,0,1059,1009
1295573,0,1036,1013
1295574,0,1024,1006
1295575,0,1054,1002
1295576,0,1044,1013
1295577,0,1055,1008
1295578,0,1040,1012
1295579,0,1061,999
1295580,0,1030,1029
1295581,0,1052,1001
1295582,0,1032,1010
1295583,0,1035,1013
1295584,0,1063,999
1295585,0,1041,1001
1295586,0,1044,1010
1295587,0,1031,1011
1295588,0,1031,992
1295589,0,1027,1037
1295590,0,1044,1006
1295591,0,1031,1004
1295592,0,1036,1010
1295593,0,1042,1007
1295594,0,1036,1020
1295595,0,1032,1014
1295596,0,1037,1001
1295597,0,1048,1009
1295598,0,1034,1010
1295599,0,1019,989
1295600,0,1026,1006
1295601,0,1035,1012
1295602,0,1023,1013
1295603,0,1039,989
1295604,0,1035,1005
1295605,0,1043,1010
1295606,0,1028,1007
1295607,0,1049,1002
1295608,0,1024,1003
1295609,0,1029,1010
1295610,0,1038,1016
1295611,0,1037,1010
1295612,0,1028,990
1295613,0,1046,1003
1295614,0,1042,1011
1295615,0,1032,1003
1295616,0,1036,1000
1295617,0,1037,1018
1295618,0,1035,994
1295619,0,1039,1020
1295620,0,1032,994
1295621,0,1033,1005
1295622,0,1035,1001
1295623,0,1043,1005
1295624,0,1032,1005
1295625,0,1039,995
1295626,0,1042,1007
1295627,0,1035,1002
1295628,0,1049,984
1295629,0,1044,1001
1295630,0,1028,992
1295631,0,1038,994
1295632,0,1043,1010
1295633,0,1048,1006
1295634,0,1037,995
1295635,0,1029,1003
1295636,0,1032,1007
1295637,0,1053,997
1295638,0,1034,989
1295639,0,1039,1002
1295640,0,1028,1011
1295641,0,1039,990
1295642,0,1023,995
1295643,0,1033,1001
1295644,0,1020,998
1295645,0,1026,1007
1295646,0,1016,1020
1295647,0,1047,997
1295648,0,1049,1004
1295649,0,1021,1003
1295650,0,1039,1013
1295651,0,1027,1038
1295652,0,1033,1069
1295653,0,1029,1108
1295654,0,1021,1167
1295655,0,1032,1200
1295656,0,1021,1236
1295657,0,1026,1272
1295658,0,1027,1328
1295659,0,1034,1328
1295660,0,1027,1359
1295661,0,1013,1339
1295662,0,1035,1328
1295663,0,1027,1335
1295664,0,1023,1302
1295665,0,1046,1319
1295666,0,1044,1279
1295667,0,1027,1246
1295668,0,1023,1271
1295669,0,1026,1243
1295670,0,1016,1238
1295671,0,1038,1241
1295672,0,1039,1214
1295673,0,1037,1208
1295674,0,1046,1191
1295675,0,1095,1199
1295676,0,1125,1198
1295677,0,1189,1165
1295678,0,1243,1146
1295679,0,1296,1151
1295680,0,1333,1157
1295681,0,1359,1146
1295682,0,1377,1138
1295683,0,1364,1163
1295684,0,1360,1127
1295685,0,1371,1142
1295686,0,1349,1133
1295687,0,1339,1112
1295688,0,1341,1125
1295689,0,1300,1097
1295690,0,1290,1090
1295691,0,1280,1105
1295692,0,1252,1103
1295693,0,1275,1076
1295694,0,1271,1094
1295695,0,1259,1079
1295696,0,1240,1058
1295697,0,1224,1072
1295698,0,1202,1048
1295699,0,1225,1057
1295700,0,1204,1056
1295701,0,1187,1052
1295702,0,1203,1059
1295703,0,1189,1055
1295704,0,1167,1054
1295705,0,1178,1051
1295706,0,1135,1045
1295707,0,1154,1067
1295708,0,1173,1047
1295709,0,1165,1057
1295710,0,1144,1028
1295711,0,1150,1046
1295712,0,1128,1032
1295713,0,1120,1033
1295714,0,1133,1038
1295715,0,1121,1051
1295716,0,1111,1013
1295717,0,1105,1031
1295718,0,1117,1035
1295719,0,1106,1027
1295720,0,1104,1037
1295721,0,1104,1020
1295722,0,1115,1017
1295723,0,1103,1023
1295724,0,1083,1003
1295725,0,1095,1000
1295726,0,1090,1025
1295727,0,1082,1033
1295728,0,1092,1007
1295729,0,1097,1013
1295730,0,1090,1006
1295731,0,1086,1017
1295732,0,1076,996
1295733,0,1084,1017
1295734,0,1083,1014
1295735,0,1080,1015
1295736,0,1075,1010
1295737,0,1065,1011
1295738,0,1058,997
1295739,0,1060,993
1295740,0,1071,1011
1295741,0,1069,1006
1295742,0,1051,978
1295743,0,1055,1006
1295744,0,1044,984
1295745,0,1044,981
1295746,0,1047,996
1295747,0,1057,998
1295748,0,1044,996
1295749,0,1058,1003
1295750,0,1046,980
1295751,0,1062,995
1295752,0,1040,1006
1295753,0,1037,1027
1295754,0,1051,987
1295755,0,1044,1003
1295756,0,1083,991
1295757,0,1043,994
1295758,0,1047,979
1295759,0,1025,992
1295760,0,1032,994
1295761,0,1049,1002
1295762,0,1043,1001
1295763,0,1049,990
1295764,0,1051,1005
1295765,0,1023,1000
1295766,0,1055,994
1295767,0,1054,995
1295768,0,1048,986
1295769,0,1043,995
1295770,0,1049,997
1295771,0,1052,992
1295772,0,1037,999
1295773,0,1047,984
1295774,0,1024,990
1295775,0,1042,991
1295776,0,1045,1003
1295777,0,1022,992
1295778,0,1042,988
1295779,0,1033,988
1295780,0,1046,975
1295781,0,1051,987
1295782,0,1035,998
1295783,0,1029,971
1295784,0,1043,984
1295785,0,1055,993
1295786,0,1035,1002
1295787,0,1045,997
1295788,0,1032,989
1295789,0,1055,995
1295790,0,1025,993
1295791,0,1037,989
1295792,0,1019,989
1295793,0,1031,996
1295794,0,1055,977
1295795,0,1026,991
1295796,0,1033,993
1295797,0,1045,996
1295798,0,1024,998
1295799,0,1026,986
1295800,0,1033,989
1295801,0,1034,993
1295802,0,1061,991
1295803,0,1039,994
1295804,0,1043,1007
1295805,0,1028,985
1295806,0,1039,999
1295807,0,1041,981
1295808,0,1050,972
1295809,0,1047,975
1295810,0,1033,1004
1295811,0,1046,978
1295812,0,1029,999
1295813,0,1053,989
1295814,0,1050,989
1295815,0,1024,998
1295816,0,1019,986
1295817,0,1035,992
1295818,0,1057,990
1295819,0,1025,985
1295820,0,1055,1006
1295821,0,1044,1001
1295822,0,1029,1004
1295823,0,1038,1006
1295824,0,1039,990
1295825,0,1013,991
1295826,0,1031,1003
1295827,0,1031,992
1295828,0,1036,1015
1295829,0,1032,997
1295830,0,1033,989
1295831,0,1051,988
1295832,0,1018,989
1295833,0,1043,1006
1295834,0,1050,984
1295835,0,1027,980
1295836,0,1030,996
1295837,0,1051,1001
1295838,0,1023,980
1295839,0,1032,999
1295840,0,1031,1003
1295841,0,1031,1015
1295842,0,1028,998
1295843,0,1051,992
1295844,0,1034,993
1295845,0,1038,982
1295846,0,1039,1004
1295847,0,1037,990
1295848,0,1032,1013
1295849,0,1051,979
1295850,0,1055,996
1295851,0,1024,997
1295852,0,1039,1021
1295853,0,1031,997
1295854,0,1044,993
1295855,0,1026,991
1295856,0,1038,990
1295857,0,1032,1001
1295858,0,1043,994
1295859,0,1029,983
1295860,0,1044,999
1295861,0,1037,996
1295862,0,1033,996
1295863,0,1028,1005
1295864,0,1019,978
1295865,0,1042,999
1295866,0,1041,1003
1295867,0,1046,1001
1295868,0,1036,999
1295869,0,1035,1001
1295870,0,1032,1011
1295871,0,1045,969
1295872,0,1031,986
1295873,0,1049,1005
1295874,0,1024,994
1295875,0,1031,996
1295876,0,1044,983
1295877,0,1026,999
1295878,0,1028,998
1295879,0,1032,993
1295880,0,1051,1011
1295881,0,1032,994
1295882,0,1027,998
1295883,0,1039,998
1295884,0,1030,993
1295885,0,1043,1023
1295886,0,1030,1015
1295887,0,1030,1007
1295888,0,1046,984
1295889,0,1024,1007
1295890,0,1037,1009
1295891,0,1053,988
1295892,0,1025,1002
1295893,0,1026,999
1295894,0,1026,1000
1295895,0,1047,989
1295896,0,1035,1003
1295897,0,1024,1004
1295898,0,1033,999
1295899,0,1028,1000
1295900,0,1038,981
1295901,0,1025,1003
1295902,0,1037,991
1295903,0,1032,999
1295904,0,1041,999
1295905,0,1037,997
1295906,0,1036,999
1295907,0,1033,989
1295908,0,1033,998
1295909,0,1031,995
1295910,0,1047,1019
1295911,0,1039,1009
1295912,0,1033,1007
1295913,0,1028,1005
1295914,0,1041,1002
1295915,0,1053,993
1295916,0,1053,1011
1295917,0,1032,1003
1295918,0,1052,1003
1295919,0,1039,1011
1295920,0,1025,1007
1295921,0,1051,1011
1295922,0,1036,1002
1295923,0,1030,1007
1295924,0,1019,998
1295925,0,1033,1021
1295926,0,1034,1004
1295927,0,1034,1012
1295928,0,1041,1000
1295929,0,1048,1029
1295930,0,1041,1021
1295931,0,1043,1017
1295932,0,1036,1008
1295933,0,1035,1015
1295934,0,1022,1008
1295935,0,1040,1005
1295936,0,1037,1020
1295937,0,1023,1014
1295938,0,1049,1011
1295939,0,1050,1012
1295940,0,1043,1018
1295941,0,1039,1015
1295942,0,1051,1020
1295943,0,1027,1015
1295944,0,1045,1000
1295945,0,1063,999
1295946,0,1051,1007
1295947,0,1045,1017
1295948,0,1051,1007
1295949,0,1071,1007
1295950,0,1050,998
1295951,0,1024,1008
1295952,0,1067,1012
1295953,0,1061,1017
1295954,0,1059,1019
1295955,0,1065,1008
1295956,0,1043,1007
1295957,0,1038,1008
1295958,0,1051,1026
1295959,0,1053,1008
1295960,0,1043,997
1295961,0,1032,1001
1295962,0,1053,1003
1295963,0,1040,1012
1295964,0,1049,1004
1295965,0,1047,1012
1295966,0,1054,1017
1295967,0,1047,1011
1295968,0,1063,1005
1295969,0,1043,998
1295970,0,1063,1011
1295971,0,1033,1000
1295972,0,1040,1011
1295973,0,1048,1025
1295974,0,1043,1011
1295975,0,1041,1016
1295976,0,1054,1009
1295977,0,1039,1003
1295978,0,1045,1008
1295979,0,1044,997
1295980,0,1039,1005
1295981,0,1029,995
1295982,0,1051,988
1295983,0,1039,1017
1295984,0,1051,997
1295985,0,1042,1021
1295986,0,1032,1007
1295987,0,1042,1017
1295988,0,1031,1010
1295989,0,1035,1017
1295990,0,1035,1012
1295991,0,1024,999
1295992,0,1032,1016
1295993,0,1018,1018
1295994,0,1049,1003
1295995,0,1031,1008
1295996,0,1032,1015
1295997,0,1058,989
1295998,0,1040,1020
1295999,0,1046,1014
1296000,0,1028,1022
1296001,0,1054,1025
1296002,0,1063,1014
1296003,0,1032,1020
1296004,0,1049,1034
1296005,0,1035,1004
1296006,0,1045,1018
1296007,0,1040,1015
1296008,0,1033,1022
1296009,0,1039,995
1296010,0,1039,1003
1296011,0,1045,1003
1296012,0,1055,1013
1296013,0,1061,1020
1296014,0,1042,1010
1296015,0,1049,1011
1296016,0,1043,1013
1296017,0,1039,998
1296018,0,1051,1007
1296019,0,1059,996
1296020,0,1040,1012
1296021,0,1033,1004
1296022,0,1055,1019
1296023,0,1051,999
1296024,0,1051,997
1296025,0,1040,998
1296026,0,1065,1018
1296027,0,1046,988
1296028,0,1031,1013
1296029,0,1051,1031
1296030,0,1040,1005
1296031,0,1067,997
1296032,0,1037,984
1296033,0,1047,1006
1296034,0,1063,1015
1296035,0,1051,999
1296036,0,1042,1008
1296037,0,1041,1020
1296038,0,1065,1007
1296039,0,1056,1007
1296040,0,1058,1020
1296041,0,1042,1014
1296042,0,1049,1021
1296043,0,1047,1007
1296044,0,1047,1027
1296045,0,1041,1055
1296046,0,1049,1093
1296047,0,1046,1167
1296048,0,1059,1195
1296049,0,1056,1234
1296050,0,1052,1289
1296051,0,1043,1331
1296052,0,1066,1312
1296053,0,1040,1363
1296054,0,1033,1344
1296055,0,1040,1330
1296056,0,1051,1320
1296057,0,1043,1312
1296058,0,1046,1301
1296059,0,1052,1295
1296060,0,1034,1264
1296061,0,1029,1270
1296062,0,1036,1251
1296063,0,1051,1263
1296064,0,1047,1247
1296065,0,1033,1213
1296066,0,1055,1211
1296067,0,1055,1222
1296068,0,1071,1184
1296069,0,1116,1183
1296070,0,1165,1187
1296071,0,1215,1181
1296072,0,1278,1136
1296073,0,1315,1173
1296074,0,1363,1160
1296075,0,1391,1158
1296076,0,1386,1139
1296077,0,1392,1127
1296078,0,1375,1120
1296079,0,1374,1121
1296080,0,1379,1124
1296081,0,1358,1112
1296082,0,1330,1112
1296083,0,1311,1111
1296084,0,1323,1076
1296085,0,1288,1072
1296086,0,1280,1099
1296087,0,1294,1097
1296088,0,1287,1066
1296089,0,1246,1060
1296090,0,1244,1072
1296091,0,1251,1074
1296092,0,1247,1068
1296093,0,1224,1081
1296094,0,1251,1061
1296095,0,1221,1063
1296096,0,1209,1029
1296097,0,1190,1052
1296098,0,1190,1040
1296099,0,1180,1053
1296100,0,1182,1039
1296101,0,1193,1053
1296102,0,1175,1038
1296103,0,1183,1055
1296104,0,1156,1045
1296105,0,1175,1025
1296106,0,1165,1039
1296107,0,1137,1026
1296108,0,1146,1035
1296109,0,1147,1019
1296110,0,1147,1001
1296111,0,1138,1031
1296112,0,1126,1033
1296113,0,1124,1017
1296114,0,1116,1028
1296115,0,1109,1015
1296116,0,1118,976
1296117,0,1101,1009
1296118,0,1096,1011
1296119,0,1110,1008
1296120,0,1114,1005
1296121,0,1076,1029
1296122,0,1084,1021
1296123,0,1092,996
1296124,0,1093,1001
1296125,0,1075,1007
1296126,0,1095,1006
1296127,0,1091,1004
1296128,0,1064,979
1296129,0,1075,990
1296130,0,1087,998
1296131,0,1063,1005
1296132,0,1060,978
1296133,0,1079,993
1296134,0,1088,987
1296135,0,1072,996
1296136,0,1089,1005
1296137,0,1072,1002
1296138,0,1089,1014
1296139,0,1065,1002
1296140,0,1069,1001
1296141,0,1070,1005
1296142,0,1066,986
1296143,0,1052,1001
1296144,0,1074,992
1296145,0,1053,995
1296146,0,1083,1007
1296147,0,1073,989
1296148,0,1085,991
1296149,0,1074,991
1296150,0,1072,999
1296151,0,1060,982
1296152,0,1046,978
1296153,0,1076,988
1296154,0,1060,976
1296155,0,1059,993
1296156,0,1063,1009
1296157,0,1071,987
1296158,0,1050,979
1296159,0,1064,976
1296160,0,1058,971
1296161,0,1060,991
1296162,0,1063,990
1296163,0,1063,978
1296164,0,1062,996
1296165,0,1080,985
1296166,0,1067,988
1296167,0,1054,972
1296168,0,1054,968
1296169,0,1043,988
1296170,0,1041,997
1296171,0,1049,980
1296172,0,1053,985
1296173,0,1049,1005
1296174,0,1052,974
1296175,0,1064,984
1296176,0,1066,971
1296177,0,1081,969
1296178,0,1059,969
1296179,0,1064,983
1296180,0,1053,978
1296181,0,1051,1003
1296182,0,1048,989
1296183,0,1055,981
1296184,0,1048,1001
1296185,0,1052,977
1296186,0,1048,997
1296187,0,1054,989
1296188,0,1055,993
1296189,0,1039,986
1296190,0,1049,972
1296191,0,1075,984
1296192,0,1048,991
1296193,0,1054,982
1296194,0,1064,994
1296195,0,1054,975
1296196,0,1062,984
1296197,0,1063,988
1296198,0,1044,981
1296199,0,1055,989
1296200,0,1069,992
1296201,0,1053,975
1296202,0,1056,984
1296203,0,1068,993
1296204,0,1055,1002
1296205,0,1071,978
1296206,0,1057,1004
1296207,0,1052,991
1296208,0,1059,991
1296209,0,1057,975
1296210,0,1064,983
1296211,0,1051,991
1296212,0,1068,987
1296213,0,1071,968
1296214,0,1053,974
1296215,0,1047,975
1296216,0,1057,985
1296217,0,1069,992
1296218,0,1046,990
1296219,0,1070,1003
1296220,0,1073,985
1296221,0,1056,986
1296222,0,1063,988
1296223,0,1055,992
1296224,0,1067,999
1296225,0,1056,997
1296226,0,1062,976
1296227,0,1075,1003
1296228,0,1073,979
1296229,0,1068,973
1296230,0,1058,997
1296231,0,1061,993
1296232,0,1057,1003
1296233,0,1048,1002
1296234,0,1056,984
1296235,0,1063,980
1296236,0,1044,1007
1296237,0,1061,999
1296238,0,1067,980
1296239,0,1063,998
1296240,0,1070,995
1296241,0,1053,987
1296242,0,1055,985
1296243,0,1075,982
1296244,0,1056,995
1296245,0,1066,1004
1296246,0,1063,989
1296247,0,1050,997
1296248,0,1069,1007
1296249,0,1056,985
1296250,0,1040,983
1296251,0,1064,997
1296252,0,1046,993
1296253,0,1059,992
1296254,0,1063,995
1296255,0,1053,1005
1296256,0,1062,998
1296257,0,1065,1002
1296258,0,1048,1003
1296259,0,1068,1011
1296260,0,1065,984
1296261,0,1063,1007
1296262,0,1049,1001
1296263,0,1053,993
1296264,0,1066,987
1296265,0,1066,1011
1296266,0,1062,1001
1296267,0,1060,1002
1296268,0,1074,994
1296269,0,1069,998
1296270,0,1057,1004
1296271,0,1055,996
1296272,0,1070,993
1296273,0,1074,1005
1296274,0,1071,1004
1296275,0,1064,1012
1296276,0,1079,999
1296277,0,1056,979
1296278,0,1065,1010
1296279,0,1074,1001
1296280,0,1073,1006
1296281,0,1063,997
1296282,0,1080,1002
1296283,0,1070,1003
1296284,0,1067,998
1296285,0,1056,1005
1296286,0,1071,996
1296287,0,1080,1003
1296288,0,1067,995
1296289,0,1060,1011
1296290,0,1073,1004
1296291,0,1083,997
1296292,0,1059,998
1296293,0,1057,1011
1296294,0,1066,1003
1296295,0,1070,997
1296296,0,1071,1005
1296297,0,1065,1002
1296298,0,1059,995
1296299,0,1056,1011
1296300,0,1073,1007
1296301,0,1065,999
1296302,0,1041,995
1296303,0,1077,1027
1296304,0,1058,990
1296305,0,1075,1000
1296306,0,1065,1004
1296307,0,1070,1009
1296308,0,1075,999
1296309,0,1071,1005
1296310,0,1057,1005
1296311,0,1067,1002
1296312,0,1067,1019
1296313,0,1057,1005
1296314,0,1069,1026
1296315,0,1073,991
1296316,0,1077,1008
1296317,0,1064,1017
1296318,0,1073,1015
1296319,0,1055,1008
1296320,0,1056,1005
1296321,0,1077,1032
1296322,0,1063,1020
1296323,0,1067,1024
1296324,0,1055,1027
1296325,0,1063,997
1296326,0,1053,1009
1296327,0,1040,1019
1296328,0,1065,1022
1296329,0,1052,1010
1296330,0,1045,1021
1296331,0,1056,1029
1296332,0,1072,1022
1296333,0,1063,1017
1296334,0,1058,1021
1296335,0,1060,1023
1296336,0,1071,1034
1296337,0,1070,1019
1296338,0,1063,1019
1296339,0,1070,1039
1296340,0,1073,1010
1296341,0,1061,1021
1296342,0,1061,1017
1296343,0,1081,1013
1296344,0,1070,1008
1296345,0,1079,1017
1296346,0,1055,1043
1296347,0,1064,1016
1296348,0,1052,1021
1296349,0,1059,1009
1296350,0,1067,1003
1296351,0,1056,1005
1296352,0,1064,1017
1296353,0,1063,1017
1296354,0,1063,1016
1296355,0,1060,1022
1296356,0,1066,1007
1296357,0,1078,1013
1296358,0,1071,1018
1296359,0,1068,1012
1296360,0,1056,1008
1296361,0,1054,1026
1296362,0,1073,1017
1296363,0,1056,1019
1296364,0,1052,1002
1296365,0,1051,1015
1296366,0,1061,1006
1296367,0,1044,1007
1296368,0,1050,1013
1296369,0,1058,1021
1296370,0,1052,1006
1296371,0,1052,1019
1296372,0,1046,1011
1296373,0,1058,1012
1296374,0,1052,1001
1296375,0,1064,1006
1296376,0,1051,1013
1296377,0,1067,1006
1296378,0,1040,1016
1296379,0,1045,1014
1296380,0,1053,1015
1296381,0,1058,1015
1296382,0,1043,1020
1296383,0,1038,1019
