sample_idx,segment,I,Q
0,0,972,939
1,0,971,935
2,0,975,928
3,0,976,941
4,0,976,941
5,0,981,935
6,0,988,932
7,0,996,925
8,0,998,931
9,0,992,943
10,0,993,934
11,0,989,937
12,0,982,937
13,0,990,935
14,0,997,935
15,0,995,945
16,0,975,953
17,0,989,946
18,0,987,946
19,0,993,948
20,0,985,949
21,0,979,945
22,0,987,950
23,0,985,946
24,0,980,955
25,0,987,943
26,0,992,935
27,0,986,944
28,0,984,947
29,0,987,950
30,0,972,953
31,0,982,943
32,0,979,944
33,0,988,945
34,0,1039,979
35,0,1002,957
36,0,970,949
37,0,986,943
38,0,968,945
39,0,979,945
40,0,971,949
41,0,978,936
42,0,985,948
43,0,987,938
44,0,976,926
45,0,973,932
46,0,973,936
47,0,977,935
48,0,987,937
49,0,978,933
50,0,982,939
51,0,976,945
52,0,990,935
53,0,1000,948
54,0,985,987
55,0,983,1019
56,0,984,1099
57,0,977,1156
58,0,990,1193
59,0,991,1187
60,0,976,1167
61,0,988,1135
62,0,996,1115
63,0,983,1088
64,0,991,1075
65,0,981,1064
66,0,967,1053
67,0,975,1042
68,0,989,1037
69,0,981,1030
70,0,974,1008
71,0,995,1014
72,0,997,1006
73,0,1021,1003
74,0,1067,970
75,0,1111,983
76,0,1176,979
77,0,1215,977
78,0,1200,961
79,0,1176,961
80,0,1136,950
81,0,1135,959
82,0,1127,971
83,0,1096,957
84,0,1091,948
85,0,1082,955
86,0,1078,937
87,0,1062,947
88,0,1055,967
89,0,1059,946
90,0,1040,947
91,0,1030,949
92,0,1037,947
93,0,1012,945
94,0,1019,952
95,0,1013,952
96,0,1018,956
97,0,1017,955
98,0,986,946
99,0,1015,936
100,0,1007,946
101,0,992,943
102,0,980,946
103,0,989,946
104,0,984,948
105,0,984,947
106,0,994,942
107,0,988,943
108,0,983,939
109,0,967,943
110,0,962,946
111,0,968,956
112,0,980,949
113,0,957,951
114,0,968,940
115,0,963,943
116,0,960,939
117,0,967,935
118,0,965,941
119,0,963,931
120,0,953,927
121,0,966,942
122,0,958,939
123,0,967,932
124,0,959,929
125,0,978,930
126,0,967,929
127,0,976,933
128,0,983,942
129,0,977,939
130,0,975,934
131,0,974,940
132,0,975,937
133,0,977,939
134,0,975,939
135,0,974,931
136,0,969,937
137,0,977,946
138,0,977,942
139,0,981,939
140,0,977,941
141,0,976,940
142,0,974,945
143,0,973,936
144,0,972,949
145,0,976,944
146,0,971,939
147,0,970,942
148,0,973,942
149,0,966,941
150,0,971,951
151,0,963,945
152,0,969,943
153,0,967,933
154,0,971,935
155,0,963,935
156,0,964,933
157,0,955,940
158,0,960,939
159,0,957,932
160,0,960,938
161,0,968,939
162,0,964,935
163,0,957,937
164,0,960,934
165,0,968,937
166,0,978,937
167,0,962,943
168,0,962,940
169,0,973,935
170,0,978,927
171,0,991,933
172,0,981,945
173,0,969,947
174,0,977,943
175,0,977,951
176,0,973,946
177,0,975,952
178,0,974,946
179,0,973,946
180,0,990,946
181,0,973,944
182,0,972,950
183,0,975,942
184,0,973,947
185,0,972,945
186,0,981,941
187,0,974,941
188,0,975,949
189,0,974,951
190,0,967,951
191,0,966,952
192,0,965,944
193,0,963,943
194,0,967,939
195,0,964,939
196,0,955,932
197,0,960,934
198,0,964,934
199,0,967,925
200,0,958,930
201,0,969,931
202,0,968,931
203,0,968,932
204,0,970,936
205,0,976,928
206,0,983,928
207,0,970,937
208,0,983,941
209,0,978,937
210,0,983,929
211,0,975,934
212,0,969,946
213,0,970,940
214,0,975,936
215,0,987,947
216,0,980,950
217,0,981,936
218,0,977,937
219,0,983,943
220,0,980,948
221,0,972,958
222,0,983,942
223,0,980,944
224,0,975,945
225,0,976,945
226,0,976,936
227,0,979,935
228,0,976,951
229,0,980,946
230,0,977,949
231,0,972,946
232,0,967,948
233,0,969,939
234,0,970,941
235,0,973,936
236,0,954,940
237,0,961,943
238,0,966,948
239,0,968,936
240,0,970,935
241,0,963,946
242,0,959,944
243,0,964,934
244,0,977,938
245,0,971,935
246,0,982,930
247,0,974,934
248,0,973,939
249,0,991,933
250,0,979,934
251,0,969,942
252,0,975,947
253,0,984,939
254,0,980,945
255,0,976,952
256,0,982,952
257,0,972,953
258,0,979,945
259,0,981,943
260,0,969,944
261,0,980,949
262,0,987,940
263,0,978,936
264,0,981,950
265,0,969,950
266,0,971,944
267,0,967,949
268,0,974,942
269,0,977,939
270,0,983,935
271,0,962,942
272,0,977,944
273,0,975,936
274,0,975,936
275,0,960,937
276,0,964,940
277,0,967,945
278,0,963,938
279,0,963,939
280,0,973,939
281,0,977,935
282,0,968,935
283,0,979,938
284,0,973,934
285,0,972,942
286,0,978,937
287,0,977,948
288,0,992,935
289,0,990,938
290,0,995,936
291,0,981,938
292,0,987,931
293,0,985,945
294,0,982,948
295,0,985,952
296,0,981,954
297,0,993,957
298,0,992,946
299,0,993,943
300,0,973,945
301,0,974,953
302,0,989,947
303,0,983,946
304,0,986,948
305,0,979,944
306,0,976,948
307,0,990,940
308,0,989,940
309,0,979,934
310,0,979,944
311,0,974,943
312,0,970,951
313,0,980,942
314,0,988,934
315,0,964,939
316,0,967,938
317,0,973,939
318,0,968,939
319,0,971,936
320,0,977,938
321,0,962,933
322,0,975,944
323,0,968,943
324,0,982,936
325,0,985,921
326,0,987,927
327,0,989,931
328,0,984,943
329,0,989,928
330,0,989,931
331,0,983,938
332,0,983,939
333,0,989,938
334,0,987,940
335,0,965,952
336,0,992,939
337,0,988,944
338,0,992,938
339,0,983,942
340,0,980,940
341,0,987,33714
342,0,977,941
343,0,976,943
344,0,971,945
345,0,976,944
346,0,987,941
347,0,975,946
348,0,983,946
349,0,981,938
350,0,980,947
351,0,975,937
352,0,976,939
353,0,971,938
354,0,963,947
355,0,972,945
356,0,972,943
357,0,971,951
358,0,972,948
359,0,971,943
360,0,962,938
361,0,962,941
362,0,962,940
363,0,963,943
364,0,966,926
365,0,963,935
366,0,965,936
367,0,974,929
368,0,976,926
369,0,969,937
370,0,969,934
371,0,973,936
372,0,969,927
373,0,961,942
374,0,974,935
375,0,984,941
376,0,984,936
377,0,980,943
378,0,974,939
379,0,980,948
380,0,976,943
381,0,979,949
382,0,980,947
383,0,979,942
384,0,979,946
385,0,979,945
386,0,983,946
387,0,962,943
388,0,971,926
389,0,969,939
390,0,981,938
391,0,1028,966
392,0,992,973
393,0,971,950
394,0,972,946
395,0,965,952
396,0,963,945
397,0,969,952
398,0,965,947
399,0,966,941
400,0,959,939
401,0,969,937
402,0,955,951
403,0,961,937
404,0,957,947
405,0,966,932
406,0,957,935
407,0,960,939
408,0,957,938
409,0,966,930
410,0,975,935
411,0,970,930
412,0,970,935
413,0,974,940
414,0,968,938
415,0,978,937
416,0,980,936
417,0,974,941
418,0,972,939
419,0,983,937
420,0,981,945
421,0,981,943
422,0,978,947
423,0,970,949
424,0,981,947
425,0,969,951
426,0,974,943
427,0,983,949
428,0,979,937
429,0,979,934
430,0,977,939
431,0,986,941
432,0,981,945
433,0,980,948
434,0,971,949
435,0,987,941
436,0,983,951
437,0,964,958
438,0,970,939
439,0,964,935
440,0,973,937
441,0,956,938
442,0,962,949
443,0,955,928
444,0,964,936
445,0,955,935
446,0,968,937
447,0,977,923
448,0,965,938
449,0,969,941
450,0,967,933
451,0,955,940
452,0,975,937
453,0,983,938
454,0,976,939
455,0,974,938
456,0,982,938
457,0,975,944
458,0,979,937
459,0,974,940
460,0,978,945
461,0,986,945
462,0,972,942
463,0,981,947
464,0,991,952
465,0,978,942
466,0,974,944
467,0,992,952
468,0,974,955
469,0,984,944
470,0,978,944
471,0,980,944
472,0,976,944
473,0,983,944
474,0,986,948
475,0,979,939
476,0,986,949
477,0,971,948
478,0,965,951
479,0,970,955
480,0,975,935
481,0,957,934
482,0,962,940
483,0,969,936
484,0,969,936
485,0,963,941
486,0,975,935
487,0,969,939
488,0,965,944
489,0,963,935
490,0,975,935
491,0,984,940
492,0,982,937
493,0,981,932
494,0,977,944
495,0,980,935
496,0,978,936
497,0,990,937
498,0,975,941
499,0,990,933
500,0,985,941
501,0,977,950
502,0,987,943
503,0,981,952
504,0,981,946
505,0,977,938
506,0,979,949
507,0,978,949
508,0,987,948
509,0,985,959
510,0,983,949
511,0,985,941
512,0,975,946
513,0,983,939
514,0,982,945
515,0,976,948
516,0,983,941
517,0,969,942
518,0,973,947
519,0,970,951
520,0,977,936
521,0,975,935
522,0,963,938
523,0,965,943
524,0,965,944
525,0,963,937
526,0,967,943
527,0,969,945
528,0,979,936
529,0,972,939
530,0,977,940
531,0,977,950
532,0,975,945
533,0,978,932
534,0,983,937
535,0,978,939
536,0,977,946
537,0,981,932
538,0,992,931
539,0,985,938
540,0,986,940
541,0,976,949
542,0,988,947
543,0,984,945
544,0,981,937
545,0,979,945
546,0,979,952
547,0,982,942
548,0,981,945
549,0,983,945
550,0,979,955
551,0,975,975
552,0,979,1015
553,0,980,1062
554,0,978,1136
555,0,983,1155
556,0,982,1177
557,0,975,1140
558,0,972,1126
559,0,980,1104
560,0,985,1103
561,0,966,1064
562,0,965,1052
563,0,972,1044
564,0,973,1026
565,0,962,1035
566,0,955,999
567,0,978,1008
568,0,967,1007
569,0,978,1017
570,0,1005,997
571,0,1039,984
572,0,1123,981
573,0,1187,983
574,0,1212,952
575,0,1222,967
576,0,1184,965
577,0,1168,975
578,0,1164,960
579,0,1135,973
580,0,1120,971
581,0,1102,980
582,0,1083,966
583,0,1087,960
584,0,1083,952
585,0,1056,954
586,0,1039,947
587,0,1046,959
588,0,1035,959
589,0,1034,953
590,0,1031,947
591,0,1007,952
592,0,1019,955
593,0,1017,935
594,0,1015,960
595,0,1007,940
596,0,982,952
597,0,998,947
598,0,995,939
599,0,983,940
600,0,972,944
601,0,985,930
602,0,980,933
603,0,969,938
604,0,971,955
605,0,966,947
606,0,969,939
607,0,969,929
608,0,993,939
609,0,970,944
610,0,971,934
611,0,983,935
612,0,972,942
613,0,982,943
614,0,977,941
615,0,974,943
616,0,969,936
617,0,979,937
618,0,986,936
619,0,977,945
620,0,972,954
621,0,976,937
622,0,979,945
623,0,985,939
624,0,983,944
625,0,983,943
626,0,993,939
627,0,982,941
628,0,976,943
629,0,976,957
630,0,978,949
631,0,980,949
632,0,976,946
633,0,979,943
634,0,974,945
635,0,964,953
636,0,963,943
637,0,959,941
638,0,976,941
639,0,971,935
640,0,964,927
641,0,967,929
642,0,967,938
643,0,951,931
644,0,958,929
645,0,961,937
646,0,959,942
647,0,969,940
648,0,965,941
649,0,966,937
650,0,966,937
651,0,966,930
652,0,975,934
653,0,980,941
654,0,985,938
655,0,982,933
656,0,982,934
657,0,977,936
658,0,979,941
659,0,969,958
660,0,980,949
661,0,981,940
662,0,982,945
663,0,979,949
664,0,989,945
665,0,979,944
666,0,987,947
667,0,988,940
668,0,990,941
669,0,983,941
670,0,974,942
671,0,984,944
672,0,975,944
673,0,967,944
674,0,976,939
675,0,972,945
676,0,969,945
677,0,969,940
678,0,961,939
679,0,965,938
680,0,973,943
681,0,964,942
682,0,969,932
683,0,979,933
684,0,970,941
685,0,975,943
686,0,971,937
687,0,971,940
688,0,967,936
689,0,981,931
690,0,977,930
691,0,979,933
692,0,973,939
693,0,981,940
694,0,985,940
695,0,976,936
696,0,977,941
697,0,979,948
698,0,972,942
699,0,981,949
700,0,974,947
701,0,983,941
702,0,983,940
703,0,985,943
704,0,977,940
705,0,974,944
706,0,966,944
707,0,968,939
708,0,981,942
709,0,973,944
710,0,977,944
711,0,984,949
712,0,971,943
713,0,976,946
714,0,977,943
715,0,971,945
716,0,975,945
717,0,970,949
718,0,967,944
719,0,970,937
720,0,966,941
721,0,957,932
722,0,959,939
723,0,961,933
724,0,964,935
725,0,966,933
726,0,970,940
727,0,968,944
728,0,971,937
729,0,970,938
730,0,977,936
731,0,975,932
732,0,981,932
733,0,975,943
734,0,986,933
735,0,988,934
736,0,971,942
737,0,975,946
738,0,991,939
739,0,980,944
740,0,978,941
741,0,976,945
742,0,978,949
743,0,978,950
744,0,979,933
745,0,985,940
746,0,975,947
747,0,984,945
748,0,982,939
749,0,973,945
750,0,985,945
751,0,983,947
752,0,975,949
753,0,988,944
754,0,985,950
755,0,987,945
756,0,962,952
757,0,974,951
758,0,968,945
759,0,970,938
760,0,966,947
761,0,961,938
762,0,962,938
763,0,971,946
764,0,963,943
765,0,963,938
766,0,972,933
767,0,962,942
768,0,972,941
769,0,962,939
770,0,971,940
771,0,972,942
772,0,968,946
773,0,979,935
774,0,976,939
775,0,987,937
776,0,982,938
777,0,978,940
778,0,980,947
779,0,975,947
780,0,976,951
781,0,966,954
782,0,981,944
783,0,988,945
784,0,987,949
785,0,980,942
786,0,985,953
787,0,977,950
788,0,981,955
789,0,981,948
790,0,985,945
791,0,973,951
792,0,975,948
793,0,971,955
794,0,980,944
795,0,972,937
796,0,970,943
797,0,971,951
798,0,978,941
799,0,977,947
800,0,955,936
801,0,956,943
802,0,971,937
803,0,965,935
804,0,971,941
805,0,970,932
806,0,968,936
807,0,968,938
808,0,974,940
809,0,971,951
810,0,975,933
811,0,983,926
812,0,983,929
813,0,966,934
814,0,982,933
815,0,979,941
816,0,979,945
817,0,984,935
818,0,988,939
819,0,983,944
820,0,978,959
821,0,981,950
822,0,979,958
823,0,981,949
824,0,984,947
825,0,972,948
826,0,988,946
827,0,976,947
828,0,977,949
829,0,988,955
830,0,994,940
831,0,980,944
832,0,982,946
833,0,978,945
834,0,970,948
835,0,975,945
836,0,972,941
837,0,976,938
838,0,975,939
839,0,971,941
840,0,967,937
841,0,978,934
842,0,972,941
843,0,975,940
844,0,955,948
845,0,973,941
846,0,975,936
847,0,975,932
848,0,978,927
849,0,971,934
850,0,975,937
851,0,967,948
852,0,982,938
853,0,982,946
854,0,983,939
855,0,990,946
856,0,974,946
857,0,981,949
858,0,982,946
859,0,984,951
860,0,982,945
861,0,982,946
862,0,980,947
863,0,978,940
864,0,975,949
865,0,977,957
866,0,982,978
867,0,986,1016
868,0,984,1059
869,0,976,1113
870,0,977,1164
871,0,979,1172
872,0,975,1154
873,0,971,1144
874,0,980,1112
875,0,975,1109
876,0,978,1084
877,0,965,1061
878,0,983,1048
879,0,974,1046
880,0,967,1035
881,0,975,1029
882,0,970,1021
883,0,973,1007
884,0,957,1000
885,0,997,1007
886,0,1021,993
887,0,1083,983
888,0,1151,986
889,0,1187,987
890,0,1211,976
891,0,1188,983
892,0,1160,978
893,0,1156,965
894,0,1143,958
895,0,1123,964
896,0,1111,969
897,0,1091,969
898,0,1058,962
899,0,1056,964
900,0,1067,965
901,0,1057,954
902,0,1087,992
903,0,1040,972
904,0,1016,962
905,0,1023,947
906,0,1016,951
907,0,1010,954
908,0,1011,954
909,0,992,953
910,0,999,944
911,0,987,939
912,0,985,944
913,0,981,950
914,0,980,944
915,0,982,938
916,0,979,937
917,0,974,932
918,0,968,941
919,0,968,935
920,0,971,938
921,0,971,944
922,0,965,943
923,0,965,937
924,0,965,940
925,0,953,941
926,0,967,945
927,0,966,932
928,0,964,936
929,0,963,932
930,0,970,935
931,0,967,935
932,0,967,935
933,0,978,932
934,0,967,943
935,0,975,943
936,0,971,943
937,0,978,948
938,0,984,938
939,0,979,930
940,0,977,942
941,0,974,946
942,0,980,944
943,0,980,937
944,0,975,936
945,0,971,937
946,0,972,939
947,0,968,946
948,0,974,954
949,0,979,946
950,0,979,943
951,0,974,949
952,0,964,943
953,0,966,942
954,0,975,943
955,0,971,951
956,0,966,944
957,0,971,948
958,0,966,939
959,0,973,935
960,0,964,939
961,0,964,935
962,0,964,947
963,0,968,938
964,0,964,933
965,0,960,938
966,0,970,938
967,0,974,934
968,0,971,933
969,0,969,932
970,0,965,935
971,0,971,937
972,0,976,941
973,0,979,936
974,0,979,941
975,0,980,934
976,0,977,933
977,0,978,944
978,0,975,945
979,0,979,947
980,0,983,945
981,0,969,944
982,0,978,947
983,0,983,947
984,0,981,936
985,0,974,940
986,0,972,936
987,0,977,940
988,0,975,943
989,0,979,949
990,0,982,941
991,0,974,943
992,0,967,946
993,0,977,943
994,0,977,938
995,0,970,934
996,0,977,937
997,0,969,944
998,0,961,943
999,0,958,942
1000,0,960,940
1001,0,965,942
1002,0,974,933
1003,0,974,930
1004,0,964,942
1005,0,966,939
1006,0,973,935
1007,0,968,941
1008,0,968,943
1009,0,975,928
1010,0,975,930
1011,0,970,940
1012,0,972,945
1013,0,973,945
1014,0,980,930
1015,0,988,938
1016,0,981,943
1017,0,978,937
1018,0,981,947
1019,0,984,944
1020,0,983,946
1021,0,984,941
1022,0,981,945
1023,0,980,941
1024,0,980,944
1025,0,972,949
1026,0,974,939
1027,0,974,944
1028,0,980,949
1029,0,985,940
1030,0,981,943
1031,0,981,942
1032,0,980,941
1033,0,973,947
1034,0,971,948
1035,0,981,945
1036,0,972,945
1037,0,971,937
1038,0,972,931
1039,0,977,939
1040,0,963,945
1041,0,967,940
1042,0,963,946
1043,0,971,932
1044,0,960,930
1045,0,966,940
1046,0,969,938
1047,0,971,935
1048,0,977,923
1049,0,968,935
1050,0,980,938
1051,0,984,946
1052,0,973,932
1053,0,971,938
1054,0,989,936
1055,0,978,943
1056,0,993,948
1057,0,986,946
1058,0,979,942
1059,0,981,944
1060,0,984,943
1061,0,982,948
1062,0,982,945
1063,0,981,950
1064,0,980,948
1065,0,982,947
1066,0,982,951
1067,0,985,937
1068,0,982,932
1069,0,988,947
1070,0,983,940
1071,0,986,947
1072,0,978,941
1073,0,986,947
1074,0,985,945
1075,0,966,944
1076,0,970,946
1077,0,973,953
1078,0,972,946
1079,0,964,943
1080,0,956,943
1081,0,966,942
1082,0,966,944
1083,0,963,944
1084,0,968,937
1085,0,979,937
1086,0,970,938
1087,0,979,928
1088,0,982,928
1089,0,963,941
1090,0,981,931
1091,0,979,945
1092,0,976,953
1093,0,989,945
1094,0,980,941
1095,0,968,942
1096,0,980,944
1097,0,979,946
1098,0,974,947
1099,0,976,946
1100,0,981,952
1101,0,989,946
1102,0,986,938
1103,0,990,937
1104,0,980,952
1105,0,988,956
1106,0,982,944
1107,0,985,939
1108,0,982,949
1109,0,981,946
1110,0,980,954
1111,0,980,949
1112,0,991,942
1113,0,971,938
1114,0,987,947
1115,0,981,940
1116,0,977,949
1117,0,978,932
1118,0,981,936
1119,0,978,941
1120,0,965,944
1121,0,970,942
1122,0,961,941
1123,0,965,940
1124,0,963,932
1125,0,963,941
1126,0,975,936
1127,0,973,933
1128,0,971,942
1129,0,980,934
1130,0,994,941
1131,0,989,940
1132,0,985,934
1133,0,980,934
1134,0,990,941
1135,0,975,947
1136,0,989,939
1137,0,992,940
1138,0,976,942
1139,0,975,946
1140,0,980,942
1141,0,979,957
1142,0,982,953
1143,0,976,942
1144,0,983,946
1145,0,978,950
1146,0,977,940
1147,0,977,958
1148,0,983,938
1149,0,984,939
1150,0,977,948
1151,0,989,946
1152,0,986,942
1153,0,971,947
1154,0,983,945
1155,0,967,947
1156,0,963,952
1157,0,965,941
1158,0,977,939
1159,0,969,938
1160,0,976,941
1161,0,963,939
1162,0,955,941
1163,0,967,946
1164,0,968,942
1165,0,976,935
1166,0,976,935
1167,0,979,936
1168,0,960,945
1169,0,967,937
1170,0,978,950
1171,0,988,944
1172,0,971,941
1173,0,974,942
1174,0,986,947
1175,0,994,940
1176,0,991,934
1177,0,979,947
1178,0,987,943
1179,0,984,967
1180,0,983,1003
1181,0,993,1059
1182,0,995,1115
1183,0,979,1172
1184,0,975,1176
1185,0,972,1158
1186,0,981,1134
1187,0,982,1106
1188,0,976,1100
1189,0,972,1088
1190,0,970,1079
1191,0,967,1078
1192,0,972,1065
1193,0,983,1043
1194,0,975,1017
1195,0,972,1025
1196,0,983,1007
1197,0,987,1002
1198,0,1003,983
1199,0,1020,995
1200,0,1079,993
1201,0,1159,968
1202,0,1192,959
1203,0,1191,985
1204,0,1195,966
1205,0,1140,977
1206,0,1136,965
1207,0,1108,952
1208,0,1119,960
1209,0,1089,947
1210,0,1068,970
1211,0,1081,959
1212,0,1068,957
1213,0,1058,950
1214,0,1048,950
1215,0,1053,955
1216,0,1047,947
1217,0,1013,956
1218,0,1020,954
1219,0,1014,951
1220,0,1011,959
1221,0,1007,959
1222,0,1020,951
1223,0,991,944
1224,0,1007,945
1225,0,999,941
1226,0,990,959
1227,0,992,944
1228,0,979,955
1229,0,984,947
1230,0,1007,940
1231,0,995,943
1232,0,969,947
1233,0,981,949
1234,0,973,957
1235,0,971,941
1236,0,970,943
1237,0,970,945
1238,0,959,940
1239,0,949,937
1240,0,960,939
1241,0,957,942
1242,0,949,940
1243,0,955,946
1244,0,968,936
1245,0,957,931
1246,0,960,945
1247,0,963,936
1248,0,967,939
1249,0,971,935
1250,0,966,941
1251,0,961,939
1252,0,968,941
1253,0,970,940
1254,0,966,937
1255,0,963,942
1256,0,971,941
1257,0,976,939
1258,0,987,936
1259,0,977,943
1260,0,970,936
1261,0,972,939
1262,0,983,948
1263,0,972,943
1264,0,976,940
1265,0,973,942
1266,0,969,941
1267,0,971,952
1268,0,972,941
1269,0,972,943
1270,0,971,949
1271,0,975,950
1272,0,971,945
1273,0,969,942
1274,0,958,947
1275,0,956,954
1276,0,972,938
1277,0,962,936
1278,0,961,948
1279,0,961,928
1280,0,948,939
1281,0,952,946
1282,0,959,942
1283,0,967,935
1284,0,961,942
1285,0,964,942
1286,0,970,932
1287,0,970,932
1288,0,960,936
1289,0,970,942
1290,0,974,937
1291,0,963,937
1292,0,979,939
1293,0,982,943
1294,0,987,940
1295,0,979,941
1296,0,967,942
1297,0,975,950
1298,0,980,966
1299,0,983,946
1300,0,978,947
1301,0,970,941
1302,0,975,948
1303,0,984,939
1304,0,973,944
1305,0,983,953
1306,0,971,949
1307,0,973,954
1308,0,973,947
1309,0,979,945
1310,0,971,951
1311,0,974,946
1312,0,975,946
1313,0,974,941
1314,0,974,947
1315,0,971,940
1316,0,965,941
1317,0,980,943
1318,0,964,949
1319,0,967,944
1320,0,972,938
1321,0,958,933
1322,0,966,930
1323,0,959,934
1324,0,973,943
1325,0,971,937
1326,0,967,936
1327,0,972,929
1328,0,977,941
1329,0,978,929
1330,0,969,943
1331,0,975,938
1332,0,971,942
1333,0,979,947
1334,0,981,950
1335,0,984,936
1336,0,970,947
1337,0,974,937
1338,0,981,948
1339,0,986,946
1340,0,990,945
1341,0,971,943
1342,0,991,946
1343,0,979,949
1344,0,974,950
1345,0,982,945
1346,0,976,943
1347,0,971,944
1348,0,973,943
1349,0,983,948
1350,0,987,941
1351,0,981,937
1352,0,973,939
1353,0,975,942
1354,0,978,943
1355,0,974,945
1356,0,977,944
1357,0,978,933
1358,0,970,932
1359,0,955,945
1360,0,961,939
1361,0,963,943
1362,0,974,936
1363,0,968,937
1364,0,958,933
1365,0,971,943
1366,0,981,933
1367,0,987,931
1368,0,976,928
1369,0,978,931
1370,0,986,939
1371,0,979,937
1372,0,985,941
1373,0,986,934
1374,0,974,938
1375,0,987,948
1376,0,983,943
1377,0,976,944
1378,0,973,947
1379,0,995,933
1380,0,978,947
1381,0,973,955
1382,0,981,949
1383,0,1000,945
1384,0,988,943
1385,0,987,936
1386,0,981,939
1387,0,975,942
1388,0,986,942
1389,0,989,938
1390,0,982,946
1391,0,987,939
1392,0,983,938
1393,0,973,943
1394,0,967,949
1395,0,978,943
1396,0,970,946
1397,0,975,936
1398,0,967,934
1399,0,970,934
1400,0,960,945
1401,0,968,935
1402,0,969,951
1403,0,967,944
1404,0,975,934
1405,0,971,934
1406,0,974,939
1407,0,973,935
1408,0,974,937
1409,0,981,939
1410,0,985,941
1411,0,978,939
1412,0,1025,969
1413,0,985,961
1414,0,977,957
1415,0,991,947
1416,0,979,947
1417,0,988,946
1418,0,985,956
1419,0,979,952
1420,0,988,948
1421,0,993,944
1422,0,997,943
1423,0,978,949
1424,0,975,949
1425,0,974,950
1426,0,989,947
1427,0,987,942
1428,0,972,939
1429,0,977,956
1430,0,981,944
1431,0,980,936
1432,0,973,939
1433,0,983,938
1434,0,977,939
1435,0,979,946
1436,0,979,947
1437,0,975,939
1438,0,960,950
1439,0,971,942
1440,0,968,937
1441,0,964,935
1442,0,965,935
1443,0,969,928
1444,0,969,937
1445,0,974,937
1446,0,969,936
1447,0,974,934
1448,0,987,942
1449,0,975,934
1450,0,980,938
1451,0,983,943
1452,0,988,943
1453,0,987,941
1454,0,987,939
1455,0,992,939
1456,0,988,927
1457,0,990,939
1458,0,975,948
1459,0,982,945
1460,0,981,944
1461,0,987,937
1462,0,986,939
1463,0,982,950
1464,0,975,939
1465,0,980,950
1466,0,987,954
1467,0,989,945
1468,0,996,937
1469,0,980,943
1470,0,981,943
1471,0,976,940
1472,0,973,948
1473,0,978,942
1474,0,971,943
1475,0,973,946
1476,0,967,947
1477,0,974,939
1478,0,971,936
1479,0,974,941
1480,0,973,937
1481,0,965,939
1482,0,965,932
1483,0,961,942
1484,0,982,931
1485,0,972,928
1486,0,974,936
1487,0,967,945
1488,0,970,945
1489,0,975,945
1490,0,989,936
1491,0,985,945
1492,0,982,936
1493,0,983,965
1494,0,997,978
1495,0,1005,1011
1496,0,981,1074
1497,0,983,1156
1498,0,985,1171
1499,0,981,1180
1500,0,990,1136
1501,0,989,1116
1502,0,989,1124
1503,0,985,1109
1504,0,990,1087
1505,0,986,1050
1506,0,977,1040
1507,0,994,1020
1508,0,985,1024
1509,0,989,1030
1510,0,982,1015
1511,0,982,1029
1512,0,1007,1013
1513,0,1027,975
1514,0,1071,995
1515,0,1123,982
1516,0,1177,963
1517,0,1227,975
1518,0,1186,979
1519,0,1163,971
1520,0,1151,962
1521,0,1132,961
1522,0,1092,964
1523,0,1111,953
1524,0,1084,946
1525,0,1059,943
1526,0,1056,938
1527,0,1061,947
1528,0,1040,949
1529,0,1047,943
1530,0,1044,949
1531,0,1024,951
1532,0,1028,945
1533,0,1008,952
1534,0,1016,947
1535,0,1005,938
1536,0,1009,960
1537,0,1023,943
1538,0,997,953
1539,0,999,951
1540,0,994,948
1541,0,1010,943
1542,0,995,950
1543,0,990,938
1544,0,981,943
1545,0,995,944
1546,0,1001,947
1547,0,978,950
1548,0,1001,951
1549,0,978,931
1550,0,978,950
1551,0,964,950
1552,0,970,953
1553,0,970,947
1554,0,975,944
1555,0,967,942
1556,0,962,944
1557,0,964,941
1558,0,970,938
1559,0,964,942
1560,0,965,939
1561,0,965,941
1562,0,962,938
1563,0,957,938
1564,0,959,936
1565,0,965,937
1566,0,966,939
1567,0,957,945
1568,0,966,935
1569,0,974,948
1570,0,965,945
1571,0,971,937
1572,0,969,943
1573,0,966,940
1574,0,973,943
1575,0,974,938
1576,0,979,943
1577,0,981,948
1578,0,982,953
1579,0,977,939
1580,0,982,936
1581,0,977,938
1582,0,978,944
1583,0,980,931
1584,0,987,937
1585,0,967,941
1586,0,964,947
1587,0,971,942
1588,0,969,946
1589,0,973,942
1590,0,961,946
1591,0,967,947
1592,0,968,951
1593,0,960,941
1594,0,963,944
1595,0,967,939
1596,0,964,940
1597,0,959,930
1598,0,963,940
1599,0,956,934
1600,0,952,942
1601,0,960,936
1602,0,958,937
1603,0,957,942
1604,0,962,927
1605,0,969,928
1606,0,973,934
1607,0,978,935
1608,0,970,930
1609,0,969,937
1610,0,970,944
1611,0,965,946
1612,0,973,942
1613,0,982,937
1614,0,974,942
1615,0,971,948
1616,0,968,959
1617,0,978,945
1618,0,974,944
1619,0,975,946
1620,0,976,959
1621,0,975,950
1622,0,976,941
1623,0,978,944
1624,0,981,937
1625,0,979,937
1626,0,976,943
1627,0,982,932
1628,0,976,937
1629,0,967,937
1630,0,976,949
1631,0,970,955
1632,0,979,939
1633,0,968,941
1634,0,977,944
1635,0,973,946
1636,0,971,944
1637,0,964,942
1638,0,964,939
1639,0,961,941
1640,0,966,932
1641,0,965,938
1642,0,966,938
1643,0,967,938
1644,0,967,931
1645,0,962,934
1646,0,970,927
1647,0,980,935
1648,0,982,935
1649,0,978,948
1650,0,981,939
1651,0,975,943
1652,0,980,942
1653,0,972,939
1654,0,972,946
1655,0,981,948
1656,0,976,944
1657,0,975,945
1658,0,984,940
1659,0,983,934
1660,0,979,942
1661,0,979,943
1662,0,985,941
1663,0,973,951
1664,0,980,947
1665,0,973,955
1666,0,984,945
1667,0,979,948
1668,0,982,937
1669,0,981,954
1670,0,974,946
1671,0,969,946
1672,0,965,951
1673,0,971,947
1674,0,966,943
1675,0,964,946
1676,0,976,937
1677,0,979,938
1678,0,962,946
1679,0,958,938
1680,0,961,942
1681,0,981,936
1682,0,967,925
1683,0,975,935
1684,0,970,931
1685,0,975,934
1686,0,979,935
1687,0,974,939
1688,0,969,932
1689,0,977,941
1690,0,983,943
1691,0,981,945
1692,0,981,936
1693,0,974,936
1694,0,975,947
1695,0,985,946
1696,0,972,943
1697,0,982,949
1698,0,973,943
1699,0,977,942
1700,0,975,945
1701,0,981,948
1702,0,980,954
1703,0,976,943
1704,0,983,942
1705,0,979,944
1706,0,982,948
1707,0,988,944
1708,0,996,943
1709,0,985,946
1710,0,982,941
1711,0,982,946
1712,0,975,941
1713,0,961,956
1714,0,970,943
1715,0,965,946
1716,0,975,944
1717,0,973,943
1718,0,962,940
1719,0,962,941
1720,0,965,943
1721,0,962,945
1722,0,963,951
1723,0,971,935
1724,0,977,936
1725,0,977,938
1726,0,986,936
1727,0,967,945
1728,0,974,942
1729,0,983,941
1730,0,987,940
1731,0,979,941
1732,0,987,937
1733,0,980,955
1734,0,989,947
1735,0,981,950
1736,0,980,951
1737,0,974,952
1738,0,971,948
1739,0,983,938
1740,0,989,945
1741,0,994,939
1742,0,984,948
1743,0,979,949
1744,0,973,959
1745,0,990,948
1746,0,962,945
1747,0,974,946
1748,0,975,947
1749,0,984,942
1750,0,990,943
1751,0,978,946
1752,0,974,946
1753,0,985,941
1754,0,971,939
1755,0,983,940
1756,0,973,930
1757,0,968,938
1758,0,961,936
1759,0,972,943
1760,0,964,940
1761,0,963,939
1762,0,974,933
1763,0,969,939
1764,0,973,937
1765,0,968,940
1766,0,979,936
1767,0,973,931
1768,0,984,932
1769,0,987,933
1770,0,986,935
1771,0,992,935
1772,0,988,934
1773,0,978,942
1774,0,985,946
1775,0,1001,936
1776,0,990,946
1777,0,967,948
1778,0,985,956
1779,0,983,956
1780,0,991,944
1781,0,991,952
1782,0,981,957
1783,0,988,948
1784,0,975,946
1785,0,975,953
1786,0,982,941
1787,0,987,942
1788,0,987,941
1789,0,991,939
1790,0,983,943
1791,0,969,952
1792,0,977,950
1793,0,973,951
1794,0,969,948
1795,0,967,951
1796,0,975,949
1797,0,974,943
1798,0,974,934
1799,0,973,936
1800,0,971,943
1801,0,977,942
1802,0,971,939
1803,0,974,935
1804,0,977,934
1805,0,974,930
1806,0,980,932
1807,0,975,943
1808,0,978,973
1809,0,986,1006
1810,0,994,1053
1811,0,986,1120
1812,0,991,1183
1813,0,988,1164
1814,0,991,1144
1815,0,981,1141
1816,0,994,1100
1817,0,999,1111
1818,0,984,1080
1819,0,983,1063
1820,0,985,1040
1821,0,990,1054
1822,0,986,1034
1823,0,978,1008
1824,0,987,1023
1825,0,965,1015
1826,0,1007,1009
1827,0,1019,999
1828,0,1051,1000
1829,0,1124,987
1830,0,1179,983
1831,0,1216,963
1832,0,1220,957
1833,0,1174,973
1834,0,1152,980
1835,0,1132,963
1836,0,1147,937
1837,0,1089,958
1838,0,1078,937
1839,0,1082,949
1840,0,1075,952
1841,0,1063,958
1842,0,1040,948
1843,0,1049,962
1844,0,1039,942
1845,0,1039,948
1846,0,1019,949
1847,0,1025,954
1848,0,1029,943
1849,0,1033,947
1850,0,1020,940
1851,0,1019,941
1852,0,996,927
1853,0,996,942
1854,0,999,940
1855,0,990,949
1856,0,992,950
1857,0,993,946
1858,0,993,943
1859,0,1000,943
1860,0,990,951
1861,0,1007,937
1862,0,999,941
1863,0,975,944
1864,0,972,946
1865,0,982,943
1866,0,979,941
1867,0,978,942
1868,0,979,945
1869,0,980,944
1870,0,975,949
1871,0,965,945
1872,0,974,949
1873,0,982,937
1874,0,972,940
1875,0,964,950
1876,0,961,945
1877,0,970,935
1878,0,968,928
1879,0,961,931
1880,0,971,937
1881,0,958,946
1882,0,971,949
1883,0,969,943
1884,0,967,937
1885,0,959,941
1886,0,981,945
1887,0,973,934
1888,0,966,942
1889,0,965,943
1890,0,975,940
1891,0,975,945
1892,0,974,950
1893,0,971,936
1894,0,985,943
1895,0,979,937
1896,0,983,935
1897,0,980,939
1898,0,979,939
1899,0,977,938
1900,0,978,936
1901,0,979,948
1902,0,977,944
1903,0,981,953
1904,0,973,951
1905,0,971,955
1906,0,978,943
1907,0,976,945
1908,0,977,942
1909,0,967,948
1910,0,969,951
1911,0,961,948
1912,0,964,948
1913,0,966,942
1914,0,968,936
1915,0,974,931
1916,0,968,932
1917,0,961,929
1918,0,947,938
1919,0,958,942
1920,0,958,937
1921,0,958,953
1922,0,1003,946
1923,0,998,959
1924,0,975,941
1925,0,971,933
1926,0,969,937
1927,0,965,941
1928,0,969,936
1929,0,975,939
1930,0,975,935
1931,0,982,939
1932,0,979,938
1933,0,973,944
1934,0,965,951
1935,0,967,950
1936,0,983,944
1937,0,991,946
1938,0,993,939
1939,0,979,952
1940,0,982,946
1941,0,980,945
1942,0,980,943
1943,0,982,940
1944,0,982,939
1945,0,972,943
1946,0,978,945
1947,0,982,938
1948,0,975,944
1949,0,975,946
1950,0,979,937
1951,0,980,939
1952,0,963,945
1953,0,976,949
1954,0,965,947
1955,0,962,940
1956,0,963,941
1957,0,960,942
1958,0,971,930
1959,0,969,932
1960,0,968,940
1961,0,953,938
1962,0,972,928
1963,0,979,927
1964,0,979,931
1965,0,976,933
1966,0,981,935
1967,0,979,931
1968,0,963,941
1969,0,978,941
1970,0,989,942
1971,0,979,937
1972,0,981,942
1973,0,978,945
1974,0,981,958
1975,0,981,955
1976,0,977,952
1977,0,983,943
1978,0,980,943
1979,0,977,943
1980,0,974,933
1981,0,979,950
1982,0,969,955
1983,0,989,946
1984,0,976,948
1985,0,975,946
1986,0,977,951
1987,0,981,946
1988,0,972,949
1989,0,975,947
1990,0,971,954
1991,0,967,949
1992,0,972,943
1993,0,970,946
1994,0,963,939
1995,0,978,931
1996,0,969,933
1997,0,961,942
1998,0,961,941
1999,0,962,945
2000,0,955,933
2001,0,970,940
2002,0,963,945
2003,0,971,935
2004,0,982,937
2005,0,976,929
2006,0,958,936
2007,0,978,933
2008,0,974,937
2009,0,973,933
2010,0,988,940
2011,0,975,935
2012,0,964,943
2013,0,972,943
2014,0,979,947
2015,0,979,946
2016,0,977,951
2017,0,979,955
2018,0,979,955
2019,0,986,944
2020,0,985,953
2021,0,979,952
2022,0,986,947
2023,0,983,945
2024,0,985,951
2025,0,974,946
2026,0,985,942
2027,0,975,940
2028,0,980,940
2029,0,983,939
2030,0,983,943
2031,0,976,947
2032,0,965,942
2033,0,974,949
2034,0,963,945
2035,0,989,937
2036,0,971,931
2037,0,964,941
2038,0,961,943
2039,0,951,925
2040,0,973,935
2041,0,977,934
2042,0,977,934
2043,0,975,931
2044,0,972,942
2045,0,972,935
2046,0,966,940
2047,0,976,938
2048,0,980,939
2049,0,974,940
2050,0,977,953
2051,0,978,944
2052,0,986,932
2053,0,985,938
2054,0,985,945
2055,0,980,943
2056,0,974,944
2057,0,978,947
2058,0,980,956
2059,0,985,941
2060,0,982,949
2061,0,973,955
2062,0,988,948
2063,0,974,946
2064,0,987,943
2065,0,980,939
2066,0,975,946
2067,0,977,948
2068,0,984,944
2069,0,982,943
2070,0,971,952
2071,0,974,941
2072,0,968,941
2073,0,965,943
2074,0,983,937
2075,0,972,927
2076,0,959,938
2077,0,965,950
2078,0,962,939
2079,0,962,942
2080,0,964,937
2081,0,963,940
2082,0,965,941
2083,0,971,937
2084,0,972,936
2085,0,971,941
2086,0,980,925
2087,0,980,928
2088,0,991,932
2089,0,973,935
2090,0,990,939
2091,0,987,941
2092,0,980,944
2093,0,981,943
2094,0,985,941
2095,0,987,942
2096,0,979,945
2097,0,1000,948
2098,0,985,940
2099,0,991,950
2100,0,986,956
2101,0,972,950
2102,0,980,947
2103,0,978,949
2104,0,980,950
2105,0,979,943
2106,0,980,954
2107,0,980,949
2108,0,981,947
2109,0,984,952
2110,0,968,957
2111,0,975,948
2112,0,978,949
2113,0,972,946
2114,0,963,945
2115,0,969,943
2116,0,972,942
2117,0,979,946
2118,0,972,938
2119,0,963,947
2120,0,967,939
2121,0,972,944
2122,0,975,940
2123,0,979,959
2124,0,973,975
2125,0,975,1021
2126,0,982,1101
2127,0,973,1144
2128,0,978,1158
2129,0,980,1160
2130,0,980,1130
2131,0,987,1123
2132,0,995,1092
2133,0,997,1072
2134,0,975,1083
2135,0,983,1066
2136,0,975,1055
2137,0,984,1047
2138,0,978,1028
2139,0,984,1016
2140,0,977,1010
2141,0,979,1016
2142,0,999,998
2143,0,1021,1009
2144,0,1072,1003
2145,0,1124,983
2146,0,1192,976
2147,0,1217,979
2148,0,1211,968
2149,0,1168,963
2150,0,1163,960
2151,0,1139,964
2152,0,1131,961
2153,0,1104,965
2154,0,1077,950
2155,0,1056,944
2156,0,1055,961
2157,0,1052,949
2158,0,1027,940
2159,0,1031,936
2160,0,1018,948
2161,0,1008,943
2162,0,1008,951
2163,0,1022,940
2164,0,1002,943
2165,0,993,942
2166,0,1001,943
2167,0,991,937
2168,0,1007,940
2169,0,1001,941
2170,0,1000,937
2171,0,1001,947
2172,0,995,940
2173,0,997,946
2174,0,987,954
2175,0,981,953
2176,0,981,947
2177,0,979,949
2178,0,976,948
2179,0,989,942
2180,0,980,950
2181,0,986,952
2182,0,978,940
2183,0,979,943
2184,0,982,950
2185,0,981,946
2186,0,986,938
2187,0,978,941
2188,0,977,951
2189,0,970,947
2190,0,973,946
2191,0,971,942
2192,0,971,935
2193,0,974,933
2194,0,960,937
2195,0,964,944
2196,0,960,939
2197,0,965,944
2198,0,969,940
2199,0,961,931
2200,0,956,941
2201,0,964,931
2202,0,983,932
2203,0,971,938
2204,0,971,935
2205,0,968,945
2206,0,976,932
2207,0,963,943
2208,0,979,947
2209,0,970,943
2210,0,978,950
2211,0,971,941
2212,0,979,943
2213,0,978,946
2214,0,982,940
2215,0,985,938
2216,0,977,943
2217,0,976,937
2218,0,981,944
2219,0,981,944
2220,0,982,939
2221,0,982,938
2222,0,980,945
2223,0,979,944
2224,0,970,950
2225,0,987,950
2226,0,982,954
2227,0,976,949
2228,0,975,951
2229,0,976,941
2230,0,972,947
2231,0,971,943
2232,0,971,940
2233,0,968,939
2234,0,967,940
2235,0,963,953
2236,0,972,935
2237,0,962,934
2238,0,965,935
2239,0,963,939
2240,0,959,933
2241,0,972,941
2242,0,971,941
2243,0,978,938
2244,0,981,942
2245,0,975,941
2246,0,970,941
2247,0,980,943
2248,0,983,939
2249,0,990,938
2250,0,983,933
2251,0,981,938
2252,0,966,923
2253,0,978,944
2254,0,973,945
2255,0,983,941
2256,0,984,943
2257,0,975,939
2258,0,977,950
2259,0,986,950
2260,0,985,944
2261,0,975,944
2262,0,975,942
2263,0,981,944
2264,0,980,948
2265,0,979,942
2266,0,978,946
2267,0,968,946
2268,0,966,948
2269,0,977,946
2270,0,982,947
2271,0,959,949
2272,0,974,946
2273,0,971,944
2274,0,973,939
2275,0,969,943
2276,0,962,940
2277,0,970,936
2278,0,977,935
2279,0,972,926
2280,0,960,933
2281,0,978,927
2282,0,978,936
2283,0,975,932
2284,0,976,934
2285,0,983,933
2286,0,983,929
2287,0,973,939
2288,0,986,938
2289,0,983,939
2290,0,984,938
2291,0,980,939
2292,0,977,943
2293,0,975,956
2294,0,985,952
2295,0,976,944
2296,0,979,943
2297,0,994,942
2298,0,982,944
2299,0,982,951
2300,0,988,947
2301,0,974,949
2302,0,981,945
2303,0,979,948
2304,0,979,953
2305,0,974,947
2306,0,977,947
2307,0,975,949
2308,0,983,948
2309,0,979,948
2310,0,968,942
2311,0,979,952
2312,0,975,952
2313,0,969,943
2314,0,976,943
2315,0,981,935
2316,0,960,942
2317,0,961,937
2318,0,964,942
2319,0,970,940
2320,0,969,935
2321,0,967,944
2322,0,972,948
2323,0,978,932
2324,0,987,935
2325,0,983,935
2326,0,976,936
2327,0,978,935
2328,0,978,940
2329,0,985,931
2330,0,984,939
2331,0,976,946
2332,0,975,943
2333,0,979,958
2334,0,980,951
2335,0,982,949
2336,0,989,937
2337,0,977,948
2338,0,984,948
2339,0,981,946
2340,0,970,948
2341,0,981,938
2342,0,988,945
2343,0,979,940
2344,0,979,940
2345,0,986,936
2346,0,985,942
2347,0,983,943
2348,0,971,948
2349,0,988,946
2350,0,983,947
2351,0,962,954
2352,0,978,943
2353,0,975,942
2354,0,978,936
2355,0,966,937
2356,0,967,937
2357,0,967,939
2358,0,969,949
2359,0,965,944
2360,0,966,939
2361,0,977,936
2362,0,972,947
2363,0,966,938
2364,0,971,33699
2365,0,965,932
2366,0,963,929
2367,0,967,934
2368,0,974,935
2369,0,972,934
2370,0,963,942
2371,0,962,945
2372,0,970,948
2373,0,978,940
2374,0,973,943
2375,0,970,943
2376,0,972,942
2377,0,979,931
2378,0,983,941
2379,0,969,939
2380,0,972,945
2381,0,983,941
2382,0,974,955
2383,0,981,943
2384,0,982,950
2385,0,969,944
2386,0,979,948
2387,0,978,938
2388,0,983,943
2389,0,968,942
2390,0,966,958
2391,0,976,937
2392,0,976,939
2393,0,968,938
2394,0,971,944
2395,0,970,944
2396,0,971,944
2397,0,979,945
2398,0,968,939
2399,0,968,938
2400,0,971,938
2401,0,961,933
2402,0,962,942
2403,0,961,938
2404,0,963,938
2405,0,963,933
2406,0,963,942
2407,0,968,938
2408,0,972,934
2409,0,974,932
2410,0,973,933
2411,0,973,935
2412,0,975,933
2413,0,970,942
2414,0,979,943
2415,0,976,935
2416,0,978,935
2417,0,975,939
2418,0,971,941
2419,0,974,938
2420,0,970,953
2421,0,977,953
2422,0,969,954
2423,0,975,955
2424,0,982,951
2425,0,980,947
2426,0,976,941
2427,0,977,941
2428,0,974,943
2429,0,975,950
2430,0,971,949
2431,0,981,944
2432,0,986,937
2433,0,975,947
2434,0,971,953
2435,0,973,945
2436,0,975,948
2437,0,966,949
2438,0,969,946
2439,0,964,943
2440,0,966,933
2441,0,960,945
2442,0,969,948
2443,0,973,939
2444,0,971,946
2445,0,974,947
2446,0,965,936
2447,0,970,938
2448,0,975,931
2449,0,971,937
2450,0,973,935
2451,0,981,933
2452,0,981,928
2453,0,978,933
2454,0,980,935
2455,0,974,945
2456,0,985,936
2457,0,983,939
2458,0,981,944
2459,0,990,940
2460,0,977,945
2461,0,975,953
2462,0,982,946
2463,0,985,944
2464,0,985,941
2465,0,974,941
2466,0,978,939
2467,0,976,950
2468,0,979,945
2469,0,981,946
2470,0,985,951
2471,0,976,950
2472,0,982,940
2473,0,977,943
2474,0,979,948
2475,0,979,949
2476,0,966,942
2477,0,977,949
2478,0,975,942
2479,0,976,937
2480,0,971,935
2481,0,969,934
2482,0,967,939
2483,0,964,942
2484,0,973,943
2485,0,971,938
2486,0,966,938
2487,0,969,935
2488,0,964,941
2489,0,971,934
2490,0,991,934
2491,0,982,927
2492,0,983,931
2493,0,977,936
2494,0,983,940
2495,0,984,927
2496,0,994,936
2497,0,981,938
2498,0,973,932
2499,0,984,942
2500,0,979,954
2501,0,978,949
2502,0,984,948
2503,0,974,949
2504,0,975,953
2505,0,983,947
2506,0,987,950
2507,0,983,944
2508,0,989,942
2509,0,986,946
2510,0,987,949
2511,0,984,945
2512,0,989,939
2513,0,988,942
2514,0,985,947
2515,0,980,945
2516,0,974,937
2517,0,971,947
2518,0,974,947
2519,0,967,939
2520,0,968,938
2521,0,967,943
2522,0,973,947
2523,0,965,943
2524,0,965,948
2525,0,964,936
2526,0,971,939
2527,0,974,935
2528,0,968,936
2529,0,991,931
2530,0,975,939
2531,0,966,944
2532,0,981,939
2533,0,979,940
2534,0,980,940
2535,0,980,940
2536,0,992,941
2537,0,986,948
2538,0,977,955
2539,0,977,952
2540,0,986,953
2541,0,980,943
2542,0,975,945
2543,0,982,948
2544,0,984,946
2545,0,984,950
2546,0,970,951
2547,0,974,945
2548,0,988,951
2549,0,990,948
2550,0,983,943
2551,0,983,941
2552,0,981,944
2553,0,985,942
2554,0,1000,945
2555,0,977,948
2556,0,978,933
2557,0,977,944
2558,0,976,939
2559,0,965,940
2560,0,977,938
2561,0,971,946
2562,0,955,941
2563,0,968,937
2564,0,969,935
2565,0,960,936
2566,0,974,933
2567,0,961,938
2568,0,980,935
2569,0,978,934
2570,0,972,941
2571,0,991,931
2572,0,979,942
2573,0,989,928
2574,0,978,937
2575,0,987,935
2576,0,990,939
2577,0,981,947
2578,0,981,939
2579,0,988,943
2580,0,995,947
2581,0,976,946
2582,0,981,946
2583,0,982,953
2584,0,986,944
2585,0,980,946
2586,0,991,949
2587,0,976,946
2588,0,980,951
2589,0,976,953
2590,0,979,950
2591,0,998,938
2592,0,978,935
2593,0,984,947
2594,0,981,944
2595,0,968,951
2596,0,982,943
2597,0,973,946
2598,0,975,949
2599,0,967,946
2600,0,970,941
2601,0,966,937
2602,0,973,937
2603,0,968,939
2604,0,974,937
2605,0,967,943
2606,0,972,941
2607,0,971,940
2608,0,974,935
2609,0,975,953
2610,0,970,999
2611,0,952,1049
2612,0,975,1097
2613,0,993,1144
2614,0,984,1168
2615,0,977,1156
2616,0,982,1128
2617,0,995,1115
2618,0,1000,1108
2619,0,979,1091
2620,0,985,1081
2621,0,985,1058
2622,0,975,1040
2623,0,977,1020
2624,0,988,1039
2625,0,977,1031
2626,0,981,1010
2627,0,991,1001
2628,0,1011,992
2629,0,1116,981
2630,0,1115,1003
2631,0,1159,987
2632,0,1201,982
2633,0,1192,993
2634,0,1183,977
2635,0,1162,982
2636,0,1153,964
2637,0,1125,956
2638,0,1099,960
2639,0,1111,957
2640,0,1071,952
2641,0,1077,963
2642,0,1064,955
2643,0,1044,946
2644,0,1051,945
2645,0,1016,951
2646,0,1017,949
2647,0,1025,944
2648,0,1019,950
2649,0,1000,941
2650,0,1006,942
2651,0,1007,941
2652,0,988,941
2653,0,995,951
2654,0,1009,938
2655,0,980,934
2656,0,985,943
2657,0,997,948
2658,0,989,943
2659,0,981,947
2660,0,994,936
2661,0,984,951
2662,0,979,942
2663,0,983,949
2664,0,984,942
2665,0,977,943
2666,0,983,948
2667,0,972,946
2668,0,974,943
2669,0,971,942
2670,0,970,954
2671,0,976,943
2672,0,971,942
2673,0,970,938
2674,0,965,949
2675,0,967,943
2676,0,976,945
2677,0,973,936
2678,0,964,942
2679,0,956,941
2680,0,955,943
2681,0,969,936
2682,0,964,937
2683,0,961,940
2684,0,962,937
2685,0,954,936
2686,0,960,941
2687,0,965,935
2688,0,973,932
2689,0,969,942
2690,0,963,939
2691,0,963,948
2692,0,967,937
2693,0,970,942
2694,0,978,943
2695,0,966,944
2696,0,972,945
2697,0,969,949
2698,0,973,949
2699,0,981,946
2700,0,984,941
2701,0,970,940
2702,0,971,949
2703,0,978,943
2704,0,987,944
2705,0,975,943
2706,0,980,940
2707,0,980,943
2708,0,974,950
2709,0,971,956
2710,0,979,950
2711,0,973,943
2712,0,968,937
2713,0,975,946
2714,0,974,943
2715,0,970,945
2716,0,960,947
2717,0,964,941
2718,0,967,940
2719,0,968,942
2720,0,959,952
2721,0,976,936
2722,0,963,939
2723,0,969,947
2724,0,967,948
2725,0,967,937
2726,0,960,934
2727,0,969,927
2728,0,969,931
2729,0,972,932
2730,0,974,935
2731,0,963,947
2732,0,977,947
2733,0,974,939
2734,0,990,935
2735,0,985,934
2736,0,989,937
2737,0,983,934
2738,0,979,948
2739,0,973,952
2740,0,985,947
2741,0,982,942
2742,0,982,944
2743,0,980,949
2744,0,983,943
2745,0,982,950
2746,0,977,947
2747,0,978,941
2748,0,972,938
2749,0,974,945
2750,0,974,941
2751,0,980,943
2752,0,970,945
2753,0,971,947
2754,0,976,948
2755,0,971,944
2756,0,981,947
2757,0,978,946
2758,0,974,942
2759,0,966,938
2760,0,966,946
2761,0,958,943
2762,0,962,934
2763,0,972,934
2764,0,968,940
2765,0,956,935
2766,0,966,943
2767,0,974,938
2768,0,972,935
2769,0,978,938
2770,0,979,932
2771,0,983,937
2772,0,972,931
2773,0,972,943
2774,0,978,951
2775,0,978,938
2776,0,976,933
2777,0,983,936
2778,0,983,949
2779,0,981,947
2780,0,969,952
2781,0,981,947
2782,0,988,943
2783,0,980,949
2784,0,980,949
2785,0,980,940
2786,0,977,950
2787,0,976,947
2788,0,978,947
2789,0,981,942
2790,0,1023,972
2791,0,997,974
2792,0,970,958
2793,0,981,946
2794,0,972,941
2795,0,973,938
2796,0,970,943
2797,0,965,953
2798,0,972,943
2799,0,970,932
2800,0,971,936
2801,0,971,933
2802,0,957,938
2803,0,962,940
2804,0,975,933
2805,0,960,927
2806,0,962,943
2807,0,981,934
2808,0,973,931
2809,0,978,932
2810,0,980,931
2811,0,982,934
2812,0,979,934
2813,0,978,945
2814,0,972,941
2815,0,996,936
2816,0,973,941
2817,0,983,946
2818,0,985,950
2819,0,979,946
2820,0,988,943
2821,0,982,949
2822,0,974,943
2823,0,979,948
2824,0,985,947
2825,0,984,950
2826,0,986,945
2827,0,984,941
2828,0,981,943
2829,0,975,944
2830,0,979,938
2831,0,984,941
2832,0,979,951
2833,0,980,947
2834,0,985,942
2835,0,980,952
2836,0,968,958
2837,0,973,949
2838,0,972,928
2839,0,972,941
2840,0,968,935
2841,0,963,939
2842,0,963,939
2843,0,965,939
2844,0,968,937
2845,0,972,935
2846,0,989,932
2847,0,965,933
2848,0,976,933
2849,0,977,929
2850,0,962,939
2851,0,979,943
2852,0,985,942
2853,0,989,940
2854,0,983,936
2855,0,991,941
2856,0,983,950
2857,0,990,940
2858,0,993,941
2859,0,973,951
2860,0,980,948
2861,0,981,945
2862,0,987,948
2863,0,992,945
2864,0,984,937
2865,0,982,948
2866,0,976,954
2867,0,982,948
2868,0,984,956
2869,0,990,946
2870,0,981,959
2871,0,976,950
2872,0,984,950
2873,0,989,941
2874,0,975,943
2875,0,977,945
2876,0,975,944
2877,0,975,949
2878,0,971,947
2879,0,975,933
2880,0,977,938
2881,0,969,943
2882,0,968,931
2883,0,968,941
2884,0,962,935
2885,0,969,938
2886,0,973,937
2887,0,978,933
2888,0,967,940
2889,0,970,939
2890,0,996,932
2891,0,987,923
2892,0,985,927
2893,0,982,934
2894,0,989,936
2895,0,987,941
2896,0,986,943
2897,0,985,945
2898,0,993,939
2899,0,993,941
2900,0,982,951
2901,0,989,946
2902,0,982,941
2903,0,985,936
2904,0,981,943
2905,0,981,947
2906,0,979,954
2907,0,985,947
2908,0,968,947
2909,0,999,949
2910,0,990,947
2911,0,977,948
2912,0,983,945
2913,0,981,951
2914,0,974,951
2915,0,980,948
2916,0,983,950
2917,0,976,940
2918,0,954,945
2919,0,987,943
2920,0,965,967
2921,0,982,994
2922,0,965,1116
2923,0,976,1135
2924,0,970,1167
2925,0,973,1183
2926,0,978,1155
2927,0,969,1127
2928,0,976,1111
2929,0,967,1109
2930,0,975,1080
2931,0,969,1083
2932,0,984,1040
2933,0,985,1052
2934,0,984,1035
2935,0,984,1018
2936,0,997,1026
2937,0,1003,1007
2938,0,1002,1005
2939,0,1027,997
2940,0,1063,999
2941,0,1119,978
2942,0,1181,983
2943,0,1223,974
2944,0,1216,965
2945,0,1169,966
2946,0,1152,982
2947,0,1123,963
2948,0,1133,979
2949,0,1134,972
2950,0,1099,961
2951,0,1076,967
2952,0,1071,969
2953,0,1064,958
2954,0,1059,965
2955,0,1039,947
2956,0,1024,955
2957,0,1033,949
2958,0,1026,938
2959,0,1019,943
2960,0,986,934
2961,0,1007,944
2962,0,1003,938
2963,0,975,939
2964,0,989,948
2965,0,990,935
2966,0,991,936
2967,0,985,937
2968,0,977,951
2969,0,993,937
2970,0,979,942
2971,0,982,934
2972,0,986,937
2973,0,985,938
2974,0,1001,941
2975,0,983,931
2976,0,987,943
2977,0,983,940
2978,0,975,945
2979,0,973,946
2980,0,973,942
2981,0,973,946
2982,0,973,936
2983,0,975,942
2984,0,975,948
2985,0,972,949
2986,0,970,955
2987,0,976,953
2988,0,971,952
2989,0,977,944
2990,0,974,944
2991,0,985,937
2992,0,965,938
2993,0,964,940
2994,0,960,946
2995,0,975,951
2996,0,971,943
2997,0,964,942
2998,0,960,947
2999,0,967,944
3000,0,965,936
3001,0,964,928
3002,0,958,939
3003,0,963,935
3004,0,959,943
3005,0,969,929
3006,0,970,938
3007,0,968,936
3008,0,964,943
3009,0,974,927
3010,0,976,931
3011,0,980,936
3012,0,983,935
3013,0,974,934
3014,0,972,940
3015,0,978,948
3016,0,977,939
3017,0,980,936
3018,0,977,943
3019,0,980,948
3020,0,975,941
3021,0,979,947
3022,0,982,942
3023,0,982,939
3024,0,979,939
3025,0,977,938
3026,0,978,944
3027,0,971,947
3028,0,973,948
3029,0,976,945
3030,0,975,947
3031,0,983,945
3032,0,965,946
3033,0,970,946
3034,0,971,942
3035,0,961,944
3036,0,971,942
3037,0,973,937
3038,0,970,931
3039,0,965,939
3040,0,961,929
3041,0,958,939
3042,0,960,939
3043,0,970,944
3044,0,965,946
3045,0,961,929
3046,0,973,932
3047,0,970,937
3048,0,972,932
3049,0,979,926
3050,0,961,941
3051,0,976,942
3052,0,970,940
3053,0,971,935
3054,0,987,927
3055,0,986,936
3056,0,975,941
3057,0,971,950
3058,0,968,955
3059,0,977,940
3060,0,980,957
3061,0,973,945
3062,0,968,953
3063,0,983,947
3064,0,985,947
3065,0,977,950
3066,0,975,939
3067,0,976,943
3068,0,975,944
3069,0,986,943
3070,0,987,935
3071,0,974,944
3072,0,974,948
3073,0,971,945
3074,0,977,939
3075,0,972,940
3076,0,966,941
3077,0,961,940
3078,0,961,936
3079,0,958,942
3080,0,965,941
3081,0,966,935
3082,0,962,941
3083,0,963,929
3084,0,971,938
3085,0,975,940
3086,0,970,937
3087,0,970,932
3088,0,973,928
3089,0,973,932
3090,0,979,929
3091,0,969,932
3092,0,983,932
3093,0,983,939
3094,0,969,935
3095,0,983,935
3096,0,979,942
3097,0,982,944
3098,0,976,947
3099,0,975,948
3100,0,986,947
3101,0,990,942
3102,0,993,936
3103,0,975,937
3104,0,979,947
3105,0,969,953
3106,0,985,952
3107,0,980,948
3108,0,965,945
3109,0,978,941
3110,0,977,942
3111,0,980,949
3112,0,989,939
3113,0,974,940
3114,0,964,949
3115,0,965,950
3116,0,962,943
3117,0,973,938
3118,0,971,933
3119,0,965,933
3120,0,967,945
3121,0,965,942
3122,0,957,942
3123,0,979,937
3124,0,965,937
3125,0,971,934
3126,0,965,938
3127,0,985,932
3128,0,976,927
3129,0,980,935
3130,0,978,932
3131,0,970,935
3132,0,979,936
3133,0,987,942
3134,0,982,941
3135,0,972,945
3136,0,984,947
3137,0,994,934
3138,0,979,944
3139,0,976,948
3140,0,995,950
3141,0,983,954
3142,0,979,947
3143,0,979,948
3144,0,979,949
3145,0,980,944
3146,0,987,946
3147,0,980,939
3148,0,973,963
3149,0,987,945
3150,0,984,940
3151,0,988,942
3152,0,984,941
3153,0,981,943
3154,0,982,946
3155,0,963,948
3156,0,976,946
3157,0,972,943
3158,0,971,936
3159,0,965,944
3160,0,973,950
3161,0,967,938
3162,0,964,936
3163,0,972,945
3164,0,965,940
3165,0,974,937
3166,0,974,939
3167,0,987,940
3168,0,980,937
3169,0,973,942
3170,0,983,940
3171,0,975,939
3172,0,984,942
3173,0,957,939
3174,0,988,943
3175,0,980,939
3176,0,993,929
3177,0,985,941
3178,0,979,942
3179,0,980,948
3180,0,982,951
3181,0,989,948
3182,0,978,942
3183,0,984,942
3184,0,975,951
3185,0,971,953
3186,0,987,957
3187,0,1001,944
3188,0,994,945
3189,0,965,946
3190,0,981,949
3191,0,993,939
3192,0,994,940
3193,0,978,947
3194,0,980,940
3195,0,969,944
3196,0,975,946
3197,0,971,944
3198,0,976,935
3199,0,969,936
3200,0,963,945
3201,0,969,944
3202,0,965,943
3203,0,965,945
3204,0,973,929
3205,0,968,945
3206,0,976,938
3207,0,982,937
3208,0,980,940
3209,0,986,939
3210,0,977,937
3211,0,980,937
3212,0,985,939
3213,0,983,941
3214,0,993,935
3215,0,985,938
3216,0,981,940
3217,0,987,955
3218,0,986,943
3219,0,969,951
3220,0,980,942
3221,0,991,944
3222,0,988,941
3223,0,986,947
3224,0,980,944
3225,0,984,947
3226,0,985,954
3227,0,979,950
3228,0,986,943
3229,0,995,943
3230,0,967,955
3231,0,985,981
3232,0,974,1023
3233,0,965,1080
3234,0,977,1136
3235,0,975,1169
3236,0,974,1168
3237,0,974,1160
3238,0,977,1120
3239,0,966,1092
3240,0,974,1065
3241,0,962,1070
3242,0,962,1071
3243,0,965,1055
3244,0,967,1028
3245,0,973,1031
3246,0,972,1003
3247,0,981,998
3248,0,977,1015
3249,0,991,994
3250,0,1019,996
3251,0,1077,984
3252,0,1147,976
3253,0,1188,976
3254,0,1231,985
3255,0,1208,978
3256,0,1187,981
3257,0,1150,977
3258,0,1132,974
3259,0,1115,966
3260,0,1109,971
3261,0,1088,967
3262,0,1109,972
3263,0,1059,957
3264,0,1067,950
3265,0,1044,949
3266,0,1049,952
3267,0,1039,950
3268,0,1042,949
3269,0,1027,955
3270,0,1036,952
3271,0,1019,946
3272,0,1004,959
3273,0,1009,946
3274,0,1011,934
3275,0,994,949
3276,0,994,946
3277,0,991,938
3278,0,976,939
3279,0,975,942
3280,0,986,933
3281,0,987,932
3282,0,972,930
3283,0,962,936
3284,0,973,934
3285,0,971,941
3286,0,976,932
3287,0,979,943
3288,0,969,942
3289,0,975,939
3290,0,972,944
3291,0,971,941
3292,0,983,943
3293,0,982,933
3294,0,984,943
3295,0,976,939
3296,0,976,938
3297,0,980,945
3298,0,983,951
3299,0,974,955
3300,0,1001,957
3301,0,1013,978
3302,0,981,951
3303,0,979,950
3304,0,976,941
3305,0,971,957
3306,0,981,945
3307,0,974,943
3308,0,970,947
3309,0,975,936
3310,0,977,940
3311,0,965,939
3312,0,971,945
3313,0,965,948
3314,0,964,944
3315,0,967,939
3316,0,958,946
3317,0,969,937
3318,0,967,938
3319,0,973,937
3320,0,968,937
3321,0,961,947
3322,0,968,949
3323,0,971,946
3324,0,972,943
3325,0,979,938
3326,0,963,941
3327,0,971,935
3328,0,974,936
3329,0,966,939
3330,0,972,940
3331,0,972,941
3332,0,977,939
3333,0,982,941
3334,0,971,940
3335,0,973,944
3336,0,983,948
3337,0,981,940
3338,0,979,940
3339,0,971,943
3340,0,978,951
3341,0,974,938
3342,0,980,946
3343,0,984,939
3344,0,982,915
3345,0,984,936
3346,0,980,943
3347,0,973,950
3348,0,972,949
3349,0,964,940
3350,0,970,945
3351,0,970,945
3352,0,972,948
3353,0,971,948
3354,0,971,942
3355,0,969,943
3356,0,973,939
3357,0,980,935
3358,0,963,946
3359,0,966,943
3360,0,956,950
3361,0,969,938
3362,0,962,930
3363,0,961,937
3364,0,958,933
3365,0,972,939
3366,0,978,933
3367,0,976,943
3368,0,974,933
3369,0,979,934
3370,0,976,938
3371,0,979,938
3372,0,981,935
3373,0,981,945
3374,0,988,937
3375,0,973,939
3376,0,968,944
3377,0,975,950
3378,0,983,954
3379,0,983,941
3380,0,977,941
3381,0,969,943
3382,0,982,943
3383,0,985,940
3384,0,976,937
3385,0,977,945
3386,0,975,940
3387,0,969,948
3388,0,981,941
3389,0,985,935
3390,0,976,944
3391,0,971,949
3392,0,969,942
3393,0,967,949
3394,0,975,951
3395,0,979,948
3396,0,958,950
3397,0,966,949
3398,0,959,942
3399,0,958,943
3400,0,979,938
3401,0,975,933
3402,0,962,930
3403,0,961,933
3404,0,968,931
3405,0,970,933
3406,0,971,933
3407,0,967,939
3408,0,981,929
3409,0,979,921
3410,0,970,938
3411,0,976,941
3412,0,971,937
3413,0,975,946
3414,0,983,945
3415,0,979,949
3416,0,978,942
3417,0,981,947
3418,0,979,950
3419,0,986,943
3420,0,987,945
3421,0,998,940
3422,0,983,944
3423,0,984,939
3424,0,974,948
3425,0,979,943
3426,0,977,944
3427,0,981,946
3428,0,973,943
3429,0,973,941
3430,0,969,952
3431,0,976,951
3432,0,975,945
3433,0,972,945
3434,0,964,946
3435,0,960,948
3436,0,971,939
3437,0,979,930
3438,0,973,934
3439,0,963,936
3440,0,952,934
3441,0,957,935
3442,0,970,933
3443,0,967,931
3444,0,970,941
3445,0,974,932
3446,0,973,930
3447,0,980,929
3448,0,981,943
3449,0,972,947
3450,0,975,939
3451,0,986,940
3452,0,987,942
3453,0,990,937
3454,0,982,941
3455,0,986,943
3456,0,982,952
3457,0,987,947
3458,0,980,941
3459,0,989,949
3460,0,975,949
3461,0,978,949
3462,0,985,945
3463,0,978,945
3464,0,988,942
3465,0,979,938
3466,0,986,930
3467,0,982,943
3468,0,986,947
3469,0,979,942
3470,0,978,947
3471,0,991,944
3472,0,986,944
3473,0,981,929
3474,0,964,942
3475,0,975,940
3476,0,971,941
3477,0,983,924
3478,0,971,941
3479,0,956,946
3480,0,966,942
3481,0,969,940
3482,0,961,946
3483,0,968,938
3484,0,974,938
3485,0,972,934
3486,0,978,942
3487,0,972,939
3488,0,974,942
3489,0,980,937
3490,0,971,939
3491,0,976,939
3492,0,968,943
3493,0,989,940
3494,0,987,948
3495,0,976,949
3496,0,979,951
3497,0,980,950
3498,0,984,952
3499,0,979,949
3500,0,986,945
3501,0,983,944
3502,0,982,944
3503,0,978,947
3504,0,975,950
3505,0,976,953
3506,0,987,950
3507,0,983,943
3508,0,976,955
3509,0,978,946
3510,0,988,943
3511,0,986,948
3512,0,975,945
3513,0,977,936
3514,0,967,944
3515,0,968,944
3516,0,967,942
3517,0,985,939
3518,0,971,942
3519,0,962,941
3520,0,972,945
3521,0,965,940
3522,0,960,947
3523,0,975,939
3524,0,970,937
3525,0,973,934
3526,0,973,941
3527,0,975,947
3528,0,984,934
3529,0,988,930
3530,0,985,943
3531,0,983,936
3532,0,999,929
3533,0,994,936
3534,0,981,939
3535,0,988,949
3536,0,993,934
3537,0,998,938
3538,0,980,951
3539,0,981,955
3540,0,980,946
3541,0,987,949
3542,0,977,975
3543,0,972,1011
3544,0,982,1067
3545,0,978,1128
3546,0,971,1171
3547,0,985,1177
3548,0,992,1156
3549,0,984,1138
3550,0,989,1126
3551,0,986,1107
3552,0,975,1080
3553,0,960,1056
3554,0,968,1053
3555,0,976,1053
3556,0,967,1049
3557,0,975,1018
3558,0,971,1018
3559,0,974,1004
3560,0,985,1001
3561,0,995,982
3562,0,1031,999
3563,0,1091,991
3564,0,1170,966
3565,0,1223,973
3566,0,1224,967
3567,0,1162,960
3568,0,1178,967
3569,0,1122,983
3570,0,1151,952
3571,0,1108,952
3572,0,1088,961
3573,0,1084,957
3574,0,1101,951
3575,0,1078,952
3576,0,1057,955
3577,0,1036,963
3578,0,1039,949
3579,0,1043,948
3580,0,1044,950
3581,0,1024,952
3582,0,1008,950
3583,0,1003,948
3584,0,1018,942
3585,0,1015,958
3586,0,996,952
3587,0,1002,953
3588,0,996,948
3589,0,992,947
3590,0,984,946
3591,0,965,949
3592,0,990,944
3593,0,987,951
3594,0,985,944
3595,0,987,941
3596,0,969,937
3597,0,974,937
3598,0,972,935
3599,0,969,939
3600,0,970,948
3601,0,965,936
3602,0,958,939
3603,0,969,939
3604,0,964,933
3605,0,970,941
3606,0,965,944
3607,0,973,939
3608,0,980,938
3609,0,967,942
3610,0,979,937
3611,0,984,933
3612,0,983,935
3613,0,979,938
3614,0,980,945
3615,0,972,943
3616,0,967,944
3617,0,976,944
3618,0,975,938
3619,0,970,944
3620,0,981,942
3621,0,983,935
3622,0,976,945
3623,0,979,944
3624,0,976,945
3625,0,971,949
3626,0,973,941
3627,0,973,941
3628,0,978,954
3629,0,979,942
3630,0,972,937
3631,0,967,949
3632,0,978,945
3633,0,974,943
3634,0,972,941
3635,0,963,939
3636,0,964,939
3637,0,959,935
3638,0,968,933
3639,0,963,928
3640,0,973,929
3641,0,961,934
3642,0,962,939
3643,0,965,933
3644,0,971,932
3645,0,958,934
3646,0,968,930
3647,0,971,941
3648,0,975,936
3649,0,970,926
3650,0,977,937
3651,0,978,932
3652,0,986,936
3653,0,980,938
3654,0,973,943
3655,0,974,949
3656,0,991,938
3657,0,982,937
3658,0,983,945
3659,0,983,946
3660,0,980,940
3661,0,982,945
3662,0,978,953
3663,0,979,943
3664,0,971,939
3665,0,969,944
3666,0,977,947
3667,0,984,943
3668,0,981,938
3669,0,975,946
3670,0,978,940
3671,0,971,947
3672,0,964,943
3673,0,961,944
3674,0,963,942
3675,0,967,939
3676,0,968,934
3677,0,967,944
3678,0,967,941
3679,0,963,943
3680,0,968,942
3681,0,960,934
3682,0,963,930
3683,0,962,924
3684,0,975,931
3685,0,986,937
3686,0,983,934
3687,0,973,944
3688,0,973,946
3689,0,975,936
3690,0,974,945
3691,0,983,945
3692,0,984,945
3693,0,984,932
3694,0,985,939
3695,0,973,942
3696,0,967,951
3697,0,976,947
3698,0,982,948
3699,0,977,946
3700,0,974,954
3701,0,986,951
3702,0,985,945
3703,0,973,938
3704,0,979,947
3705,0,973,935
3706,0,969,936
3707,0,978,941
3708,0,991,940
3709,0,975,945
3710,0,969,948
3711,0,970,942
3712,0,971,948
3713,0,969,945
3714,0,976,944
3715,0,968,943
3716,0,959,942
3717,0,966,943
3718,0,971,947
3719,0,970,941
3720,0,964,935
3721,0,968,933
3722,0,959,930
3723,0,973,934
3724,0,976,941
3725,0,969,939
3726,0,981,934
3727,0,986,929
3728,0,991,928
3729,0,973,934
3730,0,977,940
3731,0,990,935
3732,0,983,933
3733,0,981,940
3734,0,982,945
3735,0,983,942
3736,0,984,942
3737,0,974,948
3738,0,983,950
3739,0,990,943
3740,0,981,944
3741,0,980,948
3742,0,978,947
3743,0,981,952
3744,0,983,949
3745,0,981,946
3746,0,983,954
3747,0,978,946
3748,0,979,939
3749,0,979,947
3750,0,983,940
3751,0,973,940
3752,0,967,945
3753,0,971,943
3754,0,974,942
3755,0,971,951
3756,0,990,937
3757,0,975,939
3758,0,972,942
3759,0,963,936
3760,0,967,939
3761,0,974,929
3762,0,971,937
3763,0,966,931
3764,0,972,942
3765,0,983,943
3766,0,981,935
3767,0,974,930
3768,0,984,935
3769,0,974,937
3770,0,977,933
3771,0,993,936
3772,0,992,939
3773,0,975,942
3774,0,986,938
3775,0,991,939
3776,0,983,956
3777,0,993,947
3778,0,983,945
3779,0,975,948
3780,0,979,944
3781,0,990,949
3782,0,986,952
3783,0,989,949
3784,0,986,939
3785,0,985,942
3786,0,976,941
3787,0,986,939
3788,0,989,944
3789,0,979,947
3790,0,989,945
3791,0,996,944
3792,0,975,937
3793,0,967,945
3794,0,975,955
3795,0,971,943
3796,0,979,937
3797,0,971,931
3798,0,970,931
3799,0,963,939
3800,0,963,943
3801,0,962,942
3802,0,969,934
3803,0,977,934
3804,0,975,938
3805,0,987,936
3806,0,980,942
3807,0,968,943
3808,0,983,937
3809,0,981,936
3810,0,982,942
3811,0,1038,980
3812,0,988,965
3813,0,986,957
3814,0,985,940
3815,0,976,944
3816,0,984,948
3817,0,986,954
3818,0,979,946
3819,0,984,938
3820,0,987,944
3821,0,988,940
3822,0,975,948
3823,0,979,948
3824,0,976,943
3825,0,978,946
3826,0,987,941
3827,0,980,944
3828,0,976,945
3829,0,987,943
3830,0,988,938
3831,0,980,942
3832,0,983,940
3833,0,983,941
3834,0,967,948
3835,0,965,938
3836,0,968,940
3837,0,957,940
3838,0,959,939
3839,0,970,941
3840,0,965,947
3841,0,956,943
3842,0,978,939
3843,0,970,941
3844,0,964,942
3845,0,969,948
3846,0,971,941
3847,0,996,929
3848,0,984,920
3849,0,985,931
3850,0,986,935
3851,0,987,953
3852,0,983,987
3853,0,985,1023
3854,0,991,1089
3855,0,989,1142
3856,0,995,1195
3857,0,978,1193
3858,0,985,1128
3859,0,985,1135
3860,0,983,1111
3861,0,972,1095
3862,0,979,1093
3863,0,977,1077
3864,0,979,1067
3865,0,981,1038
3866,0,985,1022
3867,0,989,1008
3868,0,980,1011
3869,0,982,995
3870,0,1010,1003
3871,0,1031,1001
3872,0,1099,999
3873,0,1134,976
3874,0,1203,963
3875,0,1204,986
3876,0,1163,961
3877,0,1158,971
3878,0,1140,959
3879,0,1123,956
3880,0,1090,956
3881,0,1089,959
3882,0,1080,948
3883,0,1079,949
3884,0,1057,931
3885,0,1065,951
3886,0,1020,951
3887,0,1035,945
3888,0,1039,946
3889,0,1029,939
3890,0,1023,941
3891,0,1019,946
3892,0,1011,948
3893,0,1023,947
3894,0,1002,940
3895,0,1005,950
3896,0,1012,945
3897,0,1001,952
3898,0,1005,947
3899,0,990,945
3900,0,978,940
3901,0,975,948
3902,0,982,953
3903,0,991,950
3904,0,978,948
3905,0,990,945
3906,0,983,947
3907,0,972,944
3908,0,981,943
3909,0,973,941
3910,0,968,943
3911,0,971,945
3912,0,976,946
3913,0,979,945
3914,0,979,946
3915,0,975,934
3916,0,963,935
3917,0,962,941
3918,0,968,937
3919,0,973,941
3920,0,967,940
3921,0,955,937
3922,0,962,933
3923,0,966,936
3924,0,971,945
3925,0,956,933
3926,0,967,931
3927,0,969,937
3928,0,966,937
3929,0,973,939
3930,0,983,933
3931,0,981,933
3932,0,979,941
3933,0,980,938
3934,0,977,950
3935,0,983,955
3936,0,976,944
3937,0,972,948
3938,0,974,943
3939,0,977,943
3940,0,979,951
3941,0,990,946
3942,0,979,941
3943,0,971,944
3944,0,968,951
3945,0,967,949
3946,0,976,948
3947,0,974,943
3948,0,984,945
3949,0,977,944
3950,0,961,945
3951,0,966,944
3952,0,974,947
3953,0,974,938
3954,0,960,939
3955,0,954,935
3956,0,961,931
3957,0,965,935
3958,0,969,937
3959,0,968,934
3960,0,959,935
3961,0,961,939
3962,0,974,931
3963,0,976,926
3964,0,966,940
3965,0,969,943
3966,0,973,935
3967,0,973,938
3968,0,971,942
3969,0,984,938
3970,0,983,939
3971,0,978,942
3972,0,973,943
3973,0,975,941
3974,0,983,939
3975,0,979,943
3976,0,979,941
3977,0,977,945
3978,0,986,942
3979,0,976,944
3980,0,986,938
3981,0,977,943
3982,0,983,938
3983,0,978,943
3984,0,973,951
3985,0,971,942
3986,0,978,944
3987,0,982,940
3988,0,981,940
3989,0,967,940
3990,0,977,938
3991,0,974,943
3992,0,973,940
3993,0,966,941
3994,0,974,938
3995,0,969,933
3996,0,968,936
3997,0,965,935
3998,0,960,941
3999,0,966,944
4000,0,959,941
4001,0,959,951
4002,0,961,951
4003,0,979,943
4004,0,971,941
4005,0,981,949
4006,0,979,937
4007,0,969,940
4008,0,981,930
4009,0,981,932
4010,0,979,938
4011,0,986,944
4012,0,995,942
4013,0,986,939
4014,0,977,944
4015,0,978,947
4016,0,978,942
4017,0,982,939
4018,0,977,945
4019,0,977,944
4020,0,986,953
4021,0,983,939
4022,0,981,947
4023,0,989,943
4024,0,979,940
4025,0,978,946
4026,0,985,947
4027,0,982,939
4028,0,978,944
4029,0,981,960
4030,0,975,948
4031,0,968,938
4032,0,968,944
4033,0,967,942
4034,0,964,937
4035,0,960,943
4036,0,968,946
4037,0,957,943
4038,0,969,940
4039,0,980,934
4040,0,965,939
4041,0,973,932
4042,0,973,928
4043,0,973,934
4044,0,974,935
4045,0,975,936
4046,0,978,932
4047,0,977,934
4048,0,976,948
4049,0,987,942
4050,0,982,943
4051,0,988,935
4052,0,986,939
4053,0,982,943
4054,0,988,940
4055,0,973,950
4056,0,980,948
4057,0,994,944
4058,0,987,946
4059,0,981,944
4060,0,985,937
4061,0,994,951
4062,0,978,954
4063,0,991,953
4064,0,982,947
4065,0,993,953
4066,0,981,955
4067,0,984,944
4068,0,980,953
4069,0,977,942
4070,0,972,950
4071,0,973,945
4072,0,973,950
4073,0,974,938
4074,0,978,953
4075,0,969,936
4076,0,972,937
4077,0,954,947
4078,0,967,942
4079,0,960,941
4080,0,969,935
4081,0,964,935
4082,0,972,941
4083,0,979,947
4084,0,982,935
4085,0,988,931
4086,0,979,938
4087,0,981,945
4088,0,979,938
4089,0,985,942
4090,0,985,936
4091,0,987,933
4092,0,979,940
4093,0,981,945
4094,0,988,945
4095,0,987,946
4096,0,985,951
4097,0,990,946
4098,0,980,950
4099,0,982,942
4100,0,977,947
4101,0,980,948
4102,0,983,949
4103,0,987,940
4104,0,992,937
4105,0,979,939
4106,0,987,943
4107,0,980,940
4108,0,982,947
4109,0,980,947
4110,0,982,943
4111,0,982,939
4112,0,969,944
4113,0,967,941
4114,0,981,939
4115,0,979,941
4116,0,974,940
4117,0,970,940
4118,0,970,944
4119,0,966,940
4120,0,967,937
4121,0,972,932
4122,0,972,928
4123,0,976,938
4124,0,981,934
4125,0,977,944
4126,0,970,951
4127,0,991,931
4128,0,985,944
4129,0,985,936
4130,0,979,943
4131,0,991,935
4132,0,966,941
4133,0,988,939
4134,0,979,951
4135,0,978,949
4136,0,990,951
4137,0,987,952
4138,0,988,954
4139,0,995,944
4140,0,996,939
4141,0,972,953
4142,0,977,950
4143,0,987,952
4144,0,985,939
4145,0,975,944
4146,0,982,947
4147,0,985,956
4148,0,985,939
4149,0,990,951
4150,0,977,945
4151,0,980,949
4152,0,977,951
4153,0,970,940
4154,0,978,938
4155,0,973,943
4156,0,970,939
4157,0,971,945
4158,0,971,940
4159,0,966,943
4160,0,953,943
4161,0,974,946
4162,0,973,975
4163,0,975,1015
4164,0,977,1083
4165,0,970,1126
4166,0,983,1160
4167,0,989,1167
4168,0,978,1157
4169,0,984,1127
4170,0,990,1100
4171,0,987,1076
4172,0,986,1065
4173,0,987,1070
4174,0,994,1057
4175,0,984,1049
4176,0,974,1044
4177,0,991,1022
4178,0,984,1009
4179,0,994,1009
4180,0,999,984
4181,0,1035,998
4182,0,1078,1006
4183,0,1135,980
4184,0,1211,997
4185,0,1231,981
4186,0,1210,978
4187,0,1175,976
4188,0,1173,971
4189,0,1149,967
4190,0,1117,978
4191,0,1103,964
4192,0,1080,957
4193,0,1081,963
4194,0,1048,963
4195,0,1042,957
4196,0,1054,949
4197,0,1032,953
4198,0,1016,964
4199,0,1030,946
4200,0,1007,945
4201,0,1010,940
4202,0,1013,937
4203,0,1011,938
4204,0,1000,937
4205,0,999,951
4206,0,998,940
4207,0,991,943
4208,0,995,945
4209,0,992,947
4210,0,980,947
4211,0,983,942
4212,0,984,947
4213,0,997,943
4214,0,980,951
4215,0,992,945
4216,0,983,949
4217,0,971,954
4218,0,980,945
4219,0,977,949
4220,0,963,961
4221,0,976,951
4222,0,984,948
4223,0,975,953
4224,0,981,953
4225,0,977,948
4226,0,975,950
4227,0,980,936
4228,0,970,944
4229,0,964,953
4230,0,991,951
4231,0,976,944
4232,0,960,943
4233,0,964,948
4234,0,970,938
4235,0,957,932
4236,0,963,936
4237,0,969,927
4238,0,970,922
4239,0,952,933
4240,0,956,943
4241,0,966,935
4242,0,967,937
4243,0,971,939
4244,0,961,933
4245,0,964,942
4246,0,969,940
4247,0,971,941
4248,0,971,944
4249,0,983,942
4250,0,971,941
4251,0,974,944
4252,0,973,952
4253,0,966,952
4254,0,974,954
4255,0,971,949
4256,0,973,953
4257,0,981,955
4258,0,980,951
4259,0,977,948
4260,0,983,940
4261,0,989,951
4262,0,966,942
4263,0,972,952
4264,0,977,950
4265,0,970,946
4266,0,979,937
4267,0,995,942
4268,0,965,942
4269,0,962,950
4270,0,966,944
4271,0,967,941
4272,0,969,936
4273,0,960,941
4274,0,977,938
4275,0,965,936
4276,0,959,937
4277,0,966,935
4278,0,963,941
4279,0,959,933
4280,0,969,940
4281,0,967,939
4282,0,975,935
4283,0,967,938
4284,0,963,942
4285,0,975,944
4286,0,973,938
4287,0,974,942
4288,0,979,937
4289,0,979,943
4290,0,971,941
4291,0,975,944
4292,0,979,943
4293,0,977,940
4294,0,982,937
4295,0,987,943
4296,0,982,942
4297,0,992,940
4298,0,986,945
4299,0,982,937
4300,0,979,938
4301,0,988,938
4302,0,978,947
4303,0,983,947
4304,0,980,942
4305,0,977,943
4306,0,984,943
4307,0,969,953
4308,0,971,946
4309,0,969,947
4310,0,962,950
4311,0,967,949
4312,0,961,948
4313,0,964,935
4314,0,966,939
4315,0,969,934
4316,0,963,934
4317,0,953,940
4318,0,974,939
4319,0,960,939
4320,0,963,936
4321,0,995,965
4322,0,990,961
4323,0,969,946
4324,0,971,937
4325,0,962,935
4326,0,970,945
4327,0,968,943
4328,0,976,944
4329,0,983,939
4330,0,982,933
4331,0,987,935
4332,0,978,947
4333,0,983,954
4334,0,972,944
4335,0,983,948
4336,0,971,955
4337,0,983,946
4338,0,979,941
4339,0,987,936
4340,0,993,938
4341,0,974,941
4342,0,975,947
4343,0,973,955
4344,0,976,946
4345,0,980,946
4346,0,994,940
4347,0,965,945
4348,0,968,947
4349,0,974,941
4350,0,976,943
4351,0,956,940
4352,0,978,940
4353,0,976,940
4354,0,962,945
4355,0,968,939
4356,0,966,944
4357,0,967,937
4358,0,965,935
4359,0,974,923
4360,0,966,937
4361,0,971,933
4362,0,983,932
4363,0,973,933
4364,0,981,931
4365,0,988,933
4366,0,990,930
4367,0,980,943
4368,0,978,938
4369,0,978,943
4370,0,979,946
4371,0,979,948
4372,0,984,954
4373,0,985,951
4374,0,974,945
4375,0,969,960
4376,0,994,942
4377,0,999,937
4378,0,977,945
4379,0,973,952
4380,0,977,952
4381,0,978,959
4382,0,984,945
4383,0,987,950
4384,0,978,940
4385,0,981,944
4386,0,984,944
4387,0,976,33714
4388,0,994,953
4389,0,1004,943
4390,0,1000,948
4391,0,1004,942
4392,0,986,946
4393,0,987,941
4394,0,986,950
4395,0,983,949
4396,0,990,946
4397,0,977,943
4398,0,966,951
4399,0,973,936
4400,0,970,934
4401,0,959,940
4402,0,964,938
4403,0,968,937
4404,0,967,929
4405,0,960,920
4406,0,965,948
4407,0,960,939
4408,0,960,936
4409,0,979,939
4410,0,968,932
4411,0,964,935
4412,0,974,939
4413,0,967,947
4414,0,977,931
4415,0,979,936
4416,0,982,934
4417,0,976,937
4418,0,987,937
4419,0,977,941
4420,0,971,939
4421,0,977,949
4422,0,974,950
4423,0,975,947
4424,0,971,942
4425,0,971,939
4426,0,980,942
4427,0,971,947
4428,0,961,935
4429,0,970,947
4430,0,975,946
4431,0,979,942
4432,0,971,951
4433,0,985,946
4434,0,979,944
4435,0,971,950
4436,0,964,945
4437,0,964,945
4438,0,970,945
4439,0,963,943
4440,0,960,943
4441,0,968,937
4442,0,969,935
4443,0,960,935
4444,0,965,938
4445,0,965,933
4446,0,967,935
4447,0,970,927
4448,0,977,926
4449,0,972,935
4450,0,965,941
4451,0,979,948
4452,0,976,936
4453,0,975,942
4454,0,978,945
4455,0,978,938
4456,0,975,935
4457,0,977,941
4458,0,978,944
4459,0,980,940
4460,0,981,945
4461,0,980,939
4462,0,981,948
4463,0,985,947
4464,0,975,943
4465,0,986,946
4466,0,977,944
4467,0,980,947
4468,0,981,946
4469,0,979,951
4470,0,971,950
4471,0,969,950
4472,0,974,944
4473,0,970,947
4474,0,970,947
4475,0,969,948
4476,0,963,952
4477,0,959,948
4478,0,973,943
4479,0,976,942
4480,0,960,935
4481,0,970,934
4482,0,966,931
4483,0,950,943
4484,0,969,936
4485,0,962,939
4486,0,969,945
4487,0,966,938
4488,0,977,935
4489,0,971,935
4490,0,981,936
4491,0,977,934
4492,0,970,931
4493,0,963,945
4494,0,979,941
4495,0,983,933
4496,0,983,937
4497,0,979,944
4498,0,968,951
4499,0,978,942
4500,0,977,955
4501,0,985,954
4502,0,982,943
4503,0,978,944
4504,0,984,950
4505,0,973,947
4506,0,983,947
4507,0,980,949
4508,0,983,943
4509,0,990,946
4510,0,974,946
4511,0,980,941
4512,0,985,942
4513,0,963,940
4514,0,971,949
4515,0,979,944
4516,0,968,948
4517,0,967,945
4518,0,971,940
4519,0,966,945
4520,0,960,943
4521,0,956,937
4522,0,964,939
4523,0,971,939
4524,0,971,937
4525,0,969,935
4526,0,963,937
4527,0,973,928
4528,0,980,934
4529,0,975,939
4530,0,968,932
4531,0,985,928
4532,0,989,925
4533,0,971,936
4534,0,986,930
4535,0,975,937
4536,0,982,934
4537,0,980,941
4538,0,980,941
4539,0,977,950
4540,0,970,948
4541,0,980,949
4542,0,987,951
4543,0,987,939
4544,0,974,949
4545,0,975,949
4546,0,988,949
4547,0,979,949
4548,0,987,947
4549,0,976,955
4550,0,982,949
4551,0,975,949
4552,0,983,946
4553,0,969,945
4554,0,978,953
4555,0,971,948
4556,0,965,948
4557,0,975,953
4558,0,965,948
4559,0,965,952
4560,0,971,941
4561,0,963,945
4562,0,957,943
4563,0,964,935
4564,0,965,941
4565,0,976,937
4566,0,971,941
4567,0,964,941
4568,0,974,946
4569,0,984,939
4570,0,984,940
4571,0,971,935
4572,0,978,935
4573,0,979,932
4574,0,974,940
4575,0,982,937
4576,0,985,939
4577,0,970,948
4578,0,978,947
4579,0,981,945
4580,0,977,945
4581,0,982,951
4582,0,980,944
4583,0,976,946
4584,0,978,953
4585,0,982,943
4586,0,984,953
4587,0,977,944
4588,0,978,942
4589,0,989,955
4590,0,987,943
4591,0,985,941
4592,0,983,941
4593,0,985,946
4594,0,988,949
4595,0,984,933
4596,0,980,944
4597,0,963,950
4598,0,972,941
4599,0,970,949
4600,0,970,940
4601,0,966,946
4602,0,968,940
4603,0,964,942
4604,0,966,947
4605,0,961,953
4606,0,973,939
4607,0,986,947
4608,0,980,936
4609,0,987,937
4610,0,973,939
4611,0,981,944
4612,0,984,941
4613,0,971,934
4614,0,977,935
4615,0,980,943
4616,0,981,937
4617,0,980,944
4618,0,984,940
4619,0,981,948
4620,0,978,949
4621,0,985,946
4622,0,985,947
4623,0,984,944
4624,0,985,942
4625,0,975,942
4626,0,973,954
4627,0,981,932
4628,0,977,951
4629,0,980,939
4630,0,978,948
4631,0,985,952
4632,0,974,952
4633,0,987,940
4634,0,985,944
4635,0,977,947
4636,0,977,946
4637,0,979,946
4638,0,975,949
4639,0,971,938
4640,0,987,943
4641,0,971,952
4642,0,957,944
4643,0,983,941
4644,0,965,942
4645,0,961,944
4646,0,969,944
4647,0,986,942
4648,0,977,938
4649,0,982,945
4650,0,981,941
4651,0,977,935
4652,0,980,971
4653,0,991,956
4654,0,983,983
4655,0,988,1035
4656,0,989,1081
4657,0,992,1144
4658,0,976,1199
4659,0,997,1172
4660,0,987,1154
4661,0,974,1128
4662,0,980,1116
4663,0,983,1107
4664,0,990,1074
4665,0,979,1083
4666,0,987,1065
4667,0,982,1037
4668,0,987,1047
4669,0,976,1016
4670,0,981,1011
4671,0,991,996
4672,0,1013,1016
4673,0,1027,997
4674,0,1071,984
4675,0,1127,992
4676,0,1199,987
4677,0,1215,977
4678,0,1215,970
4679,0,1235,1009
4680,0,1152,987
4681,0,1131,961
4682,0,1123,954
4683,0,1113,956
4684,0,1089,971
4685,0,1062,963
4686,0,1044,950
4687,0,1061,958
4688,0,1057,937
4689,0,1036,939
4690,0,1039,944
4691,0,1039,949
4692,0,1011,950
4693,0,1026,948
4694,0,1008,933
4695,0,1012,946
4696,0,1025,944
4697,0,1000,942
4698,0,1008,945
4699,0,1013,940
4700,0,992,940
4701,0,977,951
4702,0,976,949
4703,0,988,951
4704,0,995,953
4705,0,976,952
4706,0,976,953
4707,0,981,945
4708,0,976,947
4709,0,979,954
4710,0,978,945
4711,0,976,949
4712,0,982,946
4713,0,978,949
4714,0,977,948
4715,0,984,938
4716,0,976,937
4717,0,975,934
4718,0,968,936
4719,0,968,936
4720,0,975,933
4721,0,967,935
4722,0,961,935
4723,0,962,935
4724,0,971,941
4725,0,963,940
4726,0,964,939
4727,0,964,936
4728,0,971,930
4729,0,967,935
4730,0,969,936
4731,0,969,935
4732,0,974,942
4733,0,975,941
4734,0,987,942
4735,0,979,931
4736,0,972,937
4737,0,985,936
4738,0,980,944
4739,0,972,951
4740,0,979,946
4741,0,973,944
4742,0,972,942
4743,0,973,948
4744,0,981,948
4745,0,980,951
4746,0,972,944
4747,0,972,948
4748,0,970,946
4749,0,977,944
4750,0,975,943
4751,0,975,942
4752,0,980,946
4753,0,969,943
4754,0,973,950
4755,0,967,944
4756,0,971,947
4757,0,971,935
4758,0,964,939
4759,0,958,942
4760,0,967,938
4761,0,965,937
4762,0,975,928
4763,0,963,932
4764,0,967,936
4765,0,969,940
4766,0,973,936
4767,0,968,937
4768,0,969,933
4769,0,966,937
4770,0,976,934
4771,0,971,934
4772,0,979,933
4773,0,984,935
4774,0,982,940
4775,0,976,945
4776,0,975,938
4777,0,975,948
4778,0,988,944
4779,0,991,940
4780,0,987,939
4781,0,985,939
4782,0,988,941
4783,0,991,949
4784,0,981,942
4785,0,986,943
4786,0,985,945
4787,0,980,940
4788,0,970,945
4789,0,976,943
4790,0,981,952
4791,0,979,949
4792,0,980,946
4793,0,982,955
4794,0,975,947
4795,0,971,953
4796,0,968,954
4797,0,967,937
4798,0,980,940
4799,0,968,942
4800,0,965,941
4801,0,964,937
4802,0,959,947
4803,0,965,940
4804,0,968,935
4805,0,973,943
4806,0,968,919
4807,0,977,937
4808,0,970,931
4809,0,973,939
4810,0,975,939
4811,0,974,941
4812,0,979,945
4813,0,977,941
4814,0,977,930
4815,0,973,933
4816,0,978,935
4817,0,980,941
4818,0,977,942
4819,0,985,944
4820,0,984,943
4821,0,968,944
4822,0,977,957
4823,0,978,949
4824,0,987,946
4825,0,988,946
4826,0,982,940
4827,0,980,941
4828,0,979,949
4829,0,977,948
4830,0,979,942
4831,0,992,947
4832,0,975,947
4833,0,972,947
4834,0,973,947
4835,0,970,947
4836,0,966,940
4837,0,968,942
4838,0,967,935
4839,0,966,948
4840,0,958,940
4841,0,961,935
4842,0,974,935
4843,0,969,932
4844,0,970,934
4845,0,969,936
4846,0,969,933
4847,0,976,927
4848,0,967,935
4849,0,973,930
4850,0,981,929
4851,0,983,931
4852,0,969,942
4853,0,985,953
4854,0,982,942
4855,0,987,948
4856,0,985,941
4857,0,980,941
4858,0,975,945
4859,0,981,943
4860,0,983,945
4861,0,990,944
4862,0,981,934
4863,0,980,939
4864,0,989,942
4865,0,979,948
4866,0,977,951
4867,0,972,948
4868,0,980,951
4869,0,990,947
4870,0,977,944
4871,0,980,942
4872,0,978,946
4873,0,982,937
4874,0,977,947
4875,0,975,954
4876,0,969,945
4877,0,976,941
4878,0,972,935
4879,0,977,930
4880,0,976,937
4881,0,963,937
4882,0,962,945
4883,0,969,929
4884,0,966,932
4885,0,966,933
4886,0,966,939
4887,0,973,941
4888,0,973,933
4889,0,977,932
4890,0,974,934
4891,0,982,940
4892,0,983,937
4893,0,981,937
4894,0,985,945
4895,0,984,938
4896,0,983,951
4897,0,979,945
4898,0,981,947
4899,0,981,943
4900,0,981,944
4901,0,982,944
4902,0,976,945
4903,0,983,948
4904,0,983,949
4905,0,982,951
4906,0,989,950
4907,0,984,942
4908,0,989,947
4909,0,989,945
4910,0,983,936
4911,0,989,937
4912,0,978,948
4913,0,981,944
4914,0,979,940
4915,0,976,931
4916,0,965,950
4917,0,966,946
4918,0,967,936
4919,0,979,938
4920,0,978,945
4921,0,962,940
4922,0,962,937
4923,0,966,941
4924,0,973,939
4925,0,970,935
4926,0,983,938
4927,0,970,931
4928,0,976,928
4929,0,977,935
4930,0,987,941
4931,0,977,934
4932,0,987,937
4933,0,978,937
4934,0,979,939
4935,0,992,942
4936,0,995,940
4937,0,983,938
4938,0,980,945
4939,0,982,942
4940,0,974,948
4941,0,980,945
4942,0,983,941
4943,0,980,945
4944,0,984,937
4945,0,967,945
4946,0,975,955
4947,0,987,946
4948,0,991,945
4949,0,980,943
4950,0,973,951
4951,0,974,954
4952,0,991,939
4953,0,993,935
4954,0,987,942
4955,0,985,940
4956,0,980,943
4957,0,977,943
4958,0,975,937
4959,0,974,929
4960,0,961,941
4961,0,967,941
4962,0,973,936
4963,0,965,943
4964,0,973,937
4965,0,975,943
4966,0,973,937
4967,0,978,935
4968,0,976,935
4969,0,970,967
4970,0,979,1091
4971,0,983,1036
4972,0,980,1105
4973,0,977,1158
4974,0,987,1175
4975,0,983,1156
4976,0,975,1134
4977,0,992,1113
4978,0,990,1096
4979,0,981,1088
4980,0,975,1072
4981,0,991,1060
4982,0,976,1051
4983,0,990,1037
4984,0,976,1032
4985,0,977,1024
4986,0,974,1000
4987,0,995,1023
4988,0,1007,1015
4989,0,1048,1000
4990,0,1103,985
4991,0,1139,986
4992,0,1190,977
4993,0,1203,989
4994,0,1168,970
4995,0,1183,963
4996,0,1130,979
4997,0,1104,960
4998,0,1099,965
4999,0,1101,957
5000,0,1078,956
5001,0,1071,950
5002,0,1048,954
5003,0,1047,956
5004,0,1017,953
5005,0,1038,959
5006,0,1043,938
5007,0,1030,935
5008,0,1023,935
5009,0,1010,947
5010,0,1014,948
5011,0,986,949
5012,0,993,936
5013,0,1007,943
5014,0,1010,948
5015,0,1009,941
5016,0,1019,932
5017,0,1003,942
5018,0,1005,943
5019,0,987,945
5020,0,987,946
5021,0,993,947
5022,0,1006,943
5023,0,982,950
5024,0,981,946
5025,0,981,950
5026,0,985,948
5027,0,982,953
5028,0,982,946
5029,0,967,943
5030,0,973,952
5031,0,971,951
5032,0,973,947
5033,0,971,947
5034,0,979,941
5035,0,971,936
5036,0,963,936
5037,0,964,944
5038,0,964,940
5039,0,967,937
5040,0,965,942
5041,0,967,934
5042,0,967,932
5043,0,957,932
5044,0,955,932
5045,0,968,935
5046,0,977,938
5047,0,966,938
5048,0,968,951
5049,0,967,945
5050,0,976,949
5051,0,977,942
5052,0,977,940
5053,0,986,938
5054,0,983,936
5055,0,977,943
5056,0,983,948
5057,0,983,945
5058,0,981,949
5059,0,983,946
5060,0,978,947
5061,0,975,948
5062,0,977,953
5063,0,980,952
5064,0,981,941
5065,0,971,942
5066,0,977,948
5067,0,971,954
5068,0,974,949
5069,0,973,947
5070,0,982,943
5071,0,985,946
5072,0,966,938
5073,0,965,951
5074,0,969,948
5075,0,973,947
5076,0,970,938
5077,0,967,952
5078,0,956,946
5079,0,967,943
5080,0,966,939
5081,0,960,938
5082,0,969,940
5083,0,967,929
5084,0,964,942
5085,0,967,943
5086,0,980,936
5087,0,974,944
5088,0,971,942
5089,0,975,939
5090,0,980,944
5091,0,983,939
5092,0,974,943
5093,0,976,937
5094,0,979,946
5095,0,975,950
5096,0,983,940
5097,0,983,945
5098,0,987,945
5099,0,978,936
5100,0,980,943
5101,0,982,950
5102,0,984,940
5103,0,976,943
5104,0,981,951
5105,0,984,940
5106,0,987,945
5107,0,973,951
5108,0,972,943
5109,0,993,949
5110,0,971,940
5111,0,975,941
5112,0,975,946
5113,0,972,941
5114,0,971,942
5115,0,960,939
5116,0,970,940
5117,0,975,941
5118,0,958,944
5119,0,969,949
5120,0,974,929
5121,0,961,939
5122,0,959,943
5123,0,963,933
5124,0,963,940
5125,0,978,935
5126,0,988,933
5127,0,983,933
5128,0,982,928
5129,0,975,932
5130,0,994,939
5131,0,979,941
5132,0,978,939
5133,0,989,948
5134,0,982,943
5135,0,983,940
5136,0,985,951
5137,0,973,947
5138,0,983,946
5139,0,988,941
5140,0,970,945
5141,0,970,943
5142,0,973,950
5143,0,986,946
5144,0,985,955
5145,0,985,947
5146,0,982,943
5147,0,982,943
5148,0,980,945
5149,0,981,944
5150,0,985,934
5151,0,979,946
5152,0,970,949
5153,0,978,945
5154,0,975,946
5155,0,965,949
5156,0,970,942
5157,0,971,946
5158,0,967,938
5159,0,963,946
5160,0,968,944
5161,0,966,939
5162,0,966,933
5163,0,981,933
5164,0,975,942
5165,0,979,938
5166,0,970,931
5167,0,977,933
5168,0,975,935
5169,0,984,940
5170,0,975,935
5171,0,977,937
5172,0,978,942
5173,0,977,945
5174,0,994,942
5175,0,987,953
5176,0,984,948
5177,0,980,941
5178,0,977,947
5179,0,974,945
5180,0,991,950
5181,0,978,943
5182,0,979,944
5183,0,985,948
5184,0,997,952
5185,0,971,949
5186,0,978,957
5187,0,985,945
5188,0,974,951
5189,0,1031,979
5190,0,998,969
5191,0,976,954
5192,0,985,943
5193,0,971,935
5194,0,969,946
5195,0,972,942
5196,0,975,940
5197,0,978,934
5198,0,973,939
5199,0,979,931
5200,0,962,937
5201,0,965,944
5202,0,960,943
5203,0,964,943
5204,0,969,935
5205,0,977,931
5206,0,967,934
5207,0,981,946
5208,0,981,933
5209,0,971,937
5210,0,983,941
5211,0,967,947
5212,0,974,942
5213,0,989,934
5214,0,986,942
5215,0,987,947
5216,0,983,945
5217,0,987,942
5218,0,988,949
5219,0,987,944
5220,0,984,945
5221,0,985,951
5222,0,982,952
5223,0,988,950
5224,0,988,948
5225,0,990,943
5226,0,985,940
5227,0,985,942
5228,0,987,946
5229,0,982,946
5230,0,987,938
5231,0,982,945
5232,0,990,942
5233,0,987,945
5234,0,985,938
5235,0,969,948
5236,0,975,939
5237,0,961,938
5238,0,971,943
5239,0,974,950
5240,0,966,951
5241,0,963,936
5242,0,973,937
5243,0,962,944
5244,0,972,942
5245,0,979,927
5246,0,971,937
5247,0,984,934
5248,0,981,940
5249,0,972,947
5250,0,987,943
5251,0,984,936
5252,0,983,951
5253,0,981,947
5254,0,986,945
5255,0,991,943
5256,0,990,937
5257,0,983,947
5258,0,980,955
5259,0,987,939
5260,0,997,942
5261,0,981,945
5262,0,992,947
5263,0,987,946
5264,0,977,950
5265,0,976,949
5266,0,976,943
5267,0,986,946
5268,0,978,955
5269,0,977,947
5270,0,984,949
5271,0,984,939
5272,0,978,958
5273,0,975,950
5274,0,975,937
5275,0,974,946
5276,0,971,952
5277,0,970,942
5278,0,980,943
5279,0,962,934
5280,0,978,943
5281,0,978,951
5282,0,962,975
5283,0,970,1018
5284,0,969,1066
5285,0,966,1143
5286,0,977,1157
5287,0,971,1168
5288,0,978,1139
5289,0,989,1115
5290,0,977,1096
5291,0,983,1080
5292,0,983,1056
5293,0,999,1047
5294,0,985,1045
5295,0,992,1036
5296,0,981,1043
5297,0,993,1045
5298,0,990,1034
5299,0,975,1025
5300,0,981,1017
5301,0,1014,993
5302,0,1039,992
5303,0,1090,1002
5304,0,1141,997
5305,0,1192,989
5306,0,1224,989
5307,0,1192,983
5308,0,1175,976
5309,0,1152,975
5310,0,1140,960
5311,0,1129,963
5312,0,1101,963
5313,0,1087,972
5314,0,1072,970
5315,0,1067,969
5316,0,1050,966
5317,0,1049,952
5318,0,1042,947
5319,0,1035,946
5320,0,1029,937
5321,0,1013,938
5322,0,1020,948
5323,0,985,956
5324,0,1008,943
5325,0,995,948
5326,0,992,934
5327,0,1005,937
5328,0,987,938
5329,0,990,940
5330,0,993,941
5331,0,995,939
5332,0,985,937
5333,0,986,940
5334,0,1005,939
5335,0,1001,936
5336,0,989,940
5337,0,981,949
5338,0,976,942
5339,0,974,953
5340,0,979,951
5341,0,984,950
5342,0,974,949
5343,0,966,952
5344,0,975,949
5345,0,972,946
5346,0,979,950
5347,0,983,949
5348,0,978,949
5349,0,961,947
5350,0,960,944
5351,0,966,946
5352,0,979,949
5353,0,977,939
5354,0,962,938
5355,0,965,938
5356,0,963,935
5357,0,963,942
5358,0,961,938
5359,0,960,937
5360,0,962,935
5361,0,960,935
5362,0,961,932
5363,0,953,946
5364,0,964,938
5365,0,956,942
5366,0,957,937
5367,0,971,945
5368,0,966,947
5369,0,974,935
5370,0,977,941
5371,0,979,934
5372,0,983,933
5373,0,979,937
5374,0,976,939
5375,0,972,938
5376,0,974,944
5377,0,973,953
5378,0,976,945
5379,0,973,954
5380,0,968,944
5381,0,972,945
5382,0,966,942
5383,0,970,944
5384,0,971,946
5385,0,972,948
5386,0,961,955
5387,0,968,954
5388,0,978,941
5389,0,973,938
5390,0,974,949
5391,0,974,946
5392,0,956,947
5393,0,961,948
5394,0,972,942
5395,0,965,938
5396,0,957,943
5397,0,970,939
5398,0,965,943
5399,0,963,934
5400,0,962,932
5401,0,962,932
5402,0,963,936
5403,0,966,935
5404,0,973,937
5405,0,973,933
5406,0,976,939
5407,0,974,936
5408,0,978,935
5409,0,978,933
5410,0,971,938
5411,0,972,935
5412,0,976,943
5413,0,971,943
5414,0,967,954
5415,0,977,944
5416,0,976,938
5417,0,975,937
5418,0,985,940
5419,0,985,940
5420,0,978,942
5421,0,977,952
5422,0,975,945
5423,0,977,950
5424,0,987,944
5425,0,989,948
5426,0,969,957
5427,0,973,945
5428,0,985,948
5429,0,976,943
5430,0,975,950
5431,0,971,951
5432,0,970,946
5433,0,974,947
5434,0,963,946
5435,0,966,942
5436,0,971,942
5437,0,959,941
5438,0,961,940
5439,0,969,933
5440,0,962,936
5441,0,967,938
5442,0,963,948
5443,0,963,944
5444,0,974,940
5445,0,975,937
5446,0,968,933
5447,0,968,938
5448,0,978,938
5449,0,976,942
5450,0,971,941
5451,0,976,941
5452,0,980,933
5453,0,985,931
5454,0,982,936
5455,0,979,938
5456,0,976,956
5457,0,974,951
5458,0,983,948
5459,0,973,941
5460,0,975,944
5461,0,969,948
5462,0,982,950
5463,0,982,939
5464,0,973,945
5465,0,991,940
5466,0,978,943
5467,0,973,947
5468,0,977,955
5469,0,982,947
5470,0,969,946
5471,0,974,944
5472,0,965,943
5473,0,967,942
5474,0,969,939
5475,0,968,943
5476,0,969,944
5477,0,962,941
5478,0,960,941
5479,0,949,947
5480,0,968,942
5481,0,971,943
5482,0,968,936
5483,0,957,951
5484,0,964,936
5485,0,971,933
5486,0,967,935
5487,0,977,937
5488,0,973,931
5489,0,978,935
5490,0,974,930
5491,0,990,937
5492,0,982,938
5493,0,989,935
5494,0,981,941
5495,0,978,943
5496,0,981,942
5497,0,975,946
5498,0,972,948
5499,0,992,943
5500,0,996,941
5501,0,985,942
5502,0,994,941
5503,0,983,944
5504,0,976,945
5505,0,975,938
5506,0,980,948
5507,0,985,950
5508,0,979,947
5509,0,980,947
5510,0,972,947
5511,0,980,945
5512,0,975,946
5513,0,971,947
5514,0,970,944
5515,0,967,945
5516,0,965,938
5517,0,967,928
5518,0,971,935
5519,0,958,941
5520,0,956,945
5521,0,967,939
5522,0,969,934
5523,0,965,935
5524,0,972,935
5525,0,975,950
5526,0,977,932
5527,0,981,923
5528,0,979,936
5529,0,978,933
5530,0,972,949
5531,0,974,948
5532,0,988,935
5533,0,991,934
5534,0,982,937
5535,0,982,939
5536,0,987,947
5537,0,981,942
5538,0,979,949
5539,0,978,952
5540,0,978,948
5541,0,973,941
5542,0,982,953
5543,0,985,956
5544,0,1000,946
5545,0,983,948
5546,0,983,948
5547,0,980,943
5548,0,986,936
5549,0,987,941
5550,0,987,946
5551,0,971,946
5552,0,976,937
5553,0,974,939
5554,0,966,943
5555,0,970,944
5556,0,982,935
5557,0,969,934
5558,0,964,932
5559,0,971,938
5560,0,978,934
5561,0,965,941
5562,0,958,950
5563,0,967,937
5564,0,973,930
5565,0,980,933
5566,0,975,933
5567,0,981,941
5568,0,981,943
5569,0,989,934
5570,0,975,934
5571,0,982,941
5572,0,982,941
5573,0,990,933
5574,0,979,938
5575,0,983,945
5576,0,982,950
5577,0,986,966
5578,0,975,950
5579,0,980,958
5580,0,989,949
5581,0,994,941
5582,0,986,936
5583,0,969,949
5584,0,980,944
5585,0,980,950
5586,0,982,941
5587,0,983,944
5588,0,979,955
5589,0,976,953
5590,0,986,942
5591,0,987,944
5592,0,973,950
5593,0,967,944
5594,0,977,947
5595,0,977,946
5596,0,978,950
5597,0,982,967
5598,0,968,1015
5599,0,951,1077
5600,0,964,1159
5601,0,963,1162
5602,0,960,1179
5603,0,970,1149
5604,0,973,1120
5605,0,978,1111
5606,0,973,1058
5607,0,973,1087
5608,0,980,1054
5609,0,981,1049
5610,0,988,1039
5611,0,982,1037
5612,0,988,994
5613,0,989,1009
5614,0,983,992
5615,0,1002,1003
5616,0,1037,999
5617,0,1079,1005
5618,0,1143,995
5619,0,1184,987
5620,0,1220,975
5621,0,1210,977
5622,0,1168,986
5623,0,1151,960
5624,0,1137,978
5625,0,1115,960
5626,0,1114,972
5627,0,1094,969
5628,0,1076,948
5629,0,1075,966
5630,0,1064,969
5631,0,1054,962
5632,0,1024,955
5633,0,1031,953
5634,0,1011,946
5635,0,1008,942
5636,0,1010,948
5637,0,997,952
5638,0,990,941
5639,0,1006,942
5640,0,980,950
5641,0,989,952
5642,0,991,948
5643,0,994,941
5644,0,977,934
5645,0,992,936
5646,0,987,930
5647,0,975,933
5648,0,960,941
5649,0,991,944
5650,0,987,939
5651,0,979,939
5652,0,976,944
5653,0,990,945
5654,0,988,942
5655,0,988,930
5656,0,970,943
5657,0,976,935
5658,0,978,941
5659,0,972,944
5660,0,976,942
5661,0,984,945
5662,0,973,947
5663,0,968,944
5664,0,973,945
5665,0,973,951
5666,0,962,946
5667,0,966,945
5668,0,969,948
5669,0,967,948
5670,0,966,937
5671,0,975,951
5672,0,975,945
5673,0,972,937
5674,0,961,949
5675,0,963,942
5676,0,961,934
5677,0,959,937
5678,0,960,943
5679,0,965,933
5680,0,965,929
5681,0,958,939
5682,0,961,937
5683,0,971,938
5684,0,977,932
5685,0,973,932
5686,0,970,930
5687,0,968,939
5688,0,975,945
5689,0,970,952
5690,0,974,936
5691,0,980,935
5692,0,972,944
5693,0,982,942
5694,0,983,940
5695,0,965,941
5696,0,964,946
5697,0,970,943
5698,0,967,948
5699,0,1002,967
5700,0,1000,982
5701,0,978,955
5702,0,983,942
5703,0,973,945
5704,0,971,947
5705,0,973,956
5706,0,968,948
5707,0,974,939
5708,0,974,940
5709,0,975,941
5710,0,966,943
5711,0,954,943
5712,0,961,948
5713,0,964,939
5714,0,966,939
5715,0,953,941
5716,0,952,951
5717,0,972,941
5718,0,969,940
5719,0,959,937
5720,0,961,941
5721,0,961,932
5722,0,954,939
5723,0,975,938
5724,0,972,929
5725,0,966,934
5726,0,960,939
5727,0,970,937
5728,0,979,941
5729,0,967,944
5730,0,975,946
5731,0,974,935
5732,0,976,942
5733,0,979,951
5734,0,976,945
5735,0,987,950
5736,0,982,940
5737,0,987,939
5738,0,979,943
5739,0,984,939
5740,0,979,941
5741,0,977,940
5742,0,978,946
5743,0,980,942
5744,0,979,941
5745,0,967,943
5746,0,978,947
5747,0,975,949
5748,0,982,939
5749,0,976,944
5750,0,968,940
5751,0,967,949
5752,0,974,947
5753,0,965,955
5754,0,975,949
5755,0,975,934
5756,0,975,937
5757,0,960,939
5758,0,969,946
5759,0,955,950
5760,0,967,937
5761,0,968,943
5762,0,975,937
5763,0,964,934
5764,0,970,925
5765,0,978,936
5766,0,979,937
5767,0,965,942
5768,0,974,945
5769,0,978,947
5770,0,971,937
5771,0,975,935
5772,0,982,931
5773,0,983,941
5774,0,974,944
5775,0,974,941
5776,0,977,958
5777,0,977,951
5778,0,980,940
5779,0,978,939
5780,0,969,945
5781,0,979,944
5782,0,980,954
5783,0,984,945
5784,0,978,946
5785,0,979,946
5786,0,977,952
5787,0,980,948
5788,0,980,941
5789,0,977,947
5790,0,959,946
5791,0,965,937
5792,0,968,951
5793,0,964,950
5794,0,973,943
5795,0,967,946
5796,0,958,940
5797,0,961,940
5798,0,957,946
5799,0,968,932
5800,0,975,934
5801,0,981,936
5802,0,964,935
5803,0,977,937
5804,0,978,933
5805,0,971,936
5806,0,977,932
5807,0,978,925
5808,0,990,931
5809,0,978,937
5810,0,984,940
5811,0,984,944
5812,0,984,939
5813,0,982,944
5814,0,983,954
5815,0,977,953
5816,0,981,948
5817,0,967,954
5818,0,984,944
5819,0,985,941
5820,0,976,945
5821,0,988,945
5822,0,982,958
5823,0,980,954
5824,0,980,942
5825,0,979,949
5826,0,980,961
5827,0,972,951
5828,0,979,948
5829,0,978,946
5830,0,975,941
5831,0,966,947
5832,0,973,945
5833,0,975,944
5834,0,967,940
5835,0,973,943
5836,0,970,939
5837,0,968,941
5838,0,957,937
5839,0,962,947
5840,0,963,945
5841,0,972,945
5842,0,973,934
5843,0,969,947
5844,0,970,937
5845,0,980,938
5846,0,982,929
5847,0,983,939
5848,0,979,935
5849,0,987,943
5850,0,977,950
5851,0,980,945
5852,0,987,932
5853,0,973,947
5854,0,980,947
5855,0,986,946
5856,0,977,945
5857,0,980,943
5858,0,983,945
5859,0,979,943
5860,0,979,943
5861,0,982,950
5862,0,967,948
5863,0,996,941
5864,0,993,946
5865,0,989,938
5866,0,983,939
5867,0,979,936
5868,0,973,943
5869,0,973,945
5870,0,981,945
5871,0,991,938
5872,0,977,934
5873,0,959,941
5874,0,964,938
5875,0,968,938
5876,0,969,938
5877,0,961,934
5878,0,959,940
5879,0,960,937
5880,0,965,938
5881,0,968,931
5882,0,964,936
5883,0,978,933
5884,0,973,931
5885,0,975,943
5886,0,969,942
5887,0,973,947
5888,0,987,945
5889,0,990,945
5890,0,977,937
5891,0,975,944
5892,0,982,942
5893,0,987,944
5894,0,990,939
5895,0,981,945
5896,0,975,946
5897,0,973,953
5898,0,981,956
5899,0,986,942
5900,0,991,940
5901,0,982,936
5902,0,980,949
5903,0,972,945
5904,0,976,947
5905,0,991,946
5906,0,982,956
5907,0,985,955
5908,0,975,946
5909,0,988,965
5910,0,979,997
5911,0,971,1048
5912,0,972,1095
5913,0,973,1153
5914,0,975,1184
5915,0,975,1154
5916,0,975,1136
5917,0,963,1127
5918,0,961,1096
5919,0,976,1083
5920,0,977,1064
5921,0,967,1064
5922,0,982,1030
5923,0,976,1020
5924,0,984,1023
5925,0,977,1016
5926,0,979,1013
5927,0,980,985
5928,0,1011,1010
5929,0,1043,980
5930,0,1100,996
5931,0,1150,991
5932,0,1200,977
5933,0,1237,972
5934,0,1235,957
5935,0,1184,975
5936,0,1164,969
5937,0,1133,971
5938,0,1128,979
5939,0,1115,959
5940,0,1081,957
5941,0,1064,959
5942,0,1074,956
5943,0,1059,953
5944,0,1034,965
5945,0,1034,957
5946,0,1055,944
5947,0,1012,950
5948,0,1023,951
5949,0,1023,945
5950,0,1011,954
5951,0,995,965
5952,0,1007,951
5953,0,991,952
5954,0,999,944
5955,0,985,943
5956,0,991,936
5957,0,979,931
5958,0,969,939
5959,0,985,939
5960,0,981,936
5961,0,960,939
5962,0,973,947
5963,0,981,931
5964,0,979,929
5965,0,980,929
5966,0,975,940
5967,0,976,944
5968,0,977,934
5969,0,979,939
5970,0,979,940
5971,0,967,946
5972,0,977,942
5973,0,984,931
5974,0,997,938
5975,0,984,940
5976,0,979,944
5977,0,970,948
5978,0,985,951
5979,0,978,945
5980,0,971,942
5981,0,971,951
5982,0,980,943
5983,0,980,943
5984,0,971,938
5985,0,974,944
5986,0,977,943
5987,0,981,943
5988,0,972,943
5989,0,969,942
5990,0,966,946
5991,0,974,940
5992,0,972,935
5993,0,962,935
5994,0,963,935
5995,0,963,928
5996,0,972,931
5997,0,966,928
5998,0,973,939
5999,0,966,940
6000,0,960,931
6001,0,955,936
6002,0,967,931
6003,0,968,932
6004,0,966,927
6005,0,968,936
6006,0,969,941
6007,0,981,939
6008,0,980,946
6009,0,984,945
6010,0,980,939
6011,0,982,944
6012,0,975,941
6013,0,977,946
6014,0,975,944
6015,0,978,948
6016,0,984,945
6017,0,973,941
6018,0,971,949
6019,0,980,950
6020,0,979,942
6021,0,982,943
6022,0,978,940
6023,0,975,944
6024,0,975,946
6025,0,976,950
6026,0,975,938
6027,0,981,937
6028,0,981,935
6029,0,974,939
6030,0,972,949
6031,0,966,948
6032,0,973,946
6033,0,979,942
6034,0,967,944
6035,0,969,943
6036,0,969,940
6037,0,974,935
6038,0,971,934
6039,0,959,926
6040,0,965,935
6041,0,960,935
6042,0,972,936
6043,0,965,932
6044,0,968,932
6045,0,969,937
6046,0,976,940
6047,0,976,927
6048,0,976,936
6049,0,981,935
6050,0,974,938
6051,0,972,936
6052,0,983,947
6053,0,979,942
6054,0,983,941
6055,0,985,945
6056,0,982,940
6057,0,980,942
6058,0,977,938
6059,0,982,938
6060,0,978,941
6061,0,981,943
6062,0,994,942
6063,0,991,928
6064,0,973,941
6065,0,980,946
6066,0,974,945
6067,0,982,942
6068,0,980,942
6069,0,970,945
6070,0,971,946
6071,0,973,945
6072,0,959,944
6073,0,967,945
6074,0,971,936
6075,0,967,934
6076,0,971,941
6077,0,968,934
6078,0,964,936
6079,0,969,951
6080,0,962,944
6081,0,983,947
6082,0,971,937
6083,0,978,947
6084,0,973,938
6085,0,980,939
6086,0,974,942
6087,0,983,946
6088,0,976,945
6089,0,979,944
6090,0,984,939
6091,0,990,945
6092,0,992,942
6093,0,976,952
6094,0,976,947
6095,0,973,955
6096,0,987,947
6097,0,981,942
6098,0,973,950
6099,0,973,950
6100,0,989,952
6101,0,988,940
6102,0,983,942
6103,0,985,946
6104,0,977,949
6105,0,976,944
6106,0,983,943
6107,0,989,935
6108,0,969,942
6109,0,969,945
6110,0,981,941
6111,0,965,945
6112,0,969,957
6113,0,970,944
6114,0,967,953
6115,0,966,937
6116,0,968,939
6117,0,955,939
6118,0,972,934
6119,0,974,931
6120,0,977,932
6121,0,978,943
6122,0,970,928
6123,0,981,933
6124,0,971,937
6125,0,979,947
6126,0,981,936
6127,0,986,937
6128,0,981,935
6129,0,991,938
6130,0,982,935
6131,0,980,943
6132,0,978,943
6133,0,994,949
6134,0,987,949
6135,0,987,943
6136,0,981,936
6137,0,991,941
6138,0,989,941
6139,0,980,941
6140,0,987,941
6141,0,982,951
6142,0,974,955
6143,0,986,942
6144,0,979,946
6145,0,983,946
6146,0,979,948
6147,0,992,945
6148,0,979,947
6149,0,983,943
6150,0,979,946
6151,0,973,940
6152,0,968,949
6153,0,965,947
6154,0,985,936
6155,0,969,944
6156,0,977,930
6157,0,963,943
6158,0,958,941
6159,0,955,939
6160,0,968,939
6161,0,977,938
6162,0,976,941
6163,0,974,938
6164,0,980,928
6165,0,991,926
6166,0,975,941
6167,0,981,937
6168,0,977,939
6169,0,986,955
6170,0,987,945
6171,0,987,937
6172,0,981,949
6173,0,990,944
6174,0,983,946
6175,0,979,953
6176,0,975,961
6177,0,975,943
6178,0,985,956
6179,0,982,945
6180,0,987,944
6181,0,985,949
6182,0,990,932
6183,0,989,947
6184,0,990,944
6185,0,987,948
6186,0,988,946
6187,0,986,953
6188,0,982,949
6189,0,983,950
6190,0,984,941
6191,0,970,938
6192,0,963,941
6193,0,973,934
6194,0,970,938
6195,0,976,931
6196,0,978,941
6197,0,973,939
6198,0,961,937
6199,0,966,938
6200,0,963,944
6201,0,979,941
6202,0,991,925
6203,0,987,935
6204,0,983,935
6205,0,980,941
6206,0,973,941
6207,0,987,941
6208,0,977,943
6209,0,986,939
6210,0,1042,974
6211,0,986,962
6212,0,984,949
6213,0,980,948
6214,0,984,945
6215,0,982,949
6216,0,980,953
6217,0,969,953
6218,0,987,949
6219,0,990,941
6220,0,996,942
6221,0,970,948
6222,0,977,942
6223,0,981,979
6224,0,982,993
6225,0,980,1048
6226,0,972,1104
6227,0,982,1153
6228,0,985,1177
6229,0,979,1160
6230,0,970,1140
6231,0,978,1122
6232,0,970,1117
6233,0,966,1070
6234,0,972,1067
6235,0,972,1052
6236,0,963,1051
6237,0,959,1042
6238,0,966,1016
6239,0,975,1008
6240,0,969,1007
6241,0,975,996
6242,0,1043,989
6243,0,1021,989
6244,0,1067,991
6245,0,1129,965
6246,0,1190,964
6247,0,1231,959
6248,0,1200,953
6249,0,1168,975
6250,0,1154,969
6251,0,1163,962
6252,0,1146,961
6253,0,1123,954
6254,0,1127,948
6255,0,1094,963
6256,0,1066,955
6257,0,1051,944
6258,0,1034,951
6259,0,1032,952
6260,0,1024,955
6261,0,1023,953
6262,0,1023,941
6263,0,1027,944
6264,0,1025,945
6265,0,1015,942
6266,0,1019,942
6267,0,1003,951
6268,0,1001,943
6269,0,1006,951
6270,0,985,948
6271,0,988,932
6272,0,980,951
6273,0,976,939
6274,0,975,942
6275,0,987,938
6276,0,977,940
6277,0,971,937
6278,0,977,939
6279,0,960,937
6280,0,964,936
6281,0,978,939
6282,0,978,932
6283,0,973,934
6284,0,970,933
6285,0,959,949
6286,0,959,938
6287,0,968,940
6288,0,973,932
6289,0,965,940
6290,0,969,939
6291,0,971,950
6292,0,982,943
6293,0,983,951
6294,0,986,941
6295,0,974,944
6296,0,986,950
6297,0,970,950
6298,0,986,955
6299,0,973,944
6300,0,967,954
6301,0,974,947
6302,0,972,939
6303,0,972,943
6304,0,971,943
6305,0,969,955
6306,0,970,947
6307,0,980,948
6308,0,972,943
6309,0,976,940
6310,0,977,938
6311,0,962,941
6312,0,963,938
6313,0,957,933
6314,0,965,944
6315,0,965,930
6316,0,963,933
6317,0,968,932
6318,0,967,930
6319,0,969,935
6320,0,970,937
6321,0,978,931
6322,0,969,938
6323,0,967,933
6324,0,963,941
6325,0,975,937
6326,0,974,935
6327,0,978,940
6328,0,980,943
6329,0,985,940
6330,0,983,932
6331,0,976,947
6332,0,980,938
6333,0,978,940
6334,0,975,946
6335,0,975,943
6336,0,970,950
6337,0,971,945
6338,0,975,954
6339,0,988,947
6340,0,985,948
6341,0,973,941
6342,0,970,947
6343,0,969,942
6344,0,971,942
6345,0,976,943
6346,0,974,941
6347,0,973,943
6348,0,975,948
6349,0,975,948
6350,0,965,944
6351,0,972,940
6352,0,974,945
6353,0,960,938
6354,0,964,939
6355,0,972,939
6356,0,966,939
6357,0,970,931
6358,0,973,930
6359,0,968,943
6360,0,962,940
6361,0,967,932
6362,0,975,926
6363,0,968,933
6364,0,981,937
6365,0,969,934
6366,0,976,925
6367,0,975,936
6368,0,976,931
6369,0,981,934
6370,0,975,940
6371,0,984,942
6372,0,990,939
6373,0,980,946
6374,0,985,952
6375,0,986,941
6376,0,986,941
6377,0,979,940
6378,0,987,939
6379,0,982,941
6380,0,979,946
6381,0,989,940
6382,0,980,936
6383,0,970,944
6384,0,978,945
6385,0,978,950
6386,0,982,948
6387,0,979,942
6388,0,974,946
6389,0,970,946
6390,0,965,943
6391,0,966,945
6392,0,973,945
6393,0,981,935
6394,0,965,928
6395,0,974,939
6396,0,957,940
6397,0,959,942
6398,0,969,939
6399,0,961,936
6400,0,973,940
6401,0,975,945
6402,0,973,944
6403,0,965,939
6404,0,979,939
6405,0,978,937
6406,0,964,937
6407,0,973,941
6408,0,983,943
6409,0,985,939
6410,0,984,33706
6411,0,975,1004
6412,0,980,1009
6413,0,984,987
6414,0,1045,980
6415,0,1007,990
6416,0,1055,991
6417,0,1108,989
6418,0,1149,979
6419,0,1210,972
6420,0,1231,962
6421,0,1200,975
6422,0,1173,981
6423,0,1151,955
6424,0,1128,977
6425,0,1133,971
6426,0,1095,963
6427,0,1103,975
6428,0,1097,975
6429,0,1061,966
6430,0,1065,964
6431,0,1051,956
6432,0,1047,947
6433,0,1039,948
6434,0,1035,937
6435,0,1023,950
6436,0,994,955
6437,0,1017,938
6438,0,994,942
6439,0,1006,944
6440,0,1000,943
6441,0,995,937
6442,0,996,936
6443,0,984,932
6444,0,982,935
6445,0,979,936
6446,0,968,936
6447,0,977,940
6448,0,983,936
6449,0,985,929
6450,0,992,936
6451,0,974,942
6452,0,968,942
6453,0,978,936
6454,0,983,939
6455,0,981,953
6456,0,976,944
6457,0,983,944
6458,0,983,940
6459,0,983,941
6460,0,980,944
6461,0,975,940
6462,0,977,937
6463,0,974,951
6464,0,988,949
6465,0,973,945
6466,0,967,950
6467,0,975,951
6468,0,975,956
6469,0,983,946
6470,0,973,951
6471,0,971,946
6472,0,967,938
6473,0,971,945
6474,0,968,948
6475,0,970,944
6476,0,972,937
6477,0,967,937
6478,0,960,936
6479,0,966,936
6480,0,971,933
6481,0,961,934
6482,0,958,934
6483,0,976,928
6484,0,967,932
6485,0,971,941
6486,0,960,943
6487,0,965,933
6488,0,967,932
6489,0,982,934
6490,0,970,944
6491,0,969,940
6492,0,969,940
6493,0,966,945
6494,0,972,943
6495,0,980,940
6496,0,985,937
6497,0,980,941
6498,0,979,942
6499,0,971,947
6500,0,988,949
6501,0,980,953
6502,0,971,954
6503,0,977,957
6504,0,974,961
6505,0,975,945
6506,0,979,952
6507,0,980,949
6508,0,978,945
6509,0,977,953
6510,0,969,947
6511,0,975,951
6512,0,980,942
6513,0,986,938
6514,0,973,945
6515,0,978,944
6516,0,968,944
6517,0,981,947
6518,0,978,937
6519,0,965,938
6520,0,965,933
6521,0,958,934
6522,0,965,936
6523,0,963,938
6524,0,967,927
6525,0,965,923
6526,0,968,934
6527,0,966,934
6528,0,977,940
6529,0,973,934
6530,0,969,934
6531,0,976,933
6532,0,979,940
6533,0,979,945
6534,0,976,941
6535,0,979,939
6536,0,978,947
6537,0,977,950
6538,0,978,925
6539,0,980,944
6540,0,986,941
6541,0,991,935
6542,0,979,938
6543,0,986,937
6544,0,991,943
6545,0,980,941
6546,0,994,949
6547,0,990,941
6548,0,978,936
6549,0,967,940
6550,0,973,947
6551,0,971,951
6552,0,985,938
6553,0,975,941
6554,0,971,939
6555,0,976,945
6556,0,976,943
6557,0,969,936
6558,0,967,939
6559,0,972,930
6560,0,971,932
6561,0,973,941
6562,0,963,936
6563,0,957,936
6564,0,967,942
6565,0,971,938
6566,0,961,938
6567,0,1017,963
6568,0,981,966
6569,0,970,945
6570,0,977,931
6571,0,969,934
6572,0,971,942
6573,0,982,943
6574,0,974,941
6575,0,974,938
6576,0,980,933
6577,0,979,934
6578,0,973,939
6579,0,977,959
6580,0,970,946
6581,0,982,945
6582,0,983,942
6583,0,978,953
6584,0,980,948
6585,0,985,939
6586,0,990,938
6587,0,980,942
6588,0,981,944
6589,0,981,944
6590,0,982,939
6591,0,981,949
6592,0,983,943
6593,0,985,938
6594,0,986,941
6595,0,968,939
6596,0,971,946
6597,0,968,948
6598,0,975,936
6599,0,967,935
6600,0,967,935
6601,0,962,935
6602,0,966,939
6603,0,968,932
6604,0,968,933
6605,0,972,932
6606,0,977,931
6607,0,969,938
6608,0,981,930
6609,0,987,928
6610,0,981,934
6611,0,981,931
6612,0,988,928
6613,0,979,938
6614,0,987,931
6615,0,982,936
6616,0,985,943
6617,0,983,949
6618,0,975,947
6619,0,973,944
6620,0,974,945
6621,0,986,947
6622,0,995,943
6623,0,989,933
6624,0,982,941
6625,0,990,948
6626,0,978,945
6627,0,973,946
6628,0,987,946
6629,0,978,946
6630,0,979,948
6631,0,972,944
6632,0,986,935
6633,0,978,938
6634,0,986,946
6635,0,977,943
6636,0,972,949
6637,0,971,941
6638,0,970,949
6639,0,973,939
6640,0,974,936
6641,0,969,937
6642,0,952,934
6643,0,963,939
6644,0,970,943
6645,0,970,936
6646,0,973,935
6647,0,979,939
6648,0,969,941
6649,0,985,936
6650,0,976,934
6651,0,974,933
6652,0,988,929
6653,0,986,949
6654,0,979,937
6655,0,988,934
6656,0,989,937
6657,0,982,947
6658,0,972,955
6659,0,994,949
6660,0,982,945
6661,0,980,944
6662,0,986,944
6663,0,977,943
6664,0,981,945
6665,0,982,946
6666,0,982,951
6667,0,988,945
6668,0,987,947
6669,0,995,942
6670,0,975,944
6671,0,989,942
6672,0,987,940
6673,0,985,938
6674,0,995,934
6675,0,979,940
6676,0,979,939
6677,0,966,945
6678,0,973,940
6679,0,981,939
6680,0,968,942
6681,0,962,938
6682,0,964,943
6683,0,971,944
6684,0,969,948
6685,0,963,940
6686,0,979,937
6687,0,979,929
6688,0,968,935
6689,0,988,927
6690,0,978,937
6691,0,977,949
6692,0,980,936
6693,0,983,943
6694,0,981,940
6695,0,985,937
6696,0,995,941
6697,0,991,941
6698,0,987,942
6699,0,985,963
6700,0,983,946
6701,0,988,956
6702,0,979,945
6703,0,985,940
6704,0,981,943
6705,0,991,940
6706,0,976,946
6707,0,979,949
6708,0,975,950
6709,0,976,938
6710,0,982,937
6711,0,982,965
6712,0,985,995
6713,0,983,1035
6714,0,982,1095
6715,0,970,1144
6716,0,979,1188
6717,0,973,1168
6718,0,976,1143
6719,0,969,1114
6720,0,976,1106
6721,0,963,1074
6722,0,966,1060
6723,0,969,1074
6724,0,968,1061
6725,0,976,1045
6726,0,985,1015
6727,0,984,1002
6728,0,975,1026
6729,0,975,1015
6730,0,995,981
6731,0,1015,993
6732,0,1067,976
6733,0,1127,985
6734,0,1191,968
6735,0,1235,982
6736,0,1232,976
6737,0,1207,968
6738,0,1168,981
6739,0,1167,968
6740,0,1132,963
6741,0,1129,966
6742,0,1111,978
6743,0,1102,967
6744,0,1079,966
6745,0,1069,957
6746,0,1071,958
6747,0,1044,952
6748,0,1045,950
6749,0,1039,955
6750,0,1022,947
6751,0,1025,944
6752,0,1017,952
6753,0,998,939
6754,0,1000,949
6755,0,982,953
6756,0,998,943
6757,0,1006,949
6758,0,1002,944
6759,0,1003,943
6760,0,977,932
6761,0,971,949
6762,0,972,940
6763,0,987,935
6764,0,969,942
6765,0,964,938
6766,0,967,939
6767,0,977,932
6768,0,983,933
6769,0,975,938
6770,0,971,940
6771,0,984,936
6772,0,966,936
6773,0,968,943
6774,0,977,943
6775,0,978,944
6776,0,984,938
6777,0,985,937
6778,0,986,949
6779,0,982,944
6780,0,974,943
6781,0,971,949
6782,0,972,949
6783,0,972,949
6784,0,983,944
6785,0,970,945
6786,0,977,946
6787,0,973,949
6788,0,968,954
6789,0,970,952
6790,0,977,944
6791,0,973,943
6792,0,971,945
6793,0,967,950
6794,0,969,952
6795,0,969,950
6796,0,969,942
6797,0,969,937
6798,0,959,937
6799,0,963,932
6800,0,964,932
6801,0,957,932
6802,0,963,934
6803,0,965,937
6804,0,967,933
6805,0,958,943
6806,0,963,929
6807,0,969,936
6808,0,972,932
6809,0,963,932
6810,0,971,939
6811,0,969,939
6812,0,973,944
6813,0,977,937
6814,0,981,938
6815,0,973,928
6816,0,973,939
6817,0,979,943
6818,0,969,947
6819,0,977,945
6820,0,975,949
6821,0,979,949
6822,0,979,950
6823,0,981,955
6824,0,974,945
6825,0,976,943
6826,0,983,941
6827,0,975,950
6828,0,971,947
6829,0,970,947
6830,0,975,946
6831,0,977,944
6832,0,978,947
6833,0,975,943
6834,0,972,942
6835,0,973,942
6836,0,975,948
6837,0,969,939
6838,0,967,946
6839,0,967,942
6840,0,962,942
6841,0,968,937
6842,0,967,931
6843,0,963,933
6844,0,966,934
6845,0,962,936
6846,0,967,930
6847,0,971,935
6848,0,972,935
6849,0,965,940
6850,0,981,937
6851,0,978,941
6852,0,968,947
6853,0,977,943
6854,0,968,943
6855,0,983,940
6856,0,983,944
6857,0,973,949
6858,0,975,944
6859,0,983,936
6860,0,979,935
6861,0,978,943
6862,0,983,945
6863,0,978,947
6864,0,971,936
6865,0,981,944
6866,0,993,942
6867,0,985,939
6868,0,977,946
6869,0,972,946
6870,0,978,939
6871,0,985,947
6872,0,979,949
6873,0,974,938
6874,0,969,948
6875,0,967,947
6876,0,961,936
6877,0,968,938
6878,0,981,937
6879,0,968,924
6880,0,973,933
6881,0,966,932
6882,0,958,942
6883,0,963,943
6884,0,957,938
6885,0,974,934
6886,0,975,940
6887,0,984,936
6888,0,980,933
6889,0,979,937
6890,0,980,937
6891,0,971,935
6892,0,977,933
6893,0,979,947
6894,0,989,934
6895,0,989,937
6896,0,985,937
6897,0,971,946
6898,0,973,949
6899,0,981,947
6900,0,984,948
6901,0,987,946
6902,0,979,947
6903,0,980,944
6904,0,984,946
6905,0,981,947
6906,0,980,951
6907,0,980,945
6908,0,978,945
6909,0,978,952
6910,0,978,946
6911,0,987,947
6912,0,975,950
6913,0,970,948
6914,0,972,963
6915,0,975,947
6916,0,963,947
6917,0,971,939
6918,0,967,942
6919,0,964,945
6920,0,966,941
6921,0,964,947
6922,0,967,936
6923,0,978,940
6924,0,970,945
6925,0,969,938
6926,0,977,939
6927,0,979,934
6928,0,971,932
6929,0,986,936
6930,0,987,934
6931,0,976,940
6932,0,969,941
6933,0,974,944
6934,0,984,943
6935,0,993,939
6936,0,982,945
6937,0,981,952
6938,0,980,952
6939,0,983,955
6940,0,976,947
6941,0,980,941
6942,0,995,943
6943,0,982,942
6944,0,991,949
6945,0,985,947
6946,0,977,949
6947,0,984,945
6948,0,991,947
6949,0,986,945
6950,0,973,939
6951,0,977,944
6952,0,974,941
6953,0,983,942
6954,0,972,949
6955,0,967,945
6956,0,970,942
6957,0,967,941
6958,0,979,941
6959,0,967,932
6960,0,978,930
6961,0,963,941
6962,0,964,943
6963,0,970,940
6964,0,970,939
6965,0,975,943
6966,0,972,938
6967,0,982,939
6968,0,983,934
6969,0,985,937
6970,0,973,934
6971,0,991,936
6972,0,984,944
6973,0,981,937
6974,0,985,938
6975,0,986,938
6976,0,974,948
6977,0,986,955
6978,0,985,946
6979,0,974,950
6980,0,991,951
6981,0,989,951
6982,0,982,954
6983,0,978,951
6984,0,982,943
6985,0,981,943
6986,0,984,947
6987,0,984,936
6988,0,993,942
6989,0,1000,941
6990,0,990,947
6991,0,990,931
6992,0,972,934
6993,0,991,946
6994,0,980,940
6995,0,975,938
6996,0,960,945
6997,0,971,940
6998,0,971,940
6999,0,976,939
7000,0,967,939
7001,0,972,945
7002,0,970,941
7003,0,979,951
7004,0,966,951
7005,0,978,940
7006,0,988,933
7007,0,978,933
7008,0,981,930
7009,0,979,941
7010,0,980,942
7011,0,991,936
7012,0,986,938
7013,0,981,938
7014,0,977,942
7015,0,987,944
7016,0,988,939
7017,0,992,946
7018,0,986,944
7019,0,982,957
7020,0,973,955
7021,0,987,950
7022,0,989,945
7023,0,998,941
7024,0,985,942
7025,0,977,955
7026,0,980,966
7027,0,984,990
7028,0,996,1015
7029,0,981,1083
7030,0,983,1128
7031,0,977,1177
7032,0,989,1175
7033,0,986,1144
7034,0,975,1124
7035,0,980,1119
7036,0,978,1102
7037,0,973,1103
7038,0,978,1077
7039,0,973,1052
7040,0,970,1053
7041,0,961,1043
7042,0,967,1012
7043,0,979,1000
7044,0,979,1013
7045,0,979,996
7046,0,990,1003
7047,0,1035,984
7048,0,1075,987
7049,0,1135,985
7050,0,1196,975
7051,0,1222,969
7052,0,1208,974
7053,0,1160,977
7054,0,1144,973
7055,0,1136,975
7056,0,1125,956
7057,0,1112,950
7058,0,1104,962
7059,0,1103,963
7060,0,1076,969
7061,0,1072,962
7062,0,1063,956
7063,0,1035,956
7064,0,1035,955
7065,0,1024,951
7066,0,1023,952
7067,0,1012,963
7068,0,1013,957
7069,0,1013,953
7070,0,1021,947
7071,0,992,938
7072,0,1000,939
7073,0,1007,940
7074,0,972,944
7075,0,969,949
7076,0,980,949
7077,0,986,953
7078,0,1031,976
7079,0,984,954
7080,0,965,943
7081,0,964,935
7082,0,979,934
7083,0,972,938
7084,0,966,934
7085,0,964,939
7086,0,975,933
7087,0,969,929
7088,0,968,932
7089,0,972,934
7090,0,968,945
7091,0,976,942
7092,0,973,933
7093,0,985,943
7094,0,974,942
7095,0,971,943
7096,0,983,943
7097,0,979,950
7098,0,973,944
7099,0,968,945
7100,0,967,946
7101,0,971,946
7102,0,983,944
7103,0,969,940
7104,0,966,938
7105,0,981,945
7106,0,978,951
7107,0,964,948
7108,0,971,947
7109,0,974,948
7110,0,969,947
7111,0,967,950
7112,0,969,949
7113,0,974,936
7114,0,974,943
7115,0,959,936
7116,0,969,937
7117,0,966,932
7118,0,983,929
7119,0,975,930
7120,0,965,934
7121,0,962,930
7122,0,957,915
7123,0,960,934
7124,0,969,938
7125,0,964,935
7126,0,969,938
7127,0,978,933
7128,0,972,945
7129,0,973,946
7130,0,967,946
7131,0,974,943
7132,0,970,943
7133,0,981,941
7134,0,980,929
7135,0,985,938
7136,0,975,936
7137,0,977,945
7138,0,975,959
7139,0,981,949
7140,0,977,939
7141,0,973,950
7142,0,974,947
7143,0,973,940
7144,0,974,945
7145,0,984,942
7146,0,980,943
7147,0,973,943
7148,0,976,947
7149,0,975,949
7150,0,981,947
7151,0,980,939
7152,0,970,947
7153,0,964,951
7154,0,968,943
7155,0,967,946
7156,0,957,944
7157,0,957,944
7158,0,969,942
7159,0,966,934
7160,0,973,934
7161,0,964,941
7162,0,968,932
7163,0,964,946
7164,0,970,935
7165,0,971,927
7166,0,972,925
7167,0,973,924
7168,0,966,933
7169,0,974,932
7170,0,981,935
7171,0,983,937
7172,0,975,935
7173,0,977,946
7174,0,974,943
7175,0,985,946
7176,0,989,946
7177,0,973,944
7178,0,983,943
7179,0,987,935
7180,0,980,943
7181,0,983,933
7182,0,982,938
7183,0,978,947
7184,0,981,945
7185,0,988,935
7186,0,985,939
7187,0,957,952
7188,0,976,947
7189,0,977,948
7190,0,971,948
7191,0,973,948
7192,0,970,949
7193,0,977,940
7194,0,969,943
7195,0,962,943
7196,0,975,941
7197,0,977,943
7198,0,963,936
7199,0,962,939
7200,0,963,935
7201,0,955,940
7202,0,962,932
7203,0,965,938
7204,0,961,935
7205,0,963,939
7206,0,966,937
7207,0,960,935
7208,0,985,931
7209,0,982,935
7210,0,973,938
7211,0,969,937
7212,0,970,932
7213,0,983,938
7214,0,988,934
7215,0,994,951
7216,0,984,944
7217,0,976,942
7218,0,977,947
7219,0,987,946
7220,0,980,947
7221,0,981,941
7222,0,974,951
7223,0,980,943
7224,0,984,940
7225,0,976,939
7226,0,976,943
7227,0,983,945
7228,0,982,949
7229,0,985,942
7230,0,990,941
7231,0,967,942
7232,0,975,950
7233,0,969,948
7234,0,964,940
7235,0,974,933
7236,0,978,931
7237,0,967,944
7238,0,964,944
7239,0,963,936
7240,0,963,941
7241,0,970,943
7242,0,972,935
7243,0,963,935
7244,0,962,932
7245,0,977,933
7246,0,984,934
7247,0,971,936
7248,0,981,933
7249,0,968,931
7250,0,980,932
7251,0,974,942
7252,0,983,943
7253,0,985,945
7254,0,986,937
7255,0,979,946
7256,0,981,946
7257,0,980,941
7258,0,975,947
7259,0,980,952
7260,0,983,948
7261,0,1002,937
7262,0,978,946
7263,0,995,945
7264,0,985,945
7265,0,979,950
7266,0,980,959
7267,0,981,951
7268,0,981,957
7269,0,977,950
7270,0,973,949
7271,0,970,950
7272,0,976,947
7273,0,974,950
7274,0,969,951
7275,0,969,951
7276,0,967,951
7277,0,975,938
7278,0,969,935
7279,0,964,930
7280,0,961,942
7281,0,955,937
7282,0,967,939
7283,0,969,951
7284,0,973,935
7285,0,976,933
7286,0,969,931
7287,0,972,934
7288,0,982,926
7289,0,986,934
7290,0,989,941
7291,0,975,943
7292,0,981,944
7293,0,987,934
7294,0,989,936
7295,0,985,933
7296,0,976,949
7297,0,975,945
7298,0,979,956
7299,0,978,966
7300,0,985,947
7301,0,972,942
7302,0,977,947
7303,0,990,936
7304,0,989,951
7305,0,992,949
7306,0,999,939
7307,0,980,940
7308,0,976,938
7309,0,988,948
7310,0,996,949
7311,0,982,941
7312,0,979,944
7313,0,975,945
7314,0,986,943
7315,0,964,941
7316,0,975,942
7317,0,969,939
7318,0,975,940
7319,0,969,939
7320,0,959,954
7321,0,965,937
7322,0,962,946
7323,0,964,941
7324,0,971,939
7325,0,983,929
7326,0,974,924
7327,0,974,946
7328,0,978,937
7329,0,969,942
7330,0,981,941
7331,0,975,938
7332,0,985,939
7333,0,987,950
7334,0,980,945
7335,0,991,950
7336,0,981,954
7337,0,980,943
7338,0,975,941
7339,0,976,948
7340,0,985,942
7341,0,984,946
7342,0,981,948
7343,0,991,962
7344,0,976,989
7345,0,977,1039
7346,0,984,1099
7347,0,997,1159
7348,0,981,1179
7349,0,975,1174
7350,0,975,1152
7351,0,985,1121
7352,0,979,1096
7353,0,979,1091
7354,0,985,1078
7355,0,968,1075
7356,0,968,1045
7357,0,975,1052
7358,0,975,1039
7359,0,966,1038
7360,0,969,1019
7361,0,975,996
7362,0,985,1006
7363,0,999,1003
7364,0,1049,984
7365,0,1099,988
7366,0,1147,979
7367,0,1221,979
7368,0,1218,960
7369,0,1215,967
7370,0,1176,950
7371,0,1140,965
7372,0,1136,960
7373,0,1135,951
7374,0,1119,954
7375,0,1092,965
7376,0,1067,952
7377,0,1069,969
7378,0,1076,963
7379,0,1036,954
7380,0,1051,952
7381,0,1053,942
7382,0,1047,945
7383,0,1029,954
7384,0,1023,952
7385,0,1013,957
7386,0,1008,951
7387,0,1012,950
7388,0,1005,947
7389,0,996,938
7390,0,993,948
7391,0,1003,942
7392,0,984,952
7393,0,980,947
7394,0,985,950
7395,0,978,936
7396,0,961,940
7397,0,975,946
7398,0,968,938
7399,0,965,943
7400,0,971,936
7401,0,966,931
7402,0,961,939
7403,0,962,940
7404,0,963,940
7405,0,977,938
7406,0,973,936
7407,0,977,933
7408,0,965,941
7409,0,970,943
7410,0,975,938
7411,0,987,938
7412,0,983,945
7413,0,980,944
7414,0,976,940
7415,0,992,940
7416,0,988,942
7417,0,972,947
7418,0,982,944
7419,0,991,944
7420,0,976,945
7421,0,983,949
7422,0,975,937
7423,0,968,951
7424,0,976,945
7425,0,976,953
7426,0,976,948
7427,0,975,946
7428,0,974,948
7429,0,973,948
7430,0,979,957
7431,0,978,942
7432,0,976,935
7433,0,990,935
7434,0,977,931
7435,0,976,936
7436,0,963,945
7437,0,967,935
7438,0,960,936
7439,0,966,939
7440,0,963,934
7441,0,970,932
7442,0,966,936
7443,0,960,941
7444,0,969,933
7445,0,971,932
7446,0,968,939
7447,0,973,945
7448,0,962,937
7449,0,968,936
7450,0,977,943
7451,0,975,944
7452,0,979,937
7453,0,979,940
7454,0,984,941
7455,0,970,947
7456,0,969,946
7457,0,972,953
7458,0,973,953
7459,0,978,954
7460,0,979,949
7461,0,976,955
7462,0,981,939
7463,0,983,939
7464,0,971,934
7465,0,971,944
7466,0,973,947
7467,0,971,948
7468,0,975,947
7469,0,974,945
7470,0,978,942
7471,0,971,941
7472,0,963,950
7473,0,959,944
7474,0,973,945
7475,0,957,939
7476,0,967,941
7477,0,962,932
7478,0,965,937
7479,0,971,928
7480,0,971,939
7481,0,957,932
7482,0,966,945
7483,0,960,944
7484,0,968,937
7485,0,969,937
7486,0,970,942
7487,0,970,942
7488,0,981,935
7489,0,977,941
7490,0,980,947
7491,0,983,941
7492,0,980,941
7493,0,983,942
7494,0,975,945
7495,0,987,946
7496,0,985,948
7497,0,987,939
7498,0,981,942
7499,0,980,941
7500,0,984,942
7501,0,991,940
7502,0,976,950
7503,0,976,952
7504,0,975,945
7505,0,985,944
7506,0,970,949
7507,0,983,949
7508,0,970,945
7509,0,978,944
7510,0,977,954
7511,0,973,944
7512,0,972,955
7513,0,973,943
7514,0,967,952
7515,0,971,951
7516,0,969,932
7517,0,970,940
7518,0,970,936
7519,0,965,939
7520,0,955,947
7521,0,961,936
7522,0,974,937
7523,0,970,936
7524,0,976,943
7525,0,978,936
7526,0,966,933
7527,0,983,934
7528,0,982,933
7529,0,982,939
7530,0,971,941
7531,0,982,943
7532,0,990,942
7533,0,993,941
7534,0,990,937
7535,0,979,954
7536,0,982,944
7537,0,967,951
7538,0,981,950
7539,0,984,948
7540,0,981,951
7541,0,979,953
7542,0,990,939
7543,0,984,938
7544,0,983,937
7545,0,983,940
7546,0,977,948
7547,0,977,945
7548,0,980,941
7549,0,984,950
7550,0,973,953
7551,0,972,950
7552,0,979,945
7553,0,967,946
7554,0,966,943
7555,0,969,929
7556,0,957,938
7557,0,968,936
7558,0,969,945
7559,0,966,936
7560,0,963,944
7561,0,975,935
7562,0,977,936
7563,0,973,940
7564,0,975,933
7565,0,993,938
7566,0,978,937
7567,0,976,939
7568,0,983,942
7569,0,982,935
7570,0,973,944
7571,0,992,938
7572,0,973,941
7573,0,989,937
7574,0,977,949
7575,0,987,946
7576,0,975,947
7577,0,978,947
7578,0,982,952
7579,0,983,951
7580,0,980,942
7581,0,978,945
7582,0,985,945
7583,0,980,943
7584,0,973,949
7585,0,980,949
7586,0,979,948
7587,0,985,951
7588,0,1037,984
7589,0,990,958
7590,0,969,948
7591,0,974,940
7592,0,971,942
7593,0,965,943
7594,0,955,942
7595,0,961,936
7596,0,969,935
7597,0,968,933
7598,0,967,929
7599,0,959,949
7600,0,967,943
7601,0,960,942
7602,0,963,939
7603,0,973,931
7604,0,970,939
7605,0,971,938
7606,0,984,934
7607,0,980,924
7608,0,971,938
7609,0,984,934
7610,0,971,935
7611,0,981,939
7612,0,988,938
7613,0,985,946
7614,0,979,940
7615,0,985,947
7616,0,982,943
7617,0,981,950
7618,0,971,953
7619,0,977,944
7620,0,978,944
7621,0,982,942
7622,0,981,944
7623,0,971,949
7624,0,982,941
7625,0,979,945
7626,0,981,938
7627,0,977,939
7628,0,984,938
7629,0,979,944
7630,0,967,939
7631,0,983,935
7632,0,981,934
7633,0,968,934
7634,0,962,942
7635,0,963,938
7636,0,975,941
7637,0,967,934
7638,0,964,941
7639,0,961,943
7640,0,967,944
7641,0,968,940
7642,0,964,936
7643,0,968,940
7644,0,977,938
7645,0,974,935
7646,0,978,936
7647,0,978,934
7648,0,971,936
7649,0,981,935
7650,0,983,942
7651,0,981,945
7652,0,974,948
7653,0,986,941
7654,0,987,939
7655,0,985,948
7656,0,965,942
7657,0,979,958
7658,0,985,946
7659,0,988,947
7660,0,981,941
7661,0,982,942
7662,0,988,956
7663,0,983,987
7664,0,971,1031
7665,0,968,1081
7666,0,977,1134
7667,0,978,1166
7668,0,973,1172
7669,0,977,1165
7670,0,983,1124
7671,0,980,1110
7672,0,976,1088
7673,0,976,1072
7674,0,971,1063
7675,0,972,1069
7676,0,965,1027
7677,0,981,1023
7678,0,971,1030
7679,0,970,1008
7680,0,975,1009
7681,0,976,1010
7682,0,999,1001
7683,0,1041,990
7684,0,1096,996
7685,0,1162,968
7686,0,1235,975
7687,0,1208,969
7688,0,1176,954
7689,0,1169,967
7690,0,1153,958
7691,0,1116,944
7692,0,1124,952
7693,0,1096,950
7694,0,1097,952
7695,0,1091,949
7696,0,1091,948
7697,0,1057,953
7698,0,1044,971
7699,0,1047,962
7700,0,1035,950
7701,0,1043,949
7702,0,1027,955
7703,0,1000,961
7704,0,1001,963
7705,0,1013,955
7706,0,1005,948
7707,0,1000,945
7708,0,1007,938
7709,0,996,950
7710,0,998,950
7711,0,997,944
7712,0,976,955
7713,0,975,941
7714,0,966,947
7715,0,969,941
7716,0,977,943
7717,0,967,937
7718,0,969,938
7719,0,964,935
7720,0,964,941
7721,0,958,942
7722,0,962,941
7723,0,968,932
7724,0,978,932
7725,0,977,930
7726,0,979,932
7727,0,970,939
7728,0,972,935
7729,0,968,932
7730,0,986,929
7731,0,971,942
7732,0,971,944
7733,0,976,939
7734,0,973,940
7735,0,977,942
7736,0,965,934
7737,0,967,939
7738,0,971,954
7739,0,970,943
7740,0,971,948
7741,0,966,936
7742,0,974,951
7743,0,977,948
7744,0,975,949
7745,0,975,948
7746,0,974,950
7747,0,974,945
7748,0,971,947
7749,0,973,944
7750,0,966,938
7751,0,970,945
7752,0,972,940
7753,0,971,939
7754,0,964,940
7755,0,959,944
7756,0,967,932
7757,0,961,936
7758,0,960,941
7759,0,963,933
7760,0,967,936
7761,0,964,939
7762,0,963,942
7763,0,974,942
7764,0,978,935
7765,0,980,937
7766,0,967,938
7767,0,968,943
7768,0,974,945
7769,0,972,946
7770,0,976,946
7771,0,980,932
7772,0,983,949
7773,0,972,937
7774,0,980,953
7775,0,979,951
7776,0,978,948
7777,0,976,947
7778,0,970,948
7779,0,975,947
7780,0,972,950
7781,0,970,946
7782,0,975,947
7783,0,976,953
7784,0,979,951
7785,0,975,949
7786,0,981,949
7787,0,969,947
7788,0,983,938
7789,0,981,941
7790,0,973,947
7791,0,964,943
7792,0,973,941
7793,0,971,939
7794,0,973,935
7795,0,958,938
7796,0,956,942
7797,0,964,939
7798,0,965,933
7799,0,957,934
7800,0,965,932
7801,0,966,936
7802,0,973,932
7803,0,973,939
7804,0,985,942
7805,0,968,943
7806,0,964,943
7807,0,974,941
7808,0,975,940
7809,0,976,937
7810,0,990,943
7811,0,982,944
7812,0,981,948
7813,0,983,937
7814,0,983,949
7815,0,993,943
7816,0,988,944
7817,0,984,939
7818,0,977,939
7819,0,977,944
7820,0,992,943
7821,0,981,945
7822,0,984,947
7823,0,988,941
7824,0,979,937
7825,0,971,947
7826,0,980,950
7827,0,974,940
7828,0,976,944
7829,0,978,949
7830,0,971,944
7831,0,971,947
7832,0,967,939
7833,0,964,939
7834,0,975,938
7835,0,968,954
7836,0,963,942
7837,0,970,936
7838,0,960,941
7839,0,960,944
7840,0,971,947
7841,0,965,940
7842,0,979,949
7843,0,967,940
7844,0,974,940
7845,0,977,937
7846,0,973,941
7847,0,977,939
7848,0,974,940
7849,0,973,953
7850,0,971,948
7851,0,986,947
7852,0,988,943
7853,0,976,941
7854,0,975,954
7855,0,979,961
7856,0,987,947
7857,0,993,952
7858,0,979,953
7859,0,984,947
7860,0,977,962
7861,0,989,954
7862,0,987,945
7863,0,980,948
7864,0,984,930
7865,0,983,947
7866,0,981,950
7867,0,981,949
7868,0,996,955
7869,0,967,944
7870,0,977,950
7871,0,969,943
7872,0,979,942
7873,0,970,945
7874,0,978,933
7875,0,969,935
7876,0,966,943
7877,0,966,939
7878,0,972,944
7879,0,966,936
7880,0,975,932
7881,0,976,931
7882,0,970,937
7883,0,980,932
7884,0,975,930
7885,0,972,934
7886,0,989,936
7887,0,973,934
7888,0,984,937
7889,0,972,945
7890,0,983,945
7891,0,988,940
7892,0,995,936
7893,0,981,938
7894,0,987,948
7895,0,982,944
7896,0,975,953
7897,0,975,956
7898,0,981,940
7899,0,988,951
7900,0,984,947
7901,0,986,946
7902,0,983,948
7903,0,980,948
7904,0,986,954
7905,0,972,948
7906,0,981,953
7907,0,979,950
7908,0,981,944
7909,0,976,941
7910,0,981,942
7911,0,966,945
7912,0,974,945
7913,0,969,943
7914,0,977,942
7915,0,970,937
7916,0,965,944
7917,0,978,932
7918,0,964,943
7919,0,965,942
7920,0,970,944
7921,0,953,937
7922,0,974,933
7923,0,978,931
7924,0,970,939
7925,0,981,938
7926,0,994,932
7927,0,980,934
7928,0,983,945
7929,0,982,944
7930,0,988,947
7931,0,989,943
7932,0,989,943
7933,0,974,946
7934,0,980,950
7935,0,983,934
7936,0,980,947
7937,0,981,949
7938,0,983,947
7939,0,978,957
7940,0,979,952
7941,0,982,950
7942,0,979,946
7943,0,981,939
7944,0,991,943
7945,0,987,943
7946,0,973,959
7947,0,984,938
7948,0,980,942
7949,0,980,944
7950,0,981,941
7951,0,984,950
7952,0,982,940
7953,0,966,939
7954,0,963,944
7955,0,971,937
7956,0,980,932
7957,0,965,933
7958,0,969,940
7959,0,979,940
7960,0,967,946
7961,0,972,940
7962,0,979,938
7963,0,984,935
7964,0,973,946
7965,0,975,942
7966,0,975,940
7967,0,964,937
7968,0,982,940
7969,0,982,939
7970,0,990,958
7971,0,980,948
7972,0,992,941
7973,0,985,945
7974,0,999,943
7975,0,980,951
7976,0,984,971
7977,0,979,1003
7978,0,982,1051
7979,0,986,1095
7980,0,982,1163
7981,0,986,1179
7982,0,978,1160
7983,0,987,1156
7984,0,980,1147
7985,0,987,1100
7986,0,986,1103
7987,0,978,1087
7988,0,981,1044
7989,0,970,1061
7990,0,981,1047
7991,0,976,1024
7992,0,979,1002
7993,0,966,1002
7994,0,975,998
7995,0,999,990
7996,0,1031,984
7997,0,1071,995
7998,0,1119,987
7999,0,1189,973
8000,0,1193,987
8001,0,1193,953
8002,0,1155,955
8003,0,1135,970
8004,0,1115,945
8005,0,1100,949
8006,0,1091,957
8007,0,1090,955
8008,0,1103,955
8009,0,1075,947
8010,0,1067,961
8011,0,1067,949
8012,0,1045,940
8013,0,1032,953
8014,0,1029,949
8015,0,1035,944
8016,0,1008,946
8017,0,995,944
8018,0,1014,950
8019,0,998,948
8020,0,1011,952
8021,0,998,951
8022,0,995,956
8023,0,1005,958
8024,0,996,947
8025,0,995,943
8026,0,994,944
8027,0,979,946
8028,0,987,950
8029,0,973,943
8030,0,974,948
8031,0,968,947
8032,0,978,947
8033,0,977,949
8034,0,970,944
8035,0,967,941
8036,0,977,937
8037,0,969,942
8038,0,964,933
8039,0,938,938
8040,0,964,951
8041,0,965,945
8042,0,971,946
8043,0,970,932
8044,0,971,935
8045,0,979,943
8046,0,967,945
8047,0,969,943
8048,0,972,940
8049,0,982,932
8050,0,974,946
8051,0,968,945
8052,0,972,943
8053,0,977,940
8054,0,977,937
8055,0,974,938
8056,0,973,949
8057,0,975,951
8058,0,973,950
8059,0,971,951
8060,0,975,954
8061,0,973,944
8062,0,979,940
8063,0,966,941
8064,0,969,951
8065,0,975,949
8066,0,981,948
8067,0,971,952
8068,0,973,946
8069,0,962,942
8070,0,967,947
8071,0,969,942
8072,0,967,937
8073,0,962,938
8074,0,968,939
8075,0,965,936
8076,0,968,933
8077,0,961,945
8078,0,965,933
8079,0,962,933
8080,0,959,946
8081,0,951,942
8082,0,967,943
8083,0,970,941
8084,0,972,933
8085,0,967,941
8086,0,970,937
8087,0,976,935
8088,0,971,944
8089,0,979,941
8090,0,982,939
8091,0,976,941
8092,0,981,943
8093,0,974,947
8094,0,968,942
8095,0,976,947
8096,0,978,949
8097,0,977,972
8098,0,1014,971
8099,0,999,979
8100,0,979,963
8101,0,979,949
8102,0,981,945
8103,0,963,946
8104,0,975,947
8105,0,974,954
8106,0,977,949
8107,0,989,944
8108,0,984,938
8109,0,966,946
8110,0,965,941
8111,0,968,950
8112,0,978,939
8113,0,965,932
8114,0,964,937
8115,0,960,932
8116,0,963,933
8117,0,972,935
8118,0,967,933
8119,0,969,943
8120,0,963,936
8121,0,959,934
8122,0,975,933
8123,0,972,935
8124,0,964,939
8125,0,964,945
8126,0,974,934
8127,0,972,942
8128,0,979,944
8129,0,987,945
8130,0,974,943
8131,0,979,949
8132,0,980,944
8133,0,975,949
8134,0,977,947
8135,0,986,941
8136,0,990,943
8137,0,978,941
8138,0,985,948
8139,0,980,942
8140,0,979,937
8141,0,977,951
8142,0,975,948
8143,0,985,946
8144,0,972,955
8145,0,969,946
8146,0,970,941
8147,0,973,952
8148,0,975,943
8149,0,979,939
8150,0,977,942
8151,0,966,938
8152,0,956,948
8153,0,967,941
8154,0,969,939
8155,0,963,940
8156,0,964,937
8157,0,965,938
8158,0,963,943
8159,0,968,934
8160,0,962,940
8161,0,967,935
8162,0,966,937
8163,0,977,935
8164,0,980,942
8165,0,979,927
8166,0,974,933
8167,0,975,940
8168,0,967,936
8169,0,973,946
8170,0,984,938
8171,0,997,939
8172,0,989,943
8173,0,972,945
8174,0,978,944
8175,0,976,954
8176,0,986,947
8177,0,980,940
8178,0,977,948
8179,0,980,951
8180,0,982,945
8181,0,986,943
8182,0,982,945
8183,0,981,936
8184,0,979,941
8185,0,965,943
8186,0,983,935
8187,0,980,945
8188,0,971,944
8189,0,971,953
8190,0,984,951
8191,0,981,942
8192,0,978,936
8193,0,969,936
8194,0,972,946
8195,0,969,935
8196,0,969,937
8197,0,969,935
8198,0,965,945
8199,0,967,935
8200,0,969,938
8201,0,966,930
8202,0,981,931
8203,0,976,930
8204,0,972,935
8205,0,980,930
8206,0,979,928
8207,0,980,934
8208,0,977,946
8209,0,982,940
8210,0,983,933
8211,0,985,933
8212,0,980,937
8213,0,979,943
8214,0,979,951
8215,0,981,958
8216,0,979,947
8217,0,989,950
8218,0,992,950
8219,0,976,948
8220,0,988,945
8221,0,977,946
8222,0,977,950
8223,0,980,938
8224,0,979,946
8225,0,987,948
8226,0,976,950
8227,0,980,946
8228,0,971,946
8229,0,983,945
8230,0,979,945
8231,0,975,941
8232,0,973,942
8233,0,966,952
8234,0,976,939
8235,0,967,932
8236,0,975,931
8237,0,970,947
8238,0,971,942
8239,0,979,945
8240,0,974,938
8241,0,975,943
8242,0,976,941
8243,0,978,941
8244,0,987,933
8245,0,980,929
8246,0,966,939
8247,0,981,938
8248,0,984,942
8249,0,984,942
8250,0,998,943
8251,0,991,938
8252,0,984,953
8253,0,986,949
8254,0,988,948
8255,0,979,937
8256,0,980,953
8257,0,996,951
8258,0,981,949
8259,0,982,947
8260,0,990,947
8261,0,983,947
8262,0,993,944
8263,0,985,938
8264,0,987,945
8265,0,982,961
8266,0,979,944
8267,0,982,944
8268,0,985,949
8269,0,977,939
8270,0,977,943
8271,0,980,946
8272,0,963,939
8273,0,969,945
8274,0,967,943
8275,0,978,939
8276,0,971,942
8277,0,959,951
8278,0,969,941
8279,0,971,941
8280,0,965,937
8281,0,975,936
8282,0,976,926
8283,0,981,937
8284,0,976,933
8285,0,985,932
8286,0,979,941
8287,0,987,937
8288,0,991,939
8289,0,994,959
8290,0,978,997
8291,0,993,1047
8292,0,983,1096
8293,0,981,1142
8294,0,975,1195
8295,0,983,1171
8296,0,982,1151
8297,0,987,1120
8298,0,977,1119
8299,0,985,1103
8300,0,983,1086
8301,0,972,1063
8302,0,974,1051
8303,0,976,1036
8304,0,980,1026
8305,0,979,1030
8306,0,987,1015
8307,0,982,1010
8308,0,1015,995
8309,0,1047,995
8310,0,1069,995
8311,0,1131,982
8312,0,1191,973
8313,0,1218,970
8314,0,1213,947
8315,0,1180,962
8316,0,1124,971
8317,0,1112,966
8318,0,1120,972
8319,0,1088,944
8320,0,1091,963
8321,0,1083,966
8322,0,1051,941
8323,0,1052,946
8324,0,1058,936
8325,0,1042,943
8326,0,1039,945
8327,0,1017,939
8328,0,1035,948
8329,0,1027,939
8330,0,1014,947
8331,0,1027,947
8332,0,1008,944
8333,0,989,944
8334,0,1010,945
8335,0,1001,944
8336,0,994,951
8337,0,991,943
8338,0,1006,947
8339,0,992,942
8340,0,989,950
8341,0,979,949
8342,0,987,947
8343,0,984,949
8344,0,970,944
8345,0,987,951
8346,0,975,943
8347,0,977,942
8348,0,965,943
8349,0,959,947
8350,0,959,948
8351,0,974,946
8352,0,975,942
8353,0,967,941
8354,0,961,938
8355,0,959,941
8356,0,964,936
8357,0,955,936
8358,0,963,945
8359,0,958,937
8360,0,953,942
8361,0,963,942
8362,0,970,933
8363,0,973,938
8364,0,964,937
8365,0,965,944
8366,0,969,946
8367,0,970,943
8368,0,975,944
8369,0,972,950
8370,0,980,945
8371,0,978,938
8372,0,983,956
8373,0,972,938
8374,0,974,948
8375,0,971,949
8376,0,970,949
8377,0,975,946
8378,0,985,944
8379,0,976,943
8380,0,968,943
8381,0,975,947
8382,0,977,943
8383,0,972,943
8384,0,981,946
8385,0,973,945
8386,0,966,946
8387,0,973,942
8388,0,967,955
8389,0,973,946
8390,0,969,929
8391,0,967,933
8392,0,964,925
8393,0,969,936
8394,0,975,930
8395,0,966,935
8396,0,970,931
8397,0,963,945
8398,0,956,937
8399,0,964,932
8400,0,969,935
8401,0,967,934
8402,0,967,938
8403,0,966,938
8404,0,960,935
8405,0,965,936
8406,0,971,934
8407,0,973,937
8408,0,979,935
8409,0,992,931
8410,0,986,938
8411,0,987,935
8412,0,977,940
8413,0,970,948
8414,0,971,956
8415,0,976,946
8416,0,974,947
8417,0,973,944
8418,0,974,944
8419,0,975,956
8420,0,970,942
8421,0,970,939
8422,0,973,942
8423,0,969,949
8424,0,975,954
8425,0,983,941
8426,0,978,943
8427,0,977,937
8428,0,956,950
8429,0,960,950
8430,0,967,943
8431,0,965,951
8432,0,966,944
8433,0,965,33698
8434,0,979,946
8435,0,975,945
8436,0,976,938
8437,0,978,937
8438,0,968,947
8439,0,967,946
8440,0,973,934
8441,0,964,935
8442,0,968,943
8443,0,967,939
8444,0,969,940
8445,0,979,941
8446,0,961,929
8447,0,978,939
8448,0,984,935
8449,0,983,939
8450,0,987,928
8451,0,981,934
8452,0,973,943
8453,0,988,941
8454,0,984,941
8455,0,981,945
8456,0,1027,984
8457,0,998,961
8458,0,991,951
8459,0,994,947
8460,0,976,945
8461,0,974,948
8462,0,983,945
8463,0,978,946
8464,0,983,943
8465,0,993,940
8466,0,976,937
8467,0,973,961
8468,0,983,983
8469,0,977,1027
8470,0,987,1067
8471,0,988,1134
8472,0,979,1187
8473,0,975,1176
8474,0,982,1163
8475,0,978,1139
8476,0,974,1122
8477,0,980,1095
8478,0,971,1064
8479,0,967,1044
8480,0,967,1045
8481,0,975,1039
8482,0,965,1030
8483,0,939,1007
8484,0,959,1020
8485,0,961,993
8486,0,1018,994
8487,0,1015,983
8488,0,1063,978
8489,0,1128,981
8490,0,1170,960
8491,0,1209,955
8492,0,1212,961
8493,0,1180,963
8494,0,1168,948
8495,0,1137,971
8496,0,1128,952
8497,0,1104,945
8498,0,1088,961
8499,0,1072,945
8500,0,1083,961
8501,0,1086,953
8502,0,1051,954
8503,0,1047,959
8504,0,1041,950
8505,0,1045,943
8506,0,1011,945
8507,0,1003,954
8508,0,1020,950
8509,0,1006,965
8510,0,991,944
8511,0,998,945
8512,0,1013,939
8513,0,992,947
8514,0,993,942
8515,0,982,941
8516,0,987,959
8517,0,979,943
8518,0,975,946
8519,0,967,937
8520,0,971,942
8521,0,966,932
8522,0,965,930
8523,0,966,933
8524,0,968,943
8525,0,961,923
8526,0,970,935
8527,0,967,938
8528,0,981,941
8529,0,971,936
8530,0,980,942
8531,0,966,947
8532,0,969,944
8533,0,969,941
8534,0,980,939
8535,0,969,941
8536,0,968,943
8537,0,979,943
8538,0,994,943
8539,0,977,943
8540,0,971,942
8541,0,977,949
8542,0,971,949
8543,0,974,953
8544,0,977,949
8545,0,970,953
8546,0,969,955
8547,0,972,945
8548,0,990,944
8549,0,976,953
8550,0,978,950
8551,0,968,946
8552,0,971,953
8553,0,965,951
8554,0,973,945
8555,0,972,948
8556,0,980,942
8557,0,975,931
8558,0,961,928
8559,0,968,933
8560,0,967,931
8561,0,964,939
8562,0,959,942
8563,0,962,932
8564,0,972,933
8565,0,962,935
8566,0,969,951
8567,0,972,945
8568,0,973,937
8569,0,983,935
8570,0,970,939
8571,0,967,947
8572,0,969,942
8573,0,981,937
8574,0,980,942
8575,0,986,941
8576,0,984,943
8577,0,975,945
8578,0,983,943
8579,0,975,951
8580,0,973,951
8581,0,978,942
8582,0,982,947
8583,0,979,948
8584,0,980,949
8585,0,973,943
8586,0,987,942
8587,0,981,945
8588,0,974,950
8589,0,977,948
8590,0,975,942
8591,0,985,946
8592,0,983,937
8593,0,980,936
8594,0,975,933
8595,0,966,951
8596,0,966,942
8597,0,963,939
8598,0,977,938
8599,0,958,938
8600,0,962,946
8601,0,960,947
8602,0,967,936
8603,0,977,937
8604,0,967,934
8605,0,972,939
8606,0,973,936
8607,0,973,936
8608,0,974,931
8609,0,971,936
8610,0,974,939
8611,0,983,942
8612,0,979,939
8613,0,974,940
8614,0,979,939
8615,0,982,941
8616,0,981,949
8617,0,980,950
8618,0,984,943
8619,0,988,947
8620,0,991,947
8621,0,980,941
8622,0,978,945
8623,0,993,943
8624,0,992,946
8625,0,981,945
8626,0,986,946
8627,0,986,943
8628,0,992,942
8629,0,968,953
8630,0,974,947
8631,0,975,949
8632,0,988,942
8633,0,977,944
8634,0,967,955
8635,0,967,945
8636,0,966,955
8637,0,961,943
8638,0,974,939
8639,0,977,932
8640,0,961,943
8641,0,969,931
8642,0,958,936
8643,0,963,950
8644,0,965,946
8645,0,969,938
8646,0,967,938
8647,0,969,949
8648,0,978,933
8649,0,990,933
8650,0,981,943
8651,0,971,933
8652,0,970,934
8653,0,985,934
8654,0,973,941
8655,0,991,939
8656,0,996,942
8657,0,993,938
8658,0,982,966
8659,0,980,950
8660,0,973,947
8661,0,975,943
8662,0,976,944
8663,0,981,948
8664,0,982,945
8665,0,990,939
8666,0,989,945
8667,0,982,955
8668,0,983,937
8669,0,982,946
8670,0,968,950
8671,0,977,944
8672,0,989,944
8673,0,967,937
8674,0,970,945
8675,0,974,949
8676,0,973,937
8677,0,968,940
8678,0,976,935
8679,0,974,934
8680,0,966,945
8681,0,962,936
8682,0,956,937
8683,0,972,941
8684,0,969,936
8685,0,975,936
8686,0,961,934
8687,0,967,936
8688,0,978,932
8689,0,975,930
8690,0,974,927
8691,0,985,932
8692,0,981,931
8693,0,975,942
8694,0,991,936
8695,0,984,951
8696,0,995,944
8697,0,991,945
8698,0,968,949
8699,0,973,949
8700,0,976,944
8701,0,971,948
8702,0,983,945
8703,0,993,940
8704,0,978,942
8705,0,982,943
8706,0,980,947
8707,0,969,952
8708,0,981,951
8709,0,978,946
8710,0,978,949
8711,0,976,948
8712,0,983,936
8713,0,983,950
8714,0,983,944
8715,0,971,944
8716,0,964,940
8717,0,964,940
8718,0,961,940
8719,0,975,931
8720,0,973,935
8721,0,971,939
8722,0,959,944
8723,0,964,942
8724,0,970,938
8725,0,973,933
8726,0,968,937
8727,0,967,932
8728,0,976,938
8729,0,983,924
8730,0,990,935
8731,0,979,943
8732,0,993,937
8733,0,974,936
8734,0,979,939
8735,0,987,927
8736,0,995,937
8737,0,976,939
8738,0,985,949
8739,0,980,948
8740,0,985,948
8741,0,990,951
8742,0,977,948
8743,0,972,954
8744,0,981,950
8745,0,975,948
8746,0,983,948
8747,0,985,952
8748,0,988,948
8749,0,992,949
8750,0,977,945
8751,0,990,942
8752,0,978,945
8753,0,981,946
8754,0,982,946
8755,0,975,944
8756,0,967,944
8757,0,966,947
8758,0,966,947
8759,0,967,948
8760,0,974,941
8761,0,969,947
8762,0,959,946
8763,0,973,946
8764,0,967,943
8765,0,966,939
8766,0,976,934
8767,0,973,928
8768,0,961,939
8769,0,981,937
8770,0,979,939
8771,0,979,935
8772,0,986,938
8773,0,982,949
8774,0,986,942
8775,0,980,950
8776,0,979,941
8777,0,978,944
8778,0,982,941
8779,0,982,951
8780,0,973,951
8781,0,983,973
8782,0,985,1002
8783,0,979,1047
8784,0,980,1103
8785,0,990,1175
8786,0,975,1192
8787,0,975,1163
8788,0,973,1145
8789,0,984,1135
8790,0,983,1123
8791,0,977,1114
8792,0,971,1089
8793,0,979,1067
8794,0,988,1048
8795,0,971,1043
8796,0,968,1035
8797,0,983,1025
8798,0,963,1009
8799,0,975,1019
8800,0,1003,979
8801,0,1033,994
8802,0,1094,991
8803,0,1159,981
8804,0,1180,979
8805,0,1200,975
8806,0,1192,963
8807,0,1150,975
8808,0,1123,968
8809,0,1119,959
8810,0,1119,966
8811,0,1094,955
8812,0,1078,948
8813,0,1072,940
8814,0,1083,944
8815,0,1075,949
8816,0,1043,936
8817,0,1044,952
8818,0,1051,947
8819,0,1027,947
8820,0,1021,953
8821,0,1007,953
8822,0,1018,949
8823,0,1025,956
8824,0,1008,947
8825,0,998,959
8826,0,980,945
8827,0,999,938
8828,0,985,953
8829,0,1001,954
8830,0,989,940
8831,0,991,937
8832,0,981,943
8833,0,976,943
8834,0,977,947
8835,0,969,945
8836,0,959,945
8837,0,971,939
8838,0,971,939
8839,0,961,941
8840,0,968,936
8841,0,965,941
8842,0,969,936
8843,0,960,941
8844,0,966,946
8845,0,973,933
8846,0,968,927
8847,0,979,933
8848,0,980,928
8849,0,969,938
8850,0,967,935
8851,0,964,942
8852,0,976,944
8853,0,979,932
8854,0,972,937
8855,0,979,959
8856,0,982,951
8857,0,981,947
8858,0,982,938
8859,0,975,945
8860,0,978,942
8861,0,979,951
8862,0,980,949
8863,0,983,939
8864,0,976,945
8865,0,973,947
8866,0,981,947
8867,0,973,947
8868,0,961,946
8869,0,971,939
8870,0,970,963
8871,0,977,943
8872,0,968,945
8873,0,973,948
8874,0,959,943
8875,0,965,940
8876,0,971,939
8877,0,966,936
8878,0,966,936
8879,0,970,930
8880,0,963,934
8881,0,964,950
8882,0,970,933
8883,0,971,924
8884,0,959,939
8885,0,967,939
8886,0,965,937
8887,0,970,935
8888,0,974,937
8889,0,970,942
8890,0,973,929
8891,0,977,943
8892,0,964,936
8893,0,982,942
8894,0,989,928
8895,0,978,938
8896,0,979,940
8897,0,973,943
8898,0,970,952
8899,0,982,946
8900,0,977,951
8901,0,980,946
8902,0,978,949
8903,0,976,946
8904,0,977,949
8905,0,982,950
8906,0,975,943
8907,0,980,944
8908,0,979,946
8909,0,972,941
8910,0,979,939
8911,0,973,937
8912,0,983,939
8913,0,967,938
8914,0,959,939
8915,0,967,951
8916,0,973,937
8917,0,972,938
8918,0,957,941
8919,0,966,938
8920,0,963,937
8921,0,965,933
8922,0,962,935
8923,0,963,932
8924,0,956,942
8925,0,958,937
8926,0,974,935
8927,0,968,937
8928,0,975,943
8929,0,967,948
8930,0,985,942
8931,0,973,941
8932,0,977,940
8933,0,971,943
8934,0,988,937
8935,0,970,946
8936,0,969,949
8937,0,976,948
8938,0,986,939
8939,0,991,947
8940,0,993,938
8941,0,989,945
8942,0,989,946
8943,0,980,937
8944,0,981,947
8945,0,980,939
8946,0,981,936
8947,0,1001,942
8948,0,979,946
8949,0,986,950
8950,0,974,945
8951,0,970,948
8952,0,975,941
8953,0,968,948
8954,0,973,949
8955,0,974,944
8956,0,959,947
8957,0,976,940
8958,0,977,940
8959,0,972,939
8960,0,973,939
8961,0,971,933
8962,0,959,944
8963,0,974,946
8964,0,969,931
8965,0,973,938
8966,0,1024,967
8967,0,989,963
8968,0,972,952
8969,0,972,936
8970,0,976,933
8971,0,970,941
8972,0,983,941
8973,0,987,944
8974,0,989,937
8975,0,986,935
8976,0,985,939
8977,0,977,946
8978,0,979,944
8979,0,973,942
8980,0,984,935
8981,0,984,941
8982,0,979,944
8983,0,967,945
8984,0,981,942
8985,0,987,944
8986,0,982,945
8987,0,972,943
8988,0,993,936
8989,0,978,948
8990,0,981,942
8991,0,982,940
8992,0,974,940
8993,0,967,935
8994,0,976,940
8995,0,962,934
8996,0,963,937
8997,0,964,938
8998,0,963,941
8999,0,968,940
9000,0,963,938
9001,0,963,941
9002,0,961,938
9003,0,966,931
9004,0,969,929
9005,0,975,935
9006,0,973,928
9007,0,966,933
9008,0,968,936
9009,0,975,934
9010,0,979,936
9011,0,983,929
9012,0,981,939
9013,0,983,944
9014,0,1001,943
9015,0,982,938
9016,0,974,946
9017,0,984,944
9018,0,980,943
9019,0,981,948
9020,0,979,943
9021,0,987,938
9022,0,1002,940
9023,0,981,942
9024,0,991,947
9025,0,984,943
9026,0,987,949
9027,0,985,947
9028,0,977,945
9029,0,977,942
9030,0,973,953
9031,0,987,948
9032,0,973,938
9033,0,980,941
9034,0,968,935
9035,0,971,940
9036,0,965,938
9037,0,965,941
9038,0,969,933
9039,0,970,933
9040,0,968,934
9041,0,967,941
9042,0,964,941
9043,0,976,935
9044,0,978,937
9045,0,975,934
9046,0,973,933
9047,0,967,936
9048,0,989,937
9049,0,982,940
9050,0,976,927
9051,0,995,931
9052,0,982,941
9053,0,978,945
9054,0,986,949
9055,0,993,937
9056,0,972,943
9057,0,984,941
9058,0,979,944
9059,0,989,954
9060,0,985,956
9061,0,979,951
9062,0,975,946
9063,0,988,950
9064,0,984,942
9065,0,976,951
9066,0,991,945
9067,0,985,936
9068,0,977,951
9069,0,980,927
9070,0,983,948
9071,0,985,939
9072,0,977,943
9073,0,974,950
9074,0,992,943
9075,0,976,940
9076,0,959,945
9077,0,971,947
9078,0,969,938
9079,0,973,934
9080,0,968,940
9081,0,958,941
9082,0,963,932
9083,0,971,943
9084,0,970,940
9085,0,979,935
9086,0,987,937
9087,0,969,938
9088,0,968,936
9089,0,979,939
9090,0,977,942
9091,0,979,942
9092,0,986,941
9093,0,981,949
9094,0,985,943
9095,0,986,942
9096,0,987,980
9097,0,984,1043
9098,0,977,1069
9099,0,985,1127
9100,0,983,1179
9101,0,977,1187
9102,0,985,1182
9103,0,985,1147
9104,0,980,1117
9105,0,973,1119
9106,0,971,1099
9107,0,979,1077
9108,0,992,1069
9109,0,985,1069
9110,0,978,1035
9111,0,979,1039
9112,0,989,1008
9113,0,975,1019
9114,0,974,1019
9115,0,1003,992
9116,0,1027,991
9117,0,1076,1001
9118,0,1130,981
9119,0,1199,969
9120,0,1194,978
9121,0,1189,977
9122,0,1151,958
9123,0,1139,944
9124,0,1116,944
9125,0,1128,947
9126,0,1091,959
9127,0,1098,958
9128,0,1073,951
9129,0,1078,957
9130,0,1067,948
9131,0,1068,946
9132,0,1036,944
9133,0,1054,939
9134,0,1026,949
9135,0,1037,948
9136,0,1027,947
9137,0,1027,949
9138,0,1008,943
9139,0,1000,947
9140,0,988,961
9141,0,1011,958
9142,0,984,957
9143,0,1002,951
9144,0,976,945
9145,0,1001,943
9146,0,985,950
9147,0,989,951
9148,0,985,948
9149,0,1001,947
9150,0,1003,946
9151,0,966,943
9152,0,976,942
9153,0,963,947
9154,0,961,949
9155,0,962,944
9156,0,962,947
9157,0,967,935
9158,0,967,936
9159,0,970,939
9160,0,962,941
9161,0,960,930
9162,0,954,947
9163,0,957,936
9164,0,953,938
9165,0,965,939
9166,0,973,935
9167,0,971,939
9168,0,970,939
9169,0,965,941
9170,0,967,935
9171,0,982,931
9172,0,973,930
9173,0,974,938
9174,0,977,940
9175,0,981,943
9176,0,987,943
9177,0,981,933
9178,0,975,951
9179,0,980,947
9180,0,976,943
9181,0,970,948
9182,0,982,938
9183,0,966,945
9184,0,974,944
9185,0,973,948
9186,0,975,940
9187,0,974,944
9188,0,975,945
9189,0,978,939
9190,0,968,944
9191,0,960,945
9192,0,965,942
9193,0,969,953
9194,0,965,939
9195,0,965,937
9196,0,964,939
9197,0,971,936
9198,0,968,934
9199,0,956,927
9200,0,965,930
9201,0,957,927
9202,0,966,920
9203,0,956,934
9204,0,957,933
9205,0,976,930
9206,0,977,934
9207,0,970,941
9208,0,959,941
9209,0,957,947
9210,0,972,944
9211,0,974,935
9212,0,983,937
9213,0,982,930
9214,0,983,937
9215,0,983,941
9216,0,974,942
9217,0,979,952
9218,0,969,947
9219,0,974,946
9220,0,967,945
9221,0,970,959
9222,0,977,947
9223,0,975,942
9224,0,984,940
9225,0,980,943
9226,0,973,946
9227,0,973,949
9228,0,983,951
9229,0,974,951
9230,0,976,946
9231,0,981,945
9232,0,966,942
9233,0,970,940
9234,0,970,944
9235,0,969,941
9236,0,974,937
9237,0,963,941
9238,0,956,932
9239,0,964,931
9240,0,967,930
9241,0,967,935
9242,0,969,937
9243,0,962,943
9244,0,965,938
9245,0,970,935
