sample_idx,segment,I,Q
0,0,969,947
1,0,968,954
2,0,972,938
3,0,979,937
4,0,971,935
5,0,963,938
6,0,966,941
7,0,954,941
8,0,968,939
9,0,968,933
10,0,966,937
11,0,969,933
12,0,980,943
13,0,970,936
14,0,976,935
15,0,973,941
16,0,971,946
17,0,967,936
18,0,971,943
19,0,973,946
20,0,979,932
21,0,988,930
22,0,977,932
23,0,988,950
24,0,984,937
25,0,978,941
26,0,973,942
27,0,979,941
28,0,982,945
29,0,989,943
30,0,968,947
31,0,979,945
32,0,976,943
33,0,968,948
34,0,971,944
35,0,972,952
36,0,969,953
37,0,973,950
38,0,978,948
39,0,977,945
40,0,979,939
41,0,974,943
42,0,965,940
43,0,960,943
44,0,961,944
45,0,958,942
46,0,959,939
47,0,988,957
48,0,997,965
49,0,964,943
50,0,964,940
51,0,963,932
52,0,962,944
53,0,966,943
54,0,975,942
55,0,979,936
56,0,979,932
57,0,978,938
58,0,972,940
59,0,975,943
60,0,977,950
61,0,980,941
62,0,976,941
63,0,980,944
64,0,979,944
65,0,979,945
66,0,980,935
67,0,980,947
68,0,977,944
69,0,979,945
70,0,972,956
71,0,980,945
72,0,992,939
73,0,983,950
74,0,971,951
75,0,977,951
76,0,981,952
77,0,969,957
78,0,978,950
79,0,969,940
80,0,965,951
81,0,963,948
82,0,963,946
83,0,977,937
84,0,969,935
85,0,974,935
86,0,963,935
87,0,963,934
88,0,965,930
89,0,962,935
90,0,973,925
91,0,980,930
92,0,974,927
93,0,966,943
94,0,966,935
95,0,975,932
96,0,989,932
97,0,986,938
98,0,974,939
99,0,968,946
100,0,987,939
101,0,985,945
102,0,991,946
103,0,989,934
104,0,985,940
105,0,983,942
106,0,987,947
107,0,972,950
108,0,978,951
109,0,979,940
110,0,988,946
111,0,981,959
112,0,977,947
113,0,976,940
114,0,980,942
115,0,978,945
116,0,977,950
117,0,973,942
118,0,975,940
119,0,983,945
120,0,984,937
121,0,971,942
122,0,947,941
123,0,972,939
124,0,972,935
125,0,970,933
126,0,974,931
127,0,969,936
128,0,962,944
129,0,962,932
130,0,975,926
131,0,967,939
132,0,973,935
133,0,976,921
134,0,971,936
135,0,987,934
136,0,985,935
137,0,984,940
138,0,975,941
139,0,982,943
140,0,979,943
141,0,979,950
142,0,981,945
143,0,986,943
144,0,990,951
145,0,984,954
146,0,979,951
147,0,985,944
148,0,990,932
149,0,984,942
150,0,982,945
151,0,987,942
152,0,993,937
153,0,987,936
154,0,980,939
155,0,987,937
156,0,982,943
157,0,974,947
158,0,975,946
159,0,979,947
160,0,975,941
161,0,971,943
162,0,960,945
163,0,971,936
164,0,963,950
165,0,961,940
166,0,968,939
167,0,972,933
168,0,961,933
169,0,973,935
170,0,967,936
171,0,963,937
172,0,973,929
173,0,977,938
174,0,967,940
175,0,993,936
176,0,988,939
177,0,981,936
178,0,991,927
179,0,985,943
180,0,981,945
181,0,985,942
182,0,985,947
183,0,981,940
184,0,984,946
185,0,981,945
186,0,987,950
187,0,976,955
188,0,971,950
189,0,989,941
190,0,990,947
191,0,977,945
192,0,978,950
193,0,987,944
194,0,980,943
195,0,981,945
196,0,985,943
197,0,976,945
198,0,980,946
199,0,977,941
200,0,995,939
201,0,964,945
202,0,959,956
203,0,971,937
204,0,966,954
205,0,975,953
206,0,977,949
207,0,959,938
208,0,968,942
209,0,963,939
210,0,968,941
211,0,973,936
212,0,977,929
213,0,983,934
214,0,983,933
215,0,987,937
216,0,986,927
217,0,977,936
218,0,985,934
219,0,992,934
220,0,996,931
221,0,976,945
222,0,974,932
223,0,979,951
224,0,991,948
225,0,976,955
226,0,984,945
227,0,983,943
228,0,982,946
229,0,982,957
230,0,987,949
231,0,997,943
232,0,983,943
233,0,994,940
234,0,989,959
235,0,979,951
236,0,986,951
237,0,982,946
238,0,977,948
239,0,975,946
240,0,976,940
241,0,975,952
242,0,981,941
243,0,965,951
244,0,970,951
245,0,969,946
246,0,972,943
247,0,976,930
248,0,968,931
249,0,984,955
250,0,968,983
251,0,963,1031
252,0,965,1081
253,0,975,1157
254,0,976,1191
255,0,975,1183
256,0,980,1136
257,0,989,1088
258,0,985,1088
259,0,987,1084
260,0,1010,1086
261,0,982,1079
262,0,975,1060
263,0,988,1033
264,0,989,1040
265,0,983,1025
266,0,985,1004
267,0,987,995
268,0,1011,995
269,0,1051,992
270,0,1098,991
271,0,1154,985
272,0,1219,965
273,0,1202,979
274,0,1178,980
275,0,1160,975
276,0,1151,956
277,0,1132,958
278,0,1135,970
279,0,1110,958
280,0,1080,936
281,0,1077,950
282,0,1069,954
283,0,1042,942
284,0,1021,950
285,0,1035,947
286,0,1029,947
287,0,1003,946
288,0,1021,941
289,0,1005,945
290,0,1002,949
291,0,1001,945
292,0,989,939
293,0,1002,946
294,0,999,940
295,0,1007,935
296,0,995,937
297,0,984,943
298,0,977,940
299,0,986,939
300,0,995,940
301,0,997,946
302,0,979,950
303,0,985,939
304,0,985,943
305,0,975,947
306,0,983,938
307,0,980,948
308,0,973,949
309,0,970,952
310,0,978,948
311,0,979,943
312,0,981,943
313,0,976,945
314,0,968,953
315,0,973,947
316,0,971,940
317,0,980,942
318,0,975,940
319,0,965,944
320,0,961,937
321,0,983,939
322,0,969,938
323,0,960,936
324,0,963,935
325,0,969,938
326,0,962,945
327,0,967,932
328,0,967,931
329,0,966,937
330,0,969,931
331,0,969,933
332,0,964,934
333,0,968,945
334,0,970,941
335,0,969,942
336,0,965,945
337,0,965,942
338,0,977,944
339,0,973,939
340,0,986,938
341,0,975,949
342,0,976,944
343,0,979,939
344,0,974,942
345,0,978,950
346,0,981,947
347,0,983,948
348,0,975,951
349,0,974,954
350,0,974,955
351,0,971,948
352,0,968,946
353,0,964,946
354,0,963,951
355,0,969,950
356,0,969,950
357,0,971,954
358,0,974,950
359,0,967,946
360,0,964,944
361,0,962,949
362,0,956,953
363,0,962,944
364,0,967,943
365,0,957,943
366,0,962,943
367,0,960,937
368,0,962,938
369,0,961,940
370,0,965,939
371,0,963,938
372,0,969,940
373,0,969,938
374,0,974,938
375,0,972,935
376,0,978,939
377,0,974,937
378,0,977,949
379,0,974,938
380,0,978,942
381,0,982,944
382,0,983,950
383,0,984,946
384,0,993,945
385,0,983,943
386,0,979,945
387,0,976,954
388,0,980,945
389,0,978,945
390,0,972,948
391,0,980,946
392,0,971,951
393,0,971,955
394,0,980,946
395,0,981,951
396,0,979,942
397,0,979,945
398,0,982,944
399,0,969,947
400,0,965,941
401,0,965,942
402,0,975,939
403,0,972,935
404,0,975,935
405,0,963,931
406,0,972,937
407,0,981,939
408,0,971,942
409,0,969,934
410,0,978,938
411,0,977,935
412,0,968,939
413,0,975,935
414,0,983,931
415,0,980,931
416,0,979,938
417,0,978,940
418,0,978,952
419,0,983,950
420,0,980,944
421,0,999,943
422,0,1003,940
423,0,989,948
424,0,989,951
425,0,975,946
426,0,967,944
427,0,977,955
428,0,985,944
429,0,976,947
430,0,978,954
431,0,979,953
432,0,983,949
433,0,990,939
434,0,977,941
435,0,974,956
436,0,973,953
437,0,975,945
438,0,977,950
439,0,973,944
440,0,975,942
441,0,971,948
442,0,974,946
443,0,959,945
444,0,963,949
445,0,962,930
446,0,966,932
447,0,964,938
448,0,975,935
449,0,970,931
450,0,960,935
451,0,962,923
452,0,975,935
453,0,962,925
454,0,977,934
455,0,979,933
456,0,982,938
457,0,976,951
458,0,986,940
459,0,992,939
460,0,975,951
461,0,986,945
462,0,980,943
463,0,978,955
464,0,987,954
465,0,979,946
466,0,984,943
467,0,983,940
468,0,984,939
469,0,987,941
470,0,988,946
471,0,983,940
472,0,976,927
473,0,988,952
474,0,984,939
475,0,986,943
476,0,975,946
477,0,982,947
478,0,964,949
479,0,974,945
480,0,962,949
481,0,965,944
482,0,966,939
483,0,967,939
484,0,975,942
485,0,967,936
486,0,972,931
487,0,965,939
488,0,974,934
489,0,974,933
490,0,958,945
491,0,964,942
492,0,990,948
493,0,974,940
494,0,981,946
495,0,977,946
496,0,979,941
497,0,979,935
498,0,982,946
499,0,985,946
500,0,973,951
501,0,975,957
502,0,981,948
503,0,985,939
504,0,983,948
505,0,975,953
506,0,981,948
507,0,979,952
508,0,986,952
509,0,982,950
510,0,978,951
511,0,979,954
512,0,985,953
513,0,987,942
514,0,978,943
515,0,987,949
516,0,986,944
517,0,968,943
518,0,971,946
519,0,980,940
520,0,967,945
521,0,960,946
522,0,972,943
523,0,956,944
524,0,959,944
525,0,971,939
526,0,971,941
527,0,967,946
528,0,959,935
529,0,966,931
530,0,979,933
531,0,982,940
532,0,985,928
533,0,982,935
534,0,984,942
535,0,975,936
536,0,979,951
537,0,983,935
538,0,975,935
539,0,983,943
540,0,983,941
541,0,987,944
542,0,991,943
543,0,987,939
544,0,973,949
545,0,991,957
546,0,981,946
547,0,978,946
548,0,976,956
549,0,984,949
550,0,987,946
551,0,970,951
552,0,990,939
553,0,983,943
554,0,978,951
555,0,985,935
556,0,985,945
557,0,980,962
558,0,1036,1019
559,0,981,1008
560,0,963,1059
561,0,969,1106
562,0,965,1165
563,0,963,1197
564,0,966,1156
565,0,968,1136
566,0,962,1112
567,0,967,1107
568,0,969,1072
569,0,973,1071
570,0,969,1050
571,0,971,1028
572,0,985,1037
573,0,979,1001
574,0,975,1025
575,0,973,1011
576,0,1055,983
577,0,1015,995
578,0,1051,988
579,0,1111,980
580,0,1175,985
581,0,1227,966
582,0,1231,960
583,0,1200,970
584,0,1152,979
585,0,1141,978
586,0,1151,961
587,0,1120,967
588,0,1094,962
589,0,1096,955
590,0,1095,970
591,0,1062,961
592,0,1067,962
593,0,1057,954
594,0,1051,950
595,0,1037,943
596,0,1031,948
597,0,1031,951
598,0,1029,952
599,0,994,939
600,0,1005,947
601,0,1011,941
602,0,1007,932
603,0,990,934
604,0,974,942
605,0,979,940
606,0,980,944
607,0,978,953
608,0,982,938
609,0,972,939
610,0,975,936
611,0,970,938
612,0,970,941
613,0,982,934
614,0,985,935
615,0,975,933
616,0,977,939
617,0,974,934
618,0,973,944
619,0,992,939
620,0,979,949
621,0,980,943
622,0,975,945
623,0,977,942
624,0,985,948
625,0,985,944
626,0,976,945
627,0,978,950
628,0,975,946
629,0,975,951
630,0,983,945
631,0,976,940
632,0,966,939
633,0,967,949
634,0,969,952
635,0,972,950
636,0,973,935
637,0,970,943
638,0,966,951
639,0,976,943
640,0,983,937
641,0,972,939
642,0,968,936
643,0,970,934
644,0,969,940
645,0,964,939
646,0,977,936
647,0,969,931
648,0,951,939
649,0,963,933
650,0,978,928
651,0,971,933
652,0,972,932
653,0,969,936
654,0,965,943
655,0,974,944
656,0,988,943
657,0,983,945
658,0,979,931
659,0,980,941
660,0,977,936
661,0,980,936
662,0,974,937
663,0,958,937
664,0,980,946
665,0,982,943
666,0,983,937
667,0,970,949
668,0,976,959
669,0,987,942
670,0,979,942
671,0,977,942
672,0,971,939
673,0,979,951
674,0,979,948
675,0,974,946
676,0,973,951
677,0,977,942
678,0,972,951
679,0,975,939
680,0,973,942
681,0,961,941
682,0,955,930
683,0,965,935
684,0,959,934
685,0,964,939
686,0,959,933
687,0,961,931
688,0,969,931
689,0,973,916
690,0,968,947
691,0,965,930
692,0,969,936
693,0,971,931
694,0,976,934
695,0,975,933
696,0,978,938
697,0,971,948
698,0,977,942
699,0,973,945
700,0,975,947
701,0,981,943
702,0,976,944
703,0,982,942
704,0,983,952
705,0,970,946
706,0,979,945
707,0,974,944
708,0,970,951
709,0,985,940
710,0,986,940
711,0,978,943
712,0,973,955
713,0,985,946
714,0,969,953
715,0,977,951
716,0,987,943
717,0,971,946
718,0,969,946
719,0,961,943
720,0,969,948
721,0,980,942
722,0,985,932
723,0,973,937
724,0,965,939
725,0,965,934
726,0,967,932
727,0,966,939
728,0,964,931
729,0,971,923
730,0,975,938
731,0,973,935
732,0,967,944
733,0,976,945
734,0,980,937
735,0,977,952
736,0,974,952
737,0,980,943
738,0,981,947
739,0,981,950
740,0,983,942
741,0,994,938
742,0,986,941
743,0,980,939
744,0,981,939
745,0,974,963
746,0,982,948
747,0,979,951
748,0,975,951
749,0,978,951
750,0,978,940
751,0,984,947
752,0,983,952
753,0,977,952
754,0,975,947
755,0,966,941
756,0,967,943
757,0,979,950
758,0,972,940
759,0,976,945
760,0,968,942
761,0,965,941
762,0,977,941
763,0,977,943
764,0,966,938
765,0,974,942
766,0,965,939
767,0,975,931
768,0,973,926
769,0,974,936
770,0,976,935
771,0,977,939
772,0,973,945
773,0,980,936
774,0,979,938
775,0,981,929
776,0,969,936
777,0,978,939
778,0,982,947
779,0,973,940
780,0,983,938
781,0,973,951
782,0,984,950
783,0,987,949
784,0,984,948
785,0,987,944
786,0,989,943
787,0,983,938
788,0,987,948
789,0,992,936
790,0,994,935
791,0,982,943
792,0,988,945
793,0,990,948
794,0,984,936
795,0,976,941
796,0,983,947
797,0,976,941
798,0,978,945
799,0,967,949
800,0,962,942
801,0,969,945
802,0,971,940
803,0,961,934
804,0,971,935
805,0,967,934
806,0,968,945
807,0,972,935
808,0,960,939
809,0,966,940
810,0,979,929
811,0,976,942
812,0,982,939
813,0,984,938
814,0,982,937
815,0,977,938
816,0,986,944
817,0,988,946
818,0,980,949
819,0,992,939
820,0,984,943
821,0,990,940
822,0,987,940
823,0,985,938
824,0,979,947
825,0,976,950
826,0,988,953
827,0,984,944
828,0,976,941
829,0,982,944
830,0,980,949
831,0,980,945
832,0,988,947
833,0,976,945
834,0,981,944
835,0,970,952
836,0,965,965
837,0,977,940
838,0,985,939
839,0,966,947
840,0,964,942
841,0,978,935
842,0,966,934
843,0,969,930
844,0,970,937
845,0,963,930
846,0,971,935
847,0,972,943
848,0,968,941
849,0,975,939
850,0,979,934
851,0,978,936
852,0,982,935
853,0,978,938
854,0,988,932
855,0,972,942
856,0,979,934
857,0,987,936
858,0,988,933
859,0,975,943
860,0,994,954
861,0,972,957
862,0,977,943
863,0,973,949
864,0,979,948
865,0,981,943
866,0,983,959
867,0,977,964
868,0,985,999
869,0,988,1047
870,0,988,1107
871,0,989,1183
872,0,987,1197
873,0,971,1191
874,0,982,1136
875,0,979,1135
876,0,974,1111
877,0,964,1111
878,0,970,1085
879,0,966,1067
880,0,977,1063
881,0,968,1035
882,0,965,1039
883,0,963,1031
884,0,969,1008
885,0,971,992
886,0,999,995
887,0,1022,987
888,0,1071,990
889,0,1135,989
890,0,1211,972
891,0,1223,975
892,0,1187,972
893,0,1187,959
894,0,1154,960
895,0,1151,954
896,0,1125,962
897,0,1117,958
898,0,1094,948
899,0,1072,937
900,0,1077,959
901,0,1065,951
902,0,1053,952
903,0,1039,952
904,0,1024,957
905,0,1043,948
906,0,1016,952
907,0,1014,945
908,0,1017,953
909,0,1011,951
910,0,1017,959
911,0,1006,950
912,0,1007,941
913,0,1001,945
914,0,994,939
915,0,994,943
916,0,985,940
917,0,987,938
918,0,987,939
919,0,986,941
920,0,975,936
921,0,979,933
922,0,964,937
923,0,964,939
924,0,965,938
925,0,960,935
926,0,963,929
927,0,967,937
928,0,962,943
929,0,963,946
930,0,963,941
931,0,974,937
932,0,975,930
933,0,976,933
934,0,976,937
935,0,979,931
936,0,975,941
937,0,975,933
938,0,979,942
939,0,969,944
940,0,969,941
941,0,975,951
942,0,979,942
943,0,975,948
944,0,982,940
945,0,973,947
946,0,971,954
947,0,969,951
948,0,974,943
949,0,973,935
950,0,975,945
951,0,967,943
952,0,963,953
953,0,970,953
954,0,974,938
955,0,970,937
956,0,968,941
957,0,965,945
958,0,962,937
959,0,968,937
960,0,961,935
961,0,960,938
962,0,962,935
963,0,962,938
964,0,962,932
965,0,968,927
966,0,959,935
967,0,955,943
968,0,975,928
969,0,972,937
970,0,965,939
971,0,971,934
972,0,966,935
973,0,969,934
974,0,973,942
975,0,973,940
976,0,971,946
977,0,982,940
978,0,977,933
979,0,979,939
980,0,991,943
981,0,983,935
982,0,980,941
983,0,984,942
984,0,988,943
985,0,978,935
986,0,979,948
987,0,971,945
988,0,975,946
989,0,983,943
990,0,973,949
991,0,965,949
992,0,972,941
993,0,973,944
994,0,974,943
995,0,970,942
996,0,977,941
997,0,966,940
998,0,967,944
999,0,963,944
1000,0,955,951
1001,0,968,941
1002,0,971,943
1003,0,958,943
1004,0,958,943
1005,0,957,940
1006,0,967,940
1007,0,966,932
1008,0,971,931
1009,0,971,932
1010,0,967,949
1011,0,971,946
1012,0,969,940
1013,0,986,938
1014,0,982,937
1015,0,976,947
1016,0,988,943
1017,0,989,943
1018,0,987,939
1019,0,992,942
1020,0,989,944
1021,0,972,945
1022,0,981,950
1023,0,986,941
1024,0,981,945
1025,0,983,946
1026,0,987,947
1027,0,979,947
1028,0,981,940
1029,0,987,940
1030,0,977,943
1031,0,972,949
1032,0,971,945
1033,0,972,947
1034,0,970,950
1035,0,978,951
1036,0,971,944
1037,0,968,953
1038,0,963,943
1039,0,961,944
1040,0,973,938
1041,0,973,934
1042,0,971,937
1043,0,959,941
1044,0,974,931
1045,0,964,925
1046,0,962,935
1047,0,968,947
1048,0,975,925
1049,0,980,932
1050,0,970,933
1051,0,980,938
1052,0,975,934
1053,0,984,936
1054,0,979,936
1055,0,982,939
1056,0,978,943
1057,0,981,943
1058,0,979,947
1059,0,979,953
1060,0,982,937
1061,0,978,941
1062,0,978,945
1063,0,985,946
1064,0,977,945
1065,0,983,953
1066,0,981,953
1067,0,981,949
1068,0,1027,980
1069,0,1001,968
1070,0,981,965
1071,0,987,944
1072,0,978,946
1073,0,971,954
1074,0,971,953
1075,0,970,943
1076,0,972,954
1077,0,974,944
1078,0,975,939
1079,0,962,939
1080,0,975,943
1081,0,971,943
1082,0,975,939
1083,0,965,939
1084,0,959,932
1085,0,960,941
1086,0,964,935
1087,0,970,934
1088,0,961,942
1089,0,969,937
1090,0,977,931
1091,0,983,938
1092,0,987,939
1093,0,987,935
1094,0,971,942
1095,0,974,938
1096,0,991,935
1097,0,998,935
1098,0,977,943
1099,0,991,941
1100,0,984,943
1101,0,975,943
1102,0,975,942
1103,0,981,955
1104,0,986,948
1105,0,983,943
1106,0,989,937
1107,0,985,941
1108,0,981,938
1109,0,981,942
1110,0,976,936
1111,0,983,953
1112,0,983,948
1113,0,983,935
1114,0,991,944
1115,0,983,946
1116,0,969,941
1117,0,990,941
1118,0,970,935
1119,0,979,942
1120,0,963,937
1121,0,953,936
1122,0,963,946
1123,0,970,930
1124,0,971,935
1125,0,966,932
1126,0,969,927
1127,0,978,936
1128,0,963,941
1129,0,971,933
1130,0,976,938
1131,0,985,934
1132,0,979,939
1133,0,982,935
1134,0,980,941
1135,0,992,936
1136,0,975,936
1137,0,979,947
1138,0,983,956
1139,0,977,946
1140,0,984,950
1141,0,992,946
1142,0,992,942
1143,0,977,948
1144,0,983,953
1145,0,984,960
1146,0,984,945
1147,0,981,943
1148,0,973,957
1149,0,979,953
1150,0,980,942
1151,0,989,943
1152,0,982,947
1153,0,982,943
1154,0,975,943
1155,0,974,947
1156,0,983,938
1157,0,980,933
1158,0,975,938
1159,0,971,937
1160,0,971,941
1161,0,959,937
1162,0,964,939
1163,0,966,934
1164,0,964,947
1165,0,966,945
1166,0,961,936
1167,0,971,937
1168,0,984,938
1169,0,981,930
1170,0,985,929
1171,0,977,934
1172,0,984,935
1173,0,979,930
1174,0,985,948
1175,0,985,939
1176,0,991,941
1177,0,986,973
1178,0,975,1023
1179,0,998,1067
1180,0,987,1135
1181,0,987,1172
1182,0,979,1191
1183,0,982,1164
1184,0,984,1151
1185,0,981,1117
1186,0,978,1103
1187,0,997,1088
1188,0,996,1052
1189,0,975,1044
1190,0,987,1033
1191,0,984,1043
1192,0,968,1018
1193,0,976,1019
1194,0,978,1022
1195,0,1009,1007
1196,0,1027,992
1197,0,1085,993
1198,0,1137,993
1199,0,1203,975
1200,0,1221,968
1201,0,1187,957
1202,0,1163,981
1203,0,1124,970
1204,0,1141,959
1205,0,1090,959
1206,0,1080,957
1207,0,1079,969
1208,0,1078,966
1209,0,1058,955
1210,0,1070,954
1211,0,1036,952
1212,0,1055,946
1213,0,1020,953
1214,0,1035,948
1215,0,1016,946
1216,0,1021,942
1217,0,1026,941
1218,0,999,948
1219,0,1018,947
1220,0,996,951
1221,0,1010,950
1222,0,999,947
1223,0,988,947
1224,0,995,951
1225,0,1001,947
1226,0,993,945
1227,0,985,943
1228,0,971,962
1229,0,999,950
1230,0,972,943
1231,0,980,951
1232,0,984,940
1233,0,980,939
1234,0,982,940
1235,0,974,949
1236,0,971,936
1237,0,966,936
1238,0,967,945
1239,0,963,935
1240,0,969,930
1241,0,960,944
1242,0,962,938
1243,0,959,937
1244,0,965,933
1245,0,962,938
1246,0,959,942
1247,0,963,940
1248,0,965,939
1249,0,966,937
1250,0,968,930
1251,0,970,938
1252,0,968,934
1253,0,972,935
1254,0,965,935
1255,0,969,946
1256,0,972,943
1257,0,980,941
1258,0,985,943
1259,0,973,948
1260,0,968,944
1261,0,979,940
1262,0,983,943
1263,0,981,944
1264,0,964,947
1265,0,967,951
1266,0,971,947
1267,0,969,953
1268,0,983,954
1269,0,979,944
1270,0,973,943
1271,0,968,945
1272,0,962,952
1273,0,975,946
1274,0,978,949
1275,0,967,945
1276,0,962,941
1277,0,973,935
1278,0,978,932
1279,0,964,937
1280,0,971,926
1281,0,964,930
1282,0,957,941
1283,0,963,940
1284,0,968,939
1285,0,967,933
1286,0,966,946
1287,0,975,936
1288,0,969,933
1289,0,973,936
1290,0,974,940
1291,0,981,934
1292,0,969,938
1293,0,967,936
1294,0,969,935
1295,0,977,947
1296,0,988,944
1297,0,984,945
1298,0,983,936
1299,0,981,939
1300,0,980,934
1301,0,982,942
1302,0,983,944
1303,0,982,948
1304,0,980,940
1305,0,978,945
1306,0,977,947
1307,0,978,947
1308,0,985,945
1309,0,977,943
1310,0,979,943
1311,0,976,940
1312,0,973,946
1313,0,974,955
1314,0,974,944
1315,0,977,937
1316,0,975,941
1317,0,971,935
1318,0,962,936
1319,0,948,942
1320,0,962,934
1321,0,961,943
1322,0,962,939
1323,0,962,939
1324,0,961,937
1325,0,969,932
1326,0,971,926
1327,0,968,932
1328,0,967,938
1329,0,975,937
1330,0,983,937
1331,0,979,934
1332,0,979,935
1333,0,981,936
1334,0,974,935
1335,0,978,944
1336,0,981,935
1337,0,990,926
1338,0,987,940
1339,0,978,947
1340,0,979,949
1341,0,977,943
1342,0,981,949
1343,0,982,947
1344,0,983,946
1345,0,981,946
1346,0,977,943
1347,0,981,947
1348,0,985,936
1349,0,981,942
1350,0,980,947
1351,0,978,946
1352,0,977,945
1353,0,977,944
1354,0,977,943
1355,0,966,940
1356,0,977,939
1357,0,968,948
1358,0,958,947
1359,0,967,944
1360,0,975,941
1361,0,966,932
1362,0,962,936
1363,0,968,938
1364,0,969,934
1365,0,971,937
1366,0,980,930
1367,0,982,925
1368,0,979,934
1369,0,967,939
1370,0,972,937
1371,0,978,937
1372,0,981,940
1373,0,982,948
1374,0,977,947
1375,0,981,939
1376,0,981,950
1377,0,980,951
1378,0,989,943
1379,0,987,937
1380,0,980,937
1381,0,983,939
1382,0,986,937
1383,0,973,945
1384,0,974,950
1385,0,978,944
1386,0,977,957
1387,0,974,951
1388,0,981,940
1389,0,983,943
1390,0,980,944
1391,0,977,943
1392,0,971,950
1393,0,974,942
1394,0,972,945
1395,0,973,940
1396,0,976,939
1397,0,977,939
1398,0,971,944
1399,0,968,945
1400,0,958,946
1401,0,967,942
1402,0,963,939
1403,0,961,946
1404,0,957,934
1405,0,977,938
1406,0,975,926
1407,0,967,928
1408,0,975,934
1409,0,974,938
1410,0,973,941
1411,0,980,940
1412,0,987,949
1413,0,965,952
1414,0,981,953
1415,0,985,946
1416,0,982,948
1417,0,982,947
1418,0,994,939
1419,0,981,945
1420,0,971,955
1421,0,979,948
1422,0,980,947
1423,0,981,945
1424,0,985,954
1425,0,984,947
1426,0,981,943
1427,0,989,938
1428,0,987,938
1429,0,977,941
1430,0,975,946
1431,0,983,937
1432,0,991,954
1433,0,971,947
1434,0,968,939
1435,0,981,943
1436,0,984,940
1437,0,966,939
1438,0,966,945
1439,0,967,937
1440,0,967,939
1441,0,967,944
1442,0,967,943
1443,0,978,928
1444,0,963,937
1445,0,973,935
1446,0,971,935
1447,0,971,940
1448,0,969,937
1449,0,972,929
1450,0,972,941
1451,0,979,936
1452,0,989,940
1453,0,976,940
1454,0,984,934
1455,0,978,944
1456,0,979,941
1457,0,992,943
1458,0,975,943
1459,0,979,951
1460,0,985,949
1461,0,986,940
1462,0,971,952
1463,0,973,945
1464,0,984,952
1465,0,996,940
1466,0,986,945
1467,0,977,949
1468,0,980,955
1469,0,984,946
1470,0,986,944
1471,0,975,947
1472,0,975,937
1473,0,974,950
1474,0,973,945
1475,0,978,945
1476,0,981,940
1477,0,969,944
1478,0,967,944
1479,0,975,940
1480,0,973,948
1481,0,964,948
1482,0,983,935
1483,0,962,939
1484,0,963,943
1485,0,963,935
1486,0,970,959
1487,0,975,983
1488,0,987,1021
1489,0,984,1083
1490,0,979,1138
1491,0,981,1175
1492,0,993,1145
1493,0,978,1124
1494,0,982,1119
1495,0,994,1099
1496,0,993,1094
1497,0,975,1064
1498,0,987,1066
1499,0,981,1028
1500,0,988,1026
1501,0,977,1034
1502,0,978,1024
1503,0,981,1011
1504,0,1001,1008
1505,0,1011,1011
1506,0,1055,999
1507,0,1109,991
1508,0,1159,991
1509,0,1204,990
1510,0,1219,968
1511,0,1174,982
1512,0,1181,973
1513,0,1156,971
1514,0,1131,969
1515,0,1104,975
1516,0,1098,955
1517,0,1071,967
1518,0,1085,955
1519,0,1042,955
1520,0,1032,954
1521,0,1016,952
1522,0,1024,948
1523,0,1025,941
1524,0,1012,945
1525,0,1013,941
1526,0,1001,945
1527,0,999,942
1528,0,1011,944
1529,0,1004,936
1530,0,989,940
1531,0,993,935
1532,0,1001,941
1533,0,1011,943
1534,0,1007,934
1535,0,992,949
1536,0,990,946
1537,0,979,948
1538,0,972,947
1539,0,985,943
1540,0,987,944
1541,0,983,962
1542,0,988,946
1543,0,986,944
1544,0,979,940
1545,0,976,951
1546,0,974,949
1547,0,965,952
1548,0,983,951
1549,0,966,951
1550,0,969,950
1551,0,975,943
1552,0,979,940
1553,0,971,941
1554,0,971,939
1555,0,970,938
1556,0,964,938
1557,0,966,939
1558,0,970,939
1559,0,966,943
1560,0,960,935
1561,0,956,940
1562,0,970,936
1563,0,969,932
1564,0,959,936
1565,0,962,938
1566,0,967,925
1567,0,970,935
1568,0,968,933
1569,0,980,937
1570,0,988,932
1571,0,979,941
1572,0,976,936
1573,0,973,943
1574,0,971,946
1575,0,969,949
1576,0,967,943
1577,0,972,940
1578,0,1007,973
1579,0,1011,980
1580,0,977,955
1581,0,977,947
1582,0,976,947
1583,0,968,948
1584,0,971,950
1585,0,967,945
1586,0,979,951
1587,0,983,947
1588,0,979,944
1589,0,973,944
1590,0,965,946
1591,0,971,959
1592,0,971,947
1593,0,978,940
1594,0,979,940
1595,0,967,940
1596,0,966,936
1597,0,971,936
1598,0,962,937
1599,0,965,936
1600,0,964,937
1601,0,963,941
1602,0,969,935
1603,0,964,931
1604,0,961,931
1605,0,968,939
1606,0,971,943
1607,0,970,932
1608,0,971,938
1609,0,973,935
1610,0,967,936
1611,0,974,935
1612,0,975,938
1613,0,969,942
1614,0,986,936
1615,0,981,938
1616,0,978,940
1617,0,983,943
1618,0,988,937
1619,0,999,934
1620,0,983,941
1621,0,986,947
1622,0,981,947
1623,0,983,944
1624,0,965,949
1625,0,981,950
1626,0,989,947
1627,0,982,949
1628,0,975,944
1629,0,971,948
1630,0,970,947
1631,0,971,945
1632,0,966,946
1633,0,972,952
1634,0,980,946
1635,0,967,940
1636,0,973,941
1637,0,956,946
1638,0,963,943
1639,0,972,940
1640,0,962,933
1641,0,961,935
1642,0,954,939
1643,0,966,936
1644,0,960,933
1645,0,968,938
1646,0,970,937
1647,0,970,938
1648,0,973,942
1649,0,961,934
1650,0,977,933
1651,0,978,933
1652,0,977,940
1653,0,973,938
1654,0,977,939
1655,0,980,940
1656,0,993,950
1657,0,982,946
1658,0,989,943
1659,0,976,947
1660,0,989,943
1661,0,983,940
1662,0,976,947
1663,0,978,948
1664,0,986,946
1665,0,981,943
1666,0,983,945
1667,0,985,947
1668,0,980,947
1669,0,968,948
1670,0,979,941
1671,0,980,939
1672,0,980,943
1673,0,975,941
1674,0,963,941
1675,0,973,943
1676,0,975,937
1677,0,972,942
1678,0,979,941
1679,0,965,936
1680,0,971,937
1681,0,963,936
1682,0,963,936
1683,0,969,935
1684,0,967,939
1685,0,971,936
1686,0,976,929
1687,0,981,929
1688,0,964,942
1689,0,979,936
1690,0,977,943
1691,0,989,940
1692,0,988,933
1693,0,977,936
1694,0,987,941
1695,0,987,952
1696,0,982,949
1697,0,984,955
1698,0,977,949
1699,0,969,949
1700,0,977,947
1701,0,985,940
1702,0,987,944
1703,0,974,942
1704,0,980,948
1705,0,986,951
1706,0,981,947
1707,0,995,951
1708,0,985,945
1709,0,985,947
1710,0,980,951
1711,0,977,951
1712,0,976,943
1713,0,979,942
1714,0,981,941
1715,0,972,946
1716,0,977,946
1717,0,963,937
1718,0,969,935
1719,0,962,941
1720,0,959,939
1721,0,964,938
1722,0,966,937
1723,0,972,933
1724,0,979,935
1725,0,985,925
1726,0,975,939
1727,0,981,934
1728,0,977,938
1729,0,981,938
1730,0,982,929
1731,0,985,937
1732,0,979,940
1733,0,979,944
1734,0,976,951
1735,0,982,957
1736,0,979,950
1737,0,988,945
1738,0,977,951
1739,0,984,951
1740,0,981,946
1741,0,982,937
1742,0,986,941
1743,0,993,939
1744,0,991,937
1745,0,983,949
1746,0,995,948
1747,0,984,944
1748,0,979,949
1749,0,991,951
1750,0,993,942
1751,0,991,941
1752,0,971,953
1753,0,973,946
1754,0,969,939
1755,0,977,944
1756,0,975,942
1757,0,966,949
1758,0,965,944
1759,0,963,945
1760,0,964,943
1761,0,983,938
1762,0,979,932
1763,0,970,936
1764,0,977,933
1765,0,997,932
1766,0,959,945
1767,0,983,936
1768,0,981,945
1769,0,977,934
1770,0,968,938
1771,0,973,934
1772,0,966,941
1773,0,967,935
1774,0,963,935
1775,0,959,933
1776,0,963,943
1777,0,961,930
1778,0,966,939
1779,0,962,935
1780,0,963,937
1781,0,965,935
1782,0,969,943
1783,0,972,935
1784,0,970,943
1785,0,972,936
1786,0,976,937
1787,0,981,942
1788,0,987,947
1789,0,988,929
1790,0,983,936
1791,0,989,937
1792,0,996,939
1793,0,982,936
1794,0,985,943
1795,0,977,946
1796,0,994,943
1797,0,996,944
1798,0,975,945
1799,0,976,944
1800,0,977,945
1801,0,980,949
1802,0,975,941
1803,0,967,939
1804,0,971,950
1805,0,973,952
1806,0,973,949
1807,0,972,943
1808,0,979,940
1809,0,973,939
1810,0,965,938
1811,0,960,943
1812,0,953,943
1813,0,959,938
1814,0,960,937
1815,0,967,939
1816,0,965,940
1817,0,969,931
1818,0,959,932
1819,0,971,931
1820,0,969,934
1821,0,963,937
1822,0,969,932
1823,0,976,939
1824,0,979,936
1825,0,970,934
1826,0,989,935
1827,0,973,933
1828,0,984,940
1829,0,982,941
1830,0,977,942
1831,0,982,939
1832,0,984,940
1833,0,976,949
1834,0,989,941
1835,0,983,943
1836,0,984,945
1837,0,981,959
1838,0,980,948
1839,0,975,950
1840,0,976,943
1841,0,987,942
1842,0,974,948
1843,0,971,946
1844,0,975,932
1845,0,981,943
1846,0,969,942
1847,0,974,938
1848,0,974,938
1849,0,975,940
1850,0,966,943
1851,0,957,950
1852,0,964,937
1853,0,971,932
1854,0,974,936
1855,0,970,937
1856,0,981,942
1857,0,972,927
1858,0,971,927
1859,0,975,931
1860,0,973,925
1861,0,976,931
1862,0,966,936
1863,0,968,936
1864,0,978,947
1865,0,982,933
1866,0,979,941
1867,0,978,939
1868,0,989,942
1869,0,978,944
1870,0,979,944
1871,0,987,946
1872,0,993,941
1873,0,984,948
1874,0,987,950
1875,0,991,949
1876,0,981,951
1877,0,981,943
1878,0,979,959
1879,0,982,946
1880,0,977,953
1881,0,983,961
1882,0,979,944
1883,0,995,948
1884,0,976,951
1885,0,972,951
1886,0,978,949
1887,0,979,944
1888,0,981,952
1889,0,973,944
1890,0,973,938
1891,0,967,942
1892,0,963,939
1893,0,965,948
1894,0,967,937
1895,0,968,941
1896,0,963,937
1897,0,966,935
1898,0,971,939
1899,0,974,930
1900,0,978,939
1901,0,975,937
1902,0,969,939
1903,0,967,941
1904,0,988,945
1905,0,984,935
1906,0,977,932
1907,0,977,947
1908,0,988,947
1909,0,983,943
1910,0,986,949
1911,0,984,949
1912,0,983,941
1913,0,983,947
1914,0,985,942
1915,0,982,949
1916,0,984,950
1917,0,991,942
1918,0,987,944
1919,0,991,948
1920,0,992,957
1921,0,996,938
1922,0,983,942
1923,0,982,955
1924,0,983,951
1925,0,987,935
1926,0,975,939
1927,0,982,944
1928,0,972,957
1929,0,982,951
1930,0,973,934
1931,0,961,943
1932,0,970,935
1933,0,974,945
1934,0,962,938
1935,0,975,936
1936,0,973,929
1937,0,973,940
1938,0,976,928
1939,0,973,938
1940,0,967,941
1941,0,971,935
1942,0,984,937
1943,0,974,936
1944,0,1039,977
1945,0,994,952
1946,0,986,945
1947,0,986,936
1948,0,976,943
1949,0,984,947
1950,0,982,949
1951,0,977,949
1952,0,983,940
1953,0,987,954
1954,0,991,942
1955,0,977,950
1956,0,982,945
1957,0,983,949
1958,0,984,948
1959,0,979,947
1960,0,976,948
1961,0,977,948
1962,0,986,943
1963,0,991,943
1964,0,987,946
1965,0,983,941
1966,0,971,941
1967,0,973,944
1968,0,980,940
1969,0,985,939
1970,0,974,937
1971,0,965,942
1972,0,969,963
1973,0,975,992
1974,0,974,1051
1975,0,972,1088
1976,0,966,1167
1977,0,972,1179
1978,0,984,1156
1979,0,981,1131
1980,0,982,1108
1981,0,984,1082
1982,0,988,1087
1983,0,976,1063
1984,0,977,1051
1985,0,985,1055
1986,0,982,1033
1987,0,980,1019
1988,0,987,1017
1989,0,997,1005
1990,0,980,1019
1991,0,1007,991
1992,0,1037,991
1993,0,1087,999
1994,0,1147,978
1995,0,1200,968
1996,0,1228,987
1997,0,1211,968
1998,0,1187,970
1999,0,1179,965
2000,0,1145,963
2001,0,1131,962
2002,0,1120,966
2003,0,1103,978
2004,0,1075,975
2005,0,1085,949
2006,0,1055,963
2007,0,1054,968
2008,0,1029,951
2009,0,1045,951
2010,0,1019,950
2011,0,1008,949
2012,0,1016,938
2013,0,989,950
2014,0,984,933
2015,0,1001,942
2016,0,989,942
2017,0,984,936
2018,0,986,939
2019,0,977,942
2020,0,983,935
2021,0,976,937
2022,0,979,933
2023,0,983,932
2024,0,975,937
2025,0,980,943
2026,0,998,937
2027,0,993,936
2028,0,995,933
2029,0,987,943
2030,0,973,942
2031,0,979,950
2032,0,983,952
2033,0,981,941
2034,0,982,951
2035,0,971,945
2036,0,976,932
2037,0,973,943
2038,0,972,949
2039,0,987,951
2040,0,978,954
2041,0,980,946
2042,0,977,946
2043,0,975,948
2044,0,974,941
2045,0,978,938
2046,0,973,941
2047,0,977,954
2048,0,973,951
2049,0,972,943
2050,0,972,935
2051,0,977,930
2052,0,964,931
2053,0,967,935
2054,0,940,941
2055,0,955,935
2056,0,965,938
2057,0,961,939
2058,0,940,936
2059,0,967,946
2060,0,966,936
2061,0,962,941
2062,0,978,932
2063,0,975,937
2064,0,977,929
2065,0,983,936
2066,0,981,940
2067,0,969,945
2068,0,981,942
2069,0,973,948
2070,0,973,945
2071,0,972,948
2072,0,978,947
2073,0,990,945
2074,0,973,948
2075,0,978,947
2076,0,968,959
2077,0,975,946
2078,0,974,948
2079,0,979,942
2080,0,985,940
2081,0,984,943
2082,0,981,953
2083,0,973,956
2084,0,970,948
2085,0,982,945
2086,0,983,937
2087,0,963,941
2088,0,954,943
2089,0,968,944
2090,0,968,936
2091,0,967,944
2092,0,966,935
2093,0,965,947
2094,0,960,940
2095,0,968,947
2096,0,971,938
2097,0,960,937
2098,0,965,938
2099,0,973,930
2100,0,975,939
2101,0,968,943
2102,0,980,937
2103,0,974,949
2104,0,974,935
2105,0,975,938
2106,0,972,948
2107,0,980,952
2108,0,984,941
2109,0,991,937
2110,0,980,940
2111,0,985,943
2112,0,990,939
2113,0,983,932
2114,0,979,951
2115,0,982,938
2116,0,978,930
2117,0,975,950
2118,0,974,942
2119,0,980,938
2120,0,974,948
2121,0,983,950
2122,0,973,949
2123,0,980,943
2124,0,967,949
2125,0,967,944
2126,0,989,945
2127,0,983,937
2128,0,959,938
2129,0,968,939
2130,0,980,940
2131,0,969,939
2132,0,970,940
2133,0,968,943
2134,0,959,940
2135,0,969,936
2136,0,974,940
2137,0,973,925
2138,0,969,935
2139,0,975,930
2140,0,969,941
2141,0,967,947
2142,0,971,944
2143,0,983,943
2144,0,990,939
2145,0,993,932
2146,0,973,933
2147,0,975,943
2148,0,985,945
2149,0,984,949
2150,0,993,936
2151,0,978,941
2152,0,974,946
2153,0,993,947
2154,0,984,935
2155,0,984,943
2156,0,985,939
2157,0,983,949
2158,0,986,951
2159,0,989,947
2160,0,976,941
2161,0,981,947
2162,0,977,944
2163,0,988,941
2164,0,980,947
2165,0,971,945
2166,0,976,953
2167,0,970,944
2168,0,968,944
2169,0,972,945
2170,0,963,941
2171,0,968,935
2172,0,973,933
2173,0,970,921
2174,0,969,931
2175,0,965,934
2176,0,974,941
2177,0,963,933
2178,0,971,934
2179,0,978,926
2180,0,981,928
2181,0,971,940
2182,0,975,936
2183,0,980,932
2184,0,985,933
2185,0,975,947
2186,0,984,943
2187,0,977,944
2188,0,985,942
2189,0,985,948
2190,0,985,948
2191,0,989,951
2192,0,977,945
2193,0,982,942
2194,0,979,944
2195,0,970,957
2196,0,986,955
2197,0,980,954
2198,0,976,945
2199,0,979,955
2200,0,987,958
2201,0,995,945
2202,0,983,941
2203,0,974,948
2204,0,975,943
2205,0,975,953
2206,0,969,951
2207,0,988,944
2208,0,970,933
2209,0,973,940
2210,0,956,950
2211,0,964,937
2212,0,969,942
2213,0,970,947
2214,0,967,940
2215,0,960,943
2216,0,965,938
2217,0,973,928
2218,0,976,928
2219,0,977,935
2220,0,976,930
2221,0,980,939
2222,0,978,942
2223,0,985,936
2224,0,990,935
2225,0,983,941
2226,0,987,949
2227,0,979,938
2228,0,987,952
2229,0,987,949
2230,0,985,942
2231,0,977,953
2232,0,980,957
2233,0,985,948
2234,0,989,945
2235,0,999,944
2236,0,991,930
2237,0,983,941
2238,0,976,942
2239,0,984,936
2240,0,987,938
2241,0,978,940
2242,0,980,943
2243,0,980,940
2244,0,986,938
2245,0,978,937
2246,0,976,939
2247,0,975,949
2248,0,975,937
2249,0,965,938
2250,0,965,941
2251,0,970,941
2252,0,964,939
2253,0,960,944
2254,0,968,937
2255,0,975,929
2256,0,972,940
2257,0,984,929
2258,0,975,929
2259,0,968,941
2260,0,973,932
2261,0,971,933
2262,0,972,935
2263,0,976,942
2264,0,986,937
2265,0,988,940
2266,0,991,937
2267,0,978,947
2268,0,979,947
2269,0,983,949
2270,0,978,947
2271,0,987,947
2272,0,991,948
2273,0,990,944
2274,0,977,948
2275,0,979,952
2276,0,975,954
2277,0,993,947
2278,0,982,949
2279,0,984,955
2280,0,982,951
2281,0,982,942
2282,0,985,961
2283,0,976,983
2284,0,984,1023
2285,0,975,1090
2286,0,973,1145
2287,0,982,1164
2288,0,982,1156
2289,0,973,1159
2290,0,969,1120
2291,0,970,1098
2292,0,971,1098
2293,0,961,1087
2294,0,966,1066
2295,0,961,1053
2296,0,978,1036
2297,0,968,1010
2298,0,983,1002
2299,0,983,1015
2300,0,985,978
2301,0,1003,991
2302,0,1023,981
2303,0,1083,999
2304,0,1144,978
2305,0,1200,979
2306,0,1212,986
2307,0,1215,952
2308,0,1170,960
2309,0,1144,978
2310,0,1140,964
2311,0,1120,955
2312,0,1112,950
2313,0,1096,954
2314,0,1083,964
2315,0,1062,960
2316,0,1068,962
2317,0,1040,954
2318,0,1039,940
2319,0,1049,940
2320,0,1024,954
2321,0,1039,943
2322,0,1019,954
2323,0,999,961
2324,0,1001,943
2325,0,1007,950
2326,0,987,948
2327,0,983,954
2328,0,984,939
2329,0,985,936
2330,0,978,929
2331,0,977,948
2332,0,969,943
2333,0,983,947
2334,0,973,948
2335,0,977,935
2336,0,967,933
2337,0,976,933
2338,0,962,949
2339,0,962,945
2340,0,966,941
2341,0,979,937
2342,0,980,936
2343,0,972,938
2344,0,973,941
2345,0,987,933
2346,0,979,939
2347,0,974,940
2348,0,981,945
2349,0,972,948
2350,0,976,946
2351,0,977,944
2352,0,975,945
2353,0,982,947
2354,0,978,948
2355,0,974,952
2356,0,971,944
2357,0,968,948
2358,0,962,941
2359,0,965,942
2360,0,969,947
2361,0,967,948
2362,0,969,948
2363,0,978,941
2364,0,980,938
2365,0,975,938
2366,0,978,936
2367,0,980,935
2368,0,963,942
2369,0,971,943
2370,0,964,940
2371,0,968,934
2372,0,955,937
2373,0,952,933
2374,0,961,935
2375,0,961,933
2376,0,959,939
2377,0,966,931
2378,0,969,932
2379,0,969,937
2380,0,966,936
2381,0,962,947
2382,0,978,931
2383,0,970,930
2384,0,966,936
2385,0,969,935
2386,0,967,945
2387,0,976,939
2388,0,968,941
2389,0,974,946
2390,0,974,946
2391,0,967,947
2392,0,974,944
2393,0,975,945
2394,0,976,952
2395,0,977,946
2396,0,974,943
2397,0,965,949
2398,0,974,947
2399,0,970,944
2400,0,975,941
2401,0,971,945
2402,0,971,945
2403,0,973,936
2404,0,973,950
2405,0,972,950
2406,0,973,940
2407,0,965,941
2408,0,968,940
2409,0,971,931
2410,0,972,933
2411,0,963,936
2412,0,967,928
2413,0,964,935
2414,0,962,940
2415,0,967,929
2416,0,962,933
2417,0,961,936
2418,0,972,935
2419,0,965,937
2420,0,967,936
2421,0,977,932
2422,0,985,932
2423,0,974,942
2424,0,975,943
2425,0,973,949
2426,0,980,943
2427,0,977,938
2428,0,981,941
2429,0,981,938
2430,0,985,937
2431,0,983,943
2432,0,980,944
2433,0,983,943
2434,0,989,939
2435,0,983,942
2436,0,975,945
2437,0,981,949
2438,0,983,939
2439,0,983,942
2440,0,970,943
2441,0,964,945
2442,0,974,948
2443,0,971,941
2444,0,966,944
2445,0,979,949
2446,0,979,937
2447,0,978,940
2448,0,973,948
2449,0,971,939
2450,0,966,944
2451,0,961,944
2452,0,956,940
2453,0,959,935
2454,0,1002,962
2455,0,984,969
2456,0,962,937
2457,0,969,934
2458,0,967,937
2459,0,968,938
2460,0,964,942
2461,0,973,941
2462,0,982,937
2463,0,984,939
2464,0,980,935
2465,0,981,939
2466,0,987,940
2467,0,978,943
2468,0,987,932
2469,0,984,943
2470,0,984,939
2471,0,979,946
2472,0,978,941
2473,0,980,939
2474,0,978,940
2475,0,980,949
2476,0,978,953
2477,0,965,944
2478,0,985,941
2479,0,988,940
2480,0,983,926
2481,0,978,947
2482,0,980,944
2483,0,983,941
2484,0,971,949
2485,0,976,940
2486,0,980,935
2487,0,963,943
2488,0,962,942
2489,0,970,936
2490,0,969,938
2491,0,969,938
2492,0,974,932
2493,0,956,932
2494,0,967,935
2495,0,962,937
2496,0,972,932
2497,0,977,927
2498,0,979,927
2499,0,976,939
2500,0,971,939
2501,0,986,937
2502,0,979,942
2503,0,982,940
2504,0,977,937
2505,0,975,945
2506,0,985,945
2507,0,976,943
2508,0,983,952
2509,0,993,947
2510,0,1001,939
2511,0,984,939
2512,0,981,941
2513,0,983,952
2514,0,975,943
2515,0,983,950
2516,0,985,953
2517,0,983,948
2518,0,981,946
2519,0,984,957
2520,0,984,944
2521,0,991,940
2522,0,975,946
2523,0,975,947
2524,0,977,948
2525,0,977,946
2526,0,973,941
2527,0,971,943
2528,0,976,937
2529,0,962,944
2530,0,967,939
2531,0,962,936
2532,0,979,934
2533,0,963,935
2534,0,971,951
2535,0,970,944
2536,0,974,937
2537,0,975,937
2538,0,975,936
2539,0,975,936
2540,0,978,937
2541,0,980,938
2542,0,985,936
2543,0,980,932
2544,0,978,941
2545,0,977,943
2546,0,981,955
2547,0,983,948
2548,0,985,944
2549,0,989,951
2550,0,980,947
2551,0,978,949
2552,0,987,955
2553,0,981,948
2554,0,991,941
2555,0,991,935
2556,0,987,936
2557,0,978,940
2558,0,991,942
2559,0,993,939
2560,0,988,944
2561,0,979,943
2562,0,995,946
2563,0,990,942
2564,0,974,952
2565,0,977,941
2566,0,973,943
2567,0,980,931
2568,0,969,933
2569,0,979,939
2570,0,975,939
2571,0,962,942
2572,0,966,942
2573,0,974,936
2574,0,979,938
2575,0,979,933
2576,0,987,927
2577,0,976,930
2578,0,973,937
2579,0,982,936
2580,0,984,940
2581,0,985,945
2582,0,978,943
2583,0,986,939
2584,0,979,944
2585,0,984,936
2586,0,983,946
2587,0,986,952
2588,0,987,954
2589,0,987,944
2590,0,990,946
2591,0,978,940
2592,0,989,946
2593,0,975,948
2594,0,981,969
2595,0,976,999
2596,0,992,1059
2597,0,983,1117
2598,0,985,1159
2599,0,987,1182
2600,0,991,1174
2601,0,990,1141
2602,0,977,1119
2603,0,983,1103
2604,0,986,1100
2605,0,976,1085
2606,0,979,1069
2607,0,984,1032
2608,0,979,1024
2609,0,961,1032
2610,0,970,1004
2611,0,974,1011
2612,0,975,996
2613,0,1005,993
2614,0,1032,995
2615,0,1103,998
2616,0,1145,967
2617,0,1214,965
2618,0,1222,954
2619,0,1208,959
2620,0,1194,963
2621,0,1147,958
2622,0,1154,955
2623,0,1129,950
2624,0,1113,955
2625,0,1091,962
2626,0,1085,951
2627,0,1081,967
2628,0,1059,948
2629,0,1062,944
2630,0,1047,946
2631,0,1028,949
2632,0,1035,945
2633,0,1017,949
2634,0,1023,948
2635,0,1027,952
2636,0,1000,949
2637,0,1021,954
2638,0,988,940
2639,0,989,935
2640,0,1004,931
2641,0,988,941
2642,0,977,944
2643,0,987,945
2644,0,980,945
2645,0,964,948
2646,0,974,944
2647,0,978,940
2648,0,978,935
2649,0,974,938
2650,0,970,948
2651,0,965,935
2652,0,969,935
2653,0,971,931
2654,0,965,928
2655,0,975,932
2656,0,959,933
2657,0,954,939
2658,0,961,942
2659,0,971,936
2660,0,972,936
2661,0,971,935
2662,0,965,934
2663,0,978,936
2664,0,984,930
2665,0,979,940
2666,0,981,941
2667,0,977,935
2668,0,976,936
2669,0,983,948
2670,0,980,958
2671,0,971,943
2672,0,974,951
2673,0,981,946
2674,0,978,944
2675,0,967,943
2676,0,977,944
2677,0,973,950
2678,0,975,941
2679,0,975,948
2680,0,973,947
2681,0,970,940
2682,0,970,937
2683,0,975,936
2684,0,968,937
2685,0,968,947
2686,0,966,951
2687,0,967,934
2688,0,966,937
2689,0,965,938
2690,0,970,931
2691,0,963,942
2692,0,960,936
2693,0,958,942
2694,0,969,939
2695,0,968,928
2696,0,967,932
2697,0,957,951
2698,0,970,938
2699,0,967,941
2700,0,970,941
2701,0,977,937
2702,0,978,945
2703,0,978,939
2704,0,985,935
2705,0,974,947
2706,0,979,934
2707,0,972,939
2708,0,973,940
2709,0,977,940
2710,0,977,938
2711,0,973,936
2712,0,983,951
2713,0,985,949
2714,0,975,941
2715,0,973,951
2716,0,971,945
2717,0,983,947
2718,0,988,944
2719,0,980,943
2720,0,978,940
2721,0,970,949
2722,0,967,953
2723,0,971,940
2724,0,978,942
2725,0,962,941
2726,0,965,951
2727,0,971,941
2728,0,961,943
2729,0,962,933
2730,0,977,935
2731,0,963,934
2732,0,959,938
2733,0,962,938
2734,0,961,931
2735,0,957,934
2736,0,962,940
2737,0,967,936
2738,0,975,934
2739,0,970,929
2740,0,978,933
2741,0,976,938
2742,0,978,942
2743,0,981,946
2744,0,984,942
2745,0,987,945
2746,0,983,937
2747,0,984,938
2748,0,974,940
2749,0,979,946
2750,0,981,949
2751,0,983,934
2752,0,986,950
2753,0,986,946
2754,0,985,941
2755,0,967,948
2756,0,978,946
2757,0,979,947
2758,0,983,945
2759,0,970,948
2760,0,982,945
2761,0,970,940
2762,0,975,940
2763,0,962,949
2764,0,974,947
2765,0,979,946
2766,0,969,943
2767,0,971,933
2768,0,967,939
2769,0,955,942
2770,0,969,937
2771,0,967,939
2772,0,969,935
2773,0,961,935
2774,0,971,942
2775,0,968,937
2776,0,974,927
2777,0,970,941
2778,0,966,941
2779,0,964,941
2780,0,972,941
2781,0,985,936
2782,0,983,939
2783,0,983,939
2784,0,975,941
2785,0,972,945
2786,0,978,947
2787,0,986,945
2788,0,984,946
2789,0,981,949
2790,0,977,944
2791,0,991,947
2792,0,977,939
2793,0,988,944
2794,0,985,945
2795,0,981,944
2796,0,975,951
2797,0,975,943
2798,0,986,938
2799,0,976,942
2800,0,975,942
2801,0,1001,942
2802,0,981,945
2803,0,976,944
2804,0,972,951
2805,0,970,939
2806,0,978,947
2807,0,967,943
2808,0,962,944
2809,0,975,939
2810,0,974,932
2811,0,973,932
2812,0,971,939
2813,0,979,933
2814,0,968,937
2815,0,967,933
2816,0,973,932
2817,0,975,934
2818,0,977,932
2819,0,965,939
2820,0,980,945
2821,0,999,933
2822,0,985,933
2823,0,977,936
2824,0,985,954
2825,0,978,951
2826,0,983,945
2827,0,976,950
2828,0,984,949
2829,0,1003,948
2830,0,980,943
2831,0,982,939
2832,0,990,940
2833,0,974,949
2834,0,984,949
2835,0,984,948
2836,0,979,943
2837,0,983,957
2838,0,986,945
2839,0,986,944
2840,0,988,945
2841,0,984,944
2842,0,977,945
2843,0,985,949
2844,0,973,953
2845,0,976,944
2846,0,964,945
2847,0,978,935
2848,0,966,944
2849,0,968,948
2850,0,960,945
2851,0,969,940
2852,0,967,933
2853,0,962,940
2854,0,972,936
2855,0,978,933
2856,0,980,940
2857,0,970,935
2858,0,984,935
2859,0,972,936
2860,0,967,942
2861,0,986,936
2862,0,982,948
2863,0,971,943
2864,0,974,940
2865,0,987,948
2866,0,983,950
2867,0,987,948
2868,0,983,950
2869,0,979,955
2870,0,978,945
2871,0,979,953
2872,0,983,955
2873,0,984,945
2874,0,976,939
2875,0,983,937
2876,0,978,949
2877,0,987,933
2878,0,990,940
2879,0,991,943
2880,0,993,944
2881,0,985,936
2882,0,983,944
2883,0,966,944
2884,0,968,945
2885,0,970,943
2886,0,971,936
2887,0,968,947
2888,0,977,935
2889,0,977,945
2890,0,973,939
2891,0,966,944
2892,0,972,930
2893,0,976,920
2894,0,957,937
2895,0,980,927
2896,0,980,934
2897,0,972,947
2898,0,981,936
2899,0,978,927
2900,0,985,933
2901,0,976,936
2902,0,997,933
2903,0,984,937
2904,0,979,943
2905,0,986,974
2906,0,987,1007
2907,0,978,1056
2908,0,982,1129
2909,0,987,1164
2910,0,995,1184
2911,0,999,1164
2912,0,986,1131
2913,0,982,1131
2914,0,984,1097
2915,0,986,1087
2916,0,986,1078
2917,0,980,1032
2918,0,983,1065
2919,0,983,1029
2920,0,984,1008
2921,0,993,1034
2922,0,978,1003
2923,0,991,992
2924,0,1010,1001
2925,0,1059,999
2926,0,1120,993
2927,0,1175,987
2928,0,1192,988
2929,0,1200,971
2930,0,1173,968
2931,0,1139,971
2932,0,1136,951
2933,0,1115,955
2934,0,1088,964
2935,0,1064,959
2936,0,1085,959
2937,0,1058,936
2938,0,1063,951
2939,0,1043,946
2940,0,1044,958
2941,0,1042,945
2942,0,1041,944
2943,0,1038,937
2944,0,1018,932
2945,0,1029,941
2946,0,1020,932
2947,0,995,948
2948,0,1001,944
2949,0,1014,941
2950,0,1003,949
2951,0,983,947
2952,0,1007,952
2953,0,994,952
2954,0,985,951
2955,0,990,949
2956,0,987,946
2957,0,996,941
2958,0,984,941
2959,0,981,941
2960,0,985,950
2961,0,970,952
2962,0,974,951
2963,0,969,942
2964,0,987,956
2965,0,1013,983
2966,0,966,955
2967,0,971,946
2968,0,969,924
2969,0,960,935
2970,0,960,941
2971,0,969,938
2972,0,968,937
2973,0,973,928
2974,0,969,931
2975,0,966,928
2976,0,962,928
2977,0,967,938
2978,0,972,934
2979,0,975,927
2980,0,976,930
2981,0,974,927
2982,0,974,946
2983,0,983,931
2984,0,978,941
2985,0,979,941
2986,0,974,941
2987,0,973,944
2988,0,975,942
2989,0,985,941
2990,0,990,940
2991,0,969,943
2992,0,979,942
2993,0,977,948
2994,0,978,950
2995,0,976,946
2996,0,967,952
2997,0,964,938
2998,0,965,948
2999,0,970,943
3000,0,979,948
3001,0,977,937
3002,0,974,933
3003,0,964,939
3004,0,967,946
3005,0,973,939
3006,0,971,937
3007,0,965,940
3008,0,961,942
3009,0,963,933
3010,0,956,939
3011,0,956,937
3012,0,965,936
3013,0,959,929
3014,0,958,930
3015,0,968,932
3016,0,965,931
3017,0,971,928
3018,0,969,933
3019,0,963,935
3020,0,975,941
3021,0,982,942
3022,0,974,942
3023,0,983,938
3024,0,975,946
3025,0,980,938
3026,0,991,939
3027,0,983,953
3028,0,978,950
3029,0,985,950
3030,0,977,946
3031,0,974,939
3032,0,975,951
3033,0,985,941
3034,0,973,943
3035,0,972,946
3036,0,983,940
3037,0,981,939
3038,0,991,938
3039,0,979,946
3040,0,976,949
3041,0,974,948
3042,0,975,947
3043,0,966,944
3044,0,963,942
3045,0,965,947
3046,0,966,944
3047,0,967,936
3048,0,969,936
3049,0,961,933
3050,0,966,939
3051,0,960,943
3052,0,967,936
3053,0,973,943
3054,0,969,934
3055,0,977,938
3056,0,975,930
3057,0,969,942
3058,0,971,936
3059,0,984,936
3060,0,975,941
3061,0,973,950
3062,0,986,940
3063,0,974,949
3064,0,983,949
3065,0,985,942
3066,0,989,940
3067,0,980,943
3068,0,987,941
3069,0,990,948
3070,0,995,938
3071,0,979,935
3072,0,1002,940
3073,0,995,951
3074,0,975,940
3075,0,975,950
3076,0,977,944
3077,0,979,944
3078,0,983,941
3079,0,973,953
3080,0,977,947
3081,0,967,943
3082,0,968,950
3083,0,977,945
3084,0,980,946
3085,0,967,943
3086,0,971,944
3087,0,967,943
3088,0,955,950
3089,0,962,931
3090,0,965,939
3091,0,968,941
3092,0,966,932
3093,0,969,931
3094,0,969,937
3095,0,982,935
3096,0,967,936
3097,0,967,939
3098,0,973,939
3099,0,983,942
3100,0,985,933
3101,0,980,934
3102,0,987,934
3103,0,981,949
3104,0,981,953
3105,0,973,950
3106,0,982,943
3107,0,984,950
3108,0,983,949
3109,0,983,951
3110,0,978,948
3111,0,988,947
3112,0,977,946
3113,0,984,947
3114,0,984,953
3115,0,980,953
3116,0,977,946
3117,0,987,946
3118,0,987,947
3119,0,973,947
3120,0,983,944
3121,0,974,937
3122,0,969,947
3123,0,966,952
3124,0,962,946
3125,0,965,941
3126,0,966,945
3127,0,967,938
3128,0,966,939
3129,0,976,953
3130,0,970,934
3131,0,975,941
3132,0,963,943
3133,0,968,936
3134,0,968,937
3135,0,979,934
3136,0,981,931
3137,0,973,943
3138,0,969,941
3139,0,990,954
3140,0,979,938
3141,0,989,945
3142,0,979,947
3143,0,984,946
3144,0,983,940
3145,0,981,947
3146,0,969,951
3147,0,987,953
3148,0,997,933
3149,0,982,940
3150,0,979,940
3151,0,976,938
3152,0,983,946
3153,0,986,946
3154,0,982,948
3155,0,985,946
3156,0,985,959
3157,0,982,941
3158,0,983,944
3159,0,979,940
3160,0,977,945
3161,0,982,947
3162,0,981,955
3163,0,974,944
3164,0,973,947
3165,0,971,947
3166,0,977,942
3167,0,972,939
3168,0,967,937
3169,0,973,946
3170,0,970,939
3171,0,960,947
3172,0,962,942
3173,0,971,933
3174,0,981,932
3175,0,979,929
3176,0,979,938
3177,0,977,933
3178,0,976,937
3179,0,974,942
3180,0,988,932
3181,0,982,931
3182,0,981,934
3183,0,977,949
3184,0,991,939
3185,0,979,944
3186,0,982,953
3187,0,980,944
3188,0,989,944
3189,0,985,947
3190,0,977,954
3191,0,988,947
3192,0,985,942
3193,0,997,939
3194,0,982,938
3195,0,985,945
3196,0,991,942
3197,0,981,948
3198,0,989,943
3199,0,988,946
3200,0,985,942
3201,0,987,938
3202,0,970,946
3203,0,975,942
3204,0,971,961
3205,0,974,937
3206,0,976,942
3207,0,961,939
3208,0,965,943
3209,0,966,947
3210,0,973,942
3211,0,975,934
3212,0,978,927
3213,0,968,934
3214,0,976,951
3215,0,983,962
3216,0,967,1015
3217,0,966,1053
3218,0,983,1127
3219,0,980,1167
3220,0,982,1181
3221,0,982,1167
3222,0,992,1141
3223,0,987,1125
3224,0,991,1103
3225,0,979,1080
3226,0,979,1083
3227,0,981,1064
3228,0,987,1062
3229,0,990,1027
3230,0,985,1023
3231,0,975,1031
3232,0,979,1004
3233,0,995,1021
3234,0,1022,1010
3235,0,1047,999
3236,0,1097,999
3237,0,1163,976
3238,0,1208,959
3239,0,1220,968
3240,0,1182,977
3241,0,1174,975
3242,0,1141,979
3243,0,1116,976
3244,0,1100,961
3245,0,1107,958
3246,0,1072,964
3247,0,1055,962
3248,0,1053,952
3249,0,1051,963
3250,0,1032,953
3251,0,1037,957
3252,0,1023,945
3253,0,1015,947
3254,0,1023,941
3255,0,992,949
3256,0,998,937
3257,0,1007,943
3258,0,996,941
3259,0,999,939
3260,0,1015,930
3261,0,1007,938
3262,0,995,951
3263,0,992,947
3264,0,988,941
3265,0,988,944
3266,0,974,948
3267,0,988,942
3268,0,987,950
3269,0,991,945
3270,0,984,947
3271,0,975,946
3272,0,980,955
3273,0,981,948
3274,0,973,949
3275,0,985,947
3276,0,975,946
3277,0,988,947
3278,0,984,950
3279,0,965,945
3280,0,971,948
3281,0,979,941
3282,0,964,952
3283,0,972,945
3284,0,964,935
3285,0,968,933
3286,0,966,939
3287,0,966,930
3288,0,968,949
3289,0,950,935
3290,0,954,935
3291,0,954,938
3292,0,970,938
3293,0,967,934
3294,0,963,942
3295,0,964,940
3296,0,965,935
3297,0,962,942
3298,0,961,937
3299,0,963,935
3300,0,968,947
3301,0,977,943
3302,0,979,937
3303,0,978,938
3304,0,981,941
3305,0,977,949
3306,0,976,949
3307,0,987,942
3308,0,990,941
3309,0,980,949
3310,0,974,951
3311,0,974,950
3312,0,982,949
3313,0,979,952
3314,0,979,950
3315,0,973,947
3316,0,969,946
3317,0,964,945
3318,0,971,950
3319,0,980,947
3320,0,973,940
3321,0,982,932
3322,0,974,937
3323,0,975,939
3324,0,971,931
3325,0,965,931
3326,0,962,945
3327,0,965,932
3328,0,968,933
3329,0,961,939
3330,0,965,936
3331,0,958,932
3332,0,962,930
3333,0,961,934
3334,0,967,937
3335,0,971,934
3336,0,969,933
3337,0,967,936
3338,0,975,933
3339,0,977,931
3340,0,978,932
3341,0,971,945
3342,0,974,938
3343,0,946,954
3344,0,980,945
3345,0,977,940
3346,0,979,951
3347,0,982,941
3348,0,976,936
3349,0,981,951
3350,0,981,946
3351,0,976,948
3352,0,972,951
3353,0,971,941
3354,0,977,955
3355,0,980,955
3356,0,982,941
3357,0,980,936
3358,0,971,938
3359,0,976,953
3360,0,974,955
3361,0,972,949
3362,0,965,947
3363,0,973,947
3364,0,967,941
3365,0,967,937
3366,0,981,937
3367,0,967,940
3368,0,965,938
3369,0,969,931
3370,0,963,935
3371,0,970,934
3372,0,969,937
3373,0,967,934
3374,0,967,932
3375,0,979,933
3376,0,979,935
3377,0,980,928
3378,0,981,935
3379,0,985,939
3380,0,985,934
3381,0,977,943
3382,0,975,942
3383,0,976,944
3384,0,987,933
3385,0,991,929
3386,0,983,945
3387,0,993,937
3388,0,987,931
3389,0,982,939
3390,0,979,942
3391,0,987,943
3392,0,983,938
3393,0,970,941
3394,0,986,943
3395,0,980,946
3396,0,982,943
3397,0,969,941
3398,0,975,949
3399,0,984,949
3400,0,972,944
3401,0,966,948
3402,0,974,945
3403,0,974,937
3404,0,962,947
3405,0,973,941
3406,0,975,941
3407,0,963,940
3408,0,961,941
3409,0,966,941
3410,0,963,939
3411,0,969,942
3412,0,976,937
3413,0,966,933
3414,0,980,924
3415,0,969,932
3416,0,973,931
3417,0,984,937
3418,0,977,945
3419,0,1004,937
3420,0,994,935
3421,0,983,932
3422,0,979,940
3423,0,987,940
3424,0,979,946
3425,0,989,938
3426,0,991,946
3427,0,982,941
3428,0,985,945
3429,0,987,947
3430,0,986,933
3431,0,979,943
3432,0,986,937
3433,0,981,942
3434,0,981,945
3435,0,980,947
3436,0,985,940
3437,0,980,948
3438,0,973,962
3439,0,981,949
3440,0,975,950
3441,0,967,951
3442,0,980,951
3443,0,972,940
3444,0,973,945
3445,0,967,944
3446,0,960,948
3447,0,967,939
3448,0,968,930
3449,0,970,935
3450,0,961,945
3451,0,975,929
3452,0,972,932
3453,0,972,932
3454,0,975,930
3455,0,974,928
3456,0,996,931
3457,0,962,936
3458,0,979,933
3459,0,975,937
3460,0,983,949
3461,0,983,951
3462,0,992,946
3463,0,972,943
3464,0,977,947
3465,0,979,947
3466,0,988,950
3467,0,983,938
3468,0,990,941
3469,0,979,946
3470,0,980,951
3471,0,976,955
3472,0,987,943
3473,0,981,949
3474,0,972,951
3475,0,1028,985
3476,0,988,968
3477,0,988,958
3478,0,980,939
3479,0,977,942
3480,0,972,945
3481,0,969,949
3482,0,968,943
3483,0,965,949
3484,0,974,940
3485,0,973,932
3486,0,960,936
3487,0,960,938
3488,0,979,942
3489,0,961,938
3490,0,974,942
3491,0,965,937
3492,0,973,935
3493,0,977,930
3494,0,975,930
3495,0,973,932
3496,0,985,933
3497,0,980,937
3498,0,981,938
3499,0,979,931
3500,0,983,934
3501,0,982,942
3502,0,982,951
3503,0,986,937
3504,0,980,956
3505,0,994,941
3506,0,982,939
3507,0,982,943
3508,0,992,950
3509,0,986,951
3510,0,978,948
3511,0,985,946
3512,0,981,940
3513,0,990,941
3514,0,990,941
3515,0,973,936
3516,0,983,940
3517,0,979,927
3518,0,991,943
3519,0,978,945
3520,0,983,944
3521,0,969,949
3522,0,974,939
3523,0,968,942
3524,0,975,939
3525,0,961,940
3526,0,968,943
3527,0,960,957
3528,0,971,981
3529,0,960,1027
3530,0,973,1079
3531,0,983,1120
3532,0,968,1183
3533,0,981,1171
3534,0,977,1128
3535,0,975,1120
3536,0,976,1103
3537,0,987,1091
3538,0,975,1072
3539,0,973,1054
3540,0,987,1055
3541,0,988,1028
3542,0,984,1030
3543,0,975,1008
3544,0,975,1016
3545,0,975,1012
3546,0,993,1013
3547,0,1035,992
3548,0,1064,999
3549,0,1144,976
3550,0,1186,981
3551,0,1235,968
3552,0,1198,979
3553,0,1193,975
3554,0,1154,960
3555,0,1150,967
3556,0,1135,964
3557,0,1119,953
3558,0,1113,953
3559,0,1093,969
3560,0,1079,971
3561,0,1055,967
3562,0,1028,959
3563,0,1038,962
3564,0,1022,953
3565,0,1021,952
3566,0,1017,951
3567,0,994,949
3568,0,1012,949
3569,0,1007,944
3570,0,1003,945
3571,0,989,947
3572,0,993,936
3573,0,981,944
3574,0,983,940
3575,0,994,928
3576,0,999,929
3577,0,978,933
3578,0,980,943
3579,0,990,936
3580,0,980,931
3581,0,979,943
3582,0,975,939
3583,0,980,933
3584,0,989,947
3585,0,977,957
3586,0,976,946
3587,0,980,946
3588,0,979,945
3589,0,975,949
3590,0,971,949
3591,0,976,947
3592,0,973,946
3593,0,980,945
3594,0,972,934
3595,0,969,934
3596,0,968,941
3597,0,973,937
3598,0,966,945
3599,0,968,946
3600,0,969,944
3601,0,960,940
3602,0,956,943
3603,0,960,942
3604,0,968,934
3605,0,955,935
3606,0,959,929
3607,0,958,936
3608,0,962,944
3609,0,958,941
3610,0,963,946
3611,0,965,933
3612,0,968,935
3613,0,958,939
3614,0,951,945
3615,0,958,936
3616,0,962,939
3617,0,971,932
3618,0,971,939
3619,0,971,942
3620,0,971,948
3621,0,983,937
3622,0,984,934
3623,0,982,941
3624,0,972,945
3625,0,970,950
3626,0,967,943
3627,0,974,946
3628,0,973,956
3629,0,968,956
3630,0,975,951
3631,0,975,944
3632,0,971,950
3633,0,974,949
3634,0,970,949
3635,0,971,944
3636,0,975,952
3637,0,976,949
3638,0,975,947
3639,0,976,945
3640,0,971,938
3641,0,963,947
3642,0,970,943
3643,0,973,937
3644,0,958,935
3645,0,964,935
3646,0,964,935
3647,0,965,933
3648,0,956,942
3649,0,964,937
3650,0,966,934
3651,0,967,934
3652,0,974,934
3653,0,965,936
3654,0,962,936
3655,0,970,941
3656,0,973,945
3657,0,977,943
3658,0,988,933
3659,0,980,938
3660,0,972,939
3661,0,981,941
3662,0,981,947
3663,0,969,946
3664,0,980,947
3665,0,977,945
3666,0,976,943
3667,0,978,948
3668,0,982,945
3669,0,981,946
3670,0,975,948
3671,0,972,950
3672,0,976,947
3673,0,968,951
3674,0,983,949
3675,0,982,946
3676,0,989,943
3677,0,972,948
3678,0,967,943
3679,0,969,945
3680,0,973,942
3681,0,969,945
3682,0,963,937
3683,0,963,950
3684,0,974,949
3685,0,971,935
3686,0,963,939
3687,0,966,935
3688,0,967,940
3689,0,968,939
3690,0,964,940
3691,0,967,937
3692,0,968,933
3693,0,971,938
3694,0,970,933
3695,0,971,931
3696,0,972,937
3697,0,974,943
3698,0,980,937
3699,0,982,932
3700,0,981,938
3701,0,976,939
3702,0,984,944
3703,0,986,932
3704,0,984,940
3705,0,991,941
3706,0,976,937
3707,0,977,941
3708,0,975,942
3709,0,987,945
3710,0,980,942
3711,0,981,942
3712,0,971,943
3713,0,977,939
3714,0,969,947
3715,0,981,944
3716,0,971,938
3717,0,974,949
3718,0,973,948
3719,0,973,951
3720,0,974,947
3721,0,979,936
3722,0,981,932
3723,0,974,934
3724,0,975,939
3725,0,967,945
3726,0,959,946
3727,0,967,937
3728,0,994,944
3729,0,966,935
3730,0,959,935
3731,0,966,939
3732,0,971,935
3733,0,975,925
3734,0,965,934
3735,0,973,932
3736,0,973,937
3737,0,977,939
3738,0,979,935
3739,0,992,933
3740,0,990,930
3741,0,980,935
3742,0,978,945
3743,0,987,945
3744,0,982,944
3745,0,980,944
3746,0,977,948
3747,0,978,945
3748,0,990,946
3749,0,987,938
3750,0,976,947
3751,0,984,937
3752,0,984,943
3753,0,971,947
3754,0,980,943
3755,0,989,947
3756,0,975,951
3757,0,981,948
3758,0,980,949
3759,0,976,944
3760,0,976,951
3761,0,979,946
3762,0,969,944
3763,0,973,941
3764,0,973,952
3765,0,962,943
3766,0,976,936
3767,0,969,928
3768,0,972,939
3769,0,961,933
3770,0,977,940
3771,0,975,937
3772,0,975,935
3773,0,974,945
3774,0,979,934
3775,0,979,940
3776,0,966,938
3777,0,976,937
3778,0,973,943
3779,0,989,936
3780,0,979,940
3781,0,984,947
3782,0,988,943
3783,0,977,947
3784,0,982,945
3785,0,982,953
3786,0,993,939
3787,0,980,946
3788,0,992,943
3789,0,981,952
3790,0,977,951
3791,0,993,946
3792,0,980,33713
3793,0,979,946
3794,0,975,946
3795,0,978,947
3796,0,975,945
3797,0,971,960
3798,0,986,948
3799,0,976,945
3800,0,983,948
3801,0,971,953
3802,0,976,952
3803,0,976,947
3804,0,974,940
3805,0,977,938
3806,0,970,948
3807,0,963,939
3808,0,970,943
3809,0,969,940
3810,0,965,939
3811,0,967,940
3812,0,970,925
3813,0,966,939
3814,0,957,931
3815,0,965,935
3816,0,964,937
3817,0,973,935
3818,0,967,947
3819,0,964,934
3820,0,971,940
3821,0,967,938
3822,0,975,940
3823,0,974,940
3824,0,977,930
3825,0,977,934
3826,0,983,939
3827,0,983,941
3828,0,979,944
3829,0,987,946
3830,0,991,950
3831,0,974,948
3832,0,1014,967
3833,0,1008,970
3834,0,979,953
3835,0,979,953
3836,0,975,944
3837,0,966,954
3838,0,974,945
3839,0,968,951
3840,0,979,950
3841,0,985,943
3842,0,981,941
3843,0,968,946
3844,0,964,943
3845,0,964,952
3846,0,975,943
3847,0,971,943
3848,0,969,944
3849,0,966,940
3850,0,978,937
3851,0,975,943
3852,0,971,938
3853,0,971,937
3854,0,961,933
3855,0,973,940
3856,0,966,949
3857,0,965,928
3858,0,972,918
3859,0,954,932
3860,0,967,935
3861,0,972,936
3862,0,983,936
3863,0,984,932
3864,0,975,943
3865,0,969,942
3866,0,979,944
3867,0,972,944
3868,0,974,954
3869,0,980,940
3870,0,978,943
3871,0,979,946
3872,0,984,953
3873,0,985,941
3874,0,978,939
3875,0,982,946
3876,0,987,943
3877,0,980,941
3878,0,965,947
3879,0,979,946
3880,0,977,944
3881,0,978,946
3882,0,979,940
3883,0,977,944
3884,0,975,940
3885,0,970,946
3886,0,968,948
3887,0,967,942
3888,0,970,938
3889,0,967,947
3890,0,971,940
3891,0,961,943
3892,0,964,941
3893,0,962,941
3894,0,961,942
3895,0,955,937
3896,0,955,933
3897,0,965,928
3898,0,979,938
3899,0,969,932
3900,0,970,935
3901,0,979,935
3902,0,983,943
3903,0,984,943
3904,0,976,942
3905,0,987,942
3906,0,986,938
3907,0,971,946
3908,0,984,960
3909,0,981,946
3910,0,987,946
3911,0,987,944
3912,0,975,948
3913,0,977,951
3914,0,981,946
3915,0,985,941
3916,0,983,941
3917,0,973,941
3918,0,993,941
3919,0,976,946
3920,0,983,944
3921,0,980,942
3922,0,972,949
3923,0,979,953
3924,0,987,949
3925,0,981,946
3926,0,979,940
3927,0,974,944
3928,0,959,948
3929,0,971,941
3930,0,967,936
3931,0,967,945
3932,0,974,934
3933,0,973,934
3934,0,968,928
3935,0,961,931
3936,0,971,939
3937,0,979,935
3938,0,971,937
3939,0,971,935
3940,0,977,932
3941,0,983,937
3942,0,968,950
3943,0,985,938
3944,0,989,943
3945,0,985,943
3946,0,977,947
3947,0,981,943
3948,0,983,947
3949,0,987,942
3950,0,979,952
3951,0,988,949
3952,0,990,955
3953,0,982,948
3954,0,986,945
3955,0,975,948
3956,0,983,943
3957,0,994,947
3958,0,979,944
3959,0,983,945
3960,0,985,951
3961,0,977,944
3962,0,974,955
3963,0,983,946
3964,0,969,940
3965,0,972,949
3966,0,978,957
3967,0,974,942
3968,0,981,940
3969,0,978,945
3970,0,967,939
3971,0,960,943
3972,0,967,946
3973,0,973,945
3974,0,966,940
3975,0,962,937
3976,0,968,942
3977,0,968,942
3978,0,970,935
3979,0,983,928
3980,0,973,932
3981,0,978,943
3982,0,977,947
3983,0,985,942
3984,0,985,927
3985,0,984,928
3986,0,970,939
3987,0,974,950
3988,0,985,947
3989,0,982,945
3990,0,988,946
3991,0,993,938
3992,0,975,944
3993,0,980,944
3994,0,981,939
3995,0,985,959
3996,0,996,945
3997,0,989,942
3998,0,994,942
3999,0,977,948
4000,0,987,942
4001,0,987,947
4002,0,983,948
4003,0,980,935
4004,0,988,935
4005,0,976,937
4006,0,965,957
4007,0,976,940
4008,0,980,942
4009,0,967,937
4010,0,976,935
4011,0,971,938
4012,0,972,938
4013,0,969,939
4014,0,967,941
4015,0,977,955
4016,0,979,979
4017,0,964,1023
4018,0,975,1087
4019,0,991,1163
4020,0,975,1180
4021,0,981,1159
4022,0,992,1137
4023,0,979,1123
4024,0,982,1099
4025,0,981,1098
4026,0,991,1087
4027,0,993,1068
4028,0,981,1059
4029,0,979,1039
4030,0,979,1038
4031,0,993,1037
4032,0,991,1021
4033,0,995,1008
4034,0,1011,1007
4035,0,1039,1001
4036,0,1081,1002
4037,0,1127,991
4038,0,1192,983
4039,0,1215,981
4040,0,1188,985
4041,0,1169,983
4042,0,1167,968
4043,0,1132,969
4044,0,1106,962
4045,0,1092,960
4046,0,1076,959
4047,0,1062,957
4048,0,1071,963
4049,0,1049,955
4050,0,1016,950
4051,0,1021,953
4052,0,1035,943
4053,0,1022,943
4054,0,1019,938
4055,0,1027,947
4056,0,996,953
4057,0,984,941
4058,0,992,938
4059,0,1010,953
4060,0,999,943
4061,0,1005,935
4062,0,1001,936
4063,0,991,942
4064,0,995,932
4065,0,993,937
4066,0,985,939
4067,0,1006,937
4068,0,1000,938
4069,0,995,936
4070,0,993,958
4071,0,983,941
4072,0,975,947
4073,0,981,946
4074,0,986,946
4075,0,975,950
4076,0,984,951
4077,0,968,948
4078,0,970,950
4079,0,976,941
4080,0,985,941
4081,0,977,946
4082,0,971,937
4083,0,970,952
4084,0,969,947
4085,0,975,944
4086,0,978,949
4087,0,966,945
4088,0,975,935
4089,0,959,938
4090,0,960,944
4091,0,971,941
4092,0,964,934
4093,0,958,940
4094,0,957,942
4095,0,963,939
4096,0,970,931
4097,0,974,929
4098,0,964,932
4099,0,962,936
4100,0,962,934
4101,0,977,932
4102,0,968,932
4103,0,979,934
4104,0,972,943
4105,0,978,939
4106,0,982,937
4107,0,985,941
4108,0,981,949
4109,0,992,942
4110,0,976,943
4111,0,975,947
4112,0,974,935
4113,0,970,953
4114,0,976,955
4115,0,980,949
4116,0,970,949
4117,0,971,945
4118,0,979,947
4119,0,983,947
4120,0,970,945
4121,0,970,942
4122,0,972,951
4123,0,977,947
4124,0,976,943
4125,0,970,937
4126,0,971,943
4127,0,973,941
4128,0,980,935
4129,0,967,935
4130,0,967,934
4131,0,968,939
4132,0,979,936
4133,0,962,935
4134,0,962,937
4135,0,964,931
4136,0,968,937
4137,0,959,944
4138,0,969,940
4139,0,966,943
4140,0,975,939
4141,0,965,935
4142,0,971,940
4143,0,981,937
4144,0,973,953
4145,0,972,943
4146,0,975,935
4147,0,991,942
4148,0,993,933
4149,0,982,936
4150,0,967,948
4151,0,982,952
4152,0,982,945
4153,0,985,945
4154,0,977,945
4155,0,980,944
4156,0,978,945
4157,0,973,949
4158,0,981,948
4159,0,982,946
4160,0,982,941
4161,0,984,945
4162,0,975,954
4163,0,969,950
4164,0,975,959
4165,0,978,950
4166,0,970,941
4167,0,967,945
4168,0,973,941
4169,0,960,938
4170,0,977,928
4171,0,968,931
4172,0,968,941
4173,0,967,940
4174,0,970,932
4175,0,966,935
4176,0,977,941
4177,0,974,935
4178,0,970,934
4179,0,981,933
4180,0,977,942
4181,0,977,941
4182,0,969,938
4183,0,983,934
4184,0,977,939
4185,0,977,940
4186,0,978,945
4187,0,993,938
4188,0,982,938
4189,0,985,939
4190,0,977,938
4191,0,989,945
4192,0,986,942
4193,0,988,942
4194,0,983,948
4195,0,987,935
4196,0,978,936
4197,0,972,940
4198,0,976,947
4199,0,983,947
4200,0,989,946
4201,0,977,949
4202,0,975,952
4203,0,973,951
4204,0,973,943
4205,0,967,944
4206,0,968,947
4207,0,972,938
4208,0,968,941
4209,0,972,942
4210,0,968,940
4211,0,955,939
4212,0,975,937
4213,0,966,938
4214,0,966,935
4215,0,962,945
4216,0,972,936
4217,0,974,936
4218,0,976,937
4219,0,969,938
4220,0,971,939
4221,0,975,942
4222,0,980,939
4223,0,979,936
4224,0,991,932
4225,0,989,929
4226,0,971,936
4227,0,966,943
4228,0,970,944
4229,0,981,945
4230,0,985,960
4231,0,982,946
4232,0,975,944
4233,0,983,944
4234,0,981,941
4235,0,977,947
4236,0,981,942
4237,0,979,943
4238,0,967,947
4239,0,981,944
4240,0,983,947
4241,0,977,951
4242,0,973,952
4243,0,977,948
4244,0,974,944
4245,0,973,947
4246,0,968,948
4247,0,973,942
4248,0,968,946
4249,0,959,937
4250,0,969,952
4251,0,976,939
4252,0,978,937
4253,0,973,935
4254,0,962,938
4255,0,968,926
4256,0,969,931
4257,0,971,927
4258,0,975,937
4259,0,987,923
4260,0,975,928
4261,0,969,939
4262,0,974,935
4263,0,991,942
4264,0,993,936
4265,0,980,938
4266,0,981,950
4267,0,985,942
4268,0,1004,941
4269,0,985,948
4270,0,984,951
4271,0,992,943
4272,0,981,947
4273,0,986,938
4274,0,982,941
4275,0,973,953
4276,0,977,949
4277,0,981,951
4278,0,978,950
4279,0,971,948
4280,0,984,935
4281,0,968,943
4282,0,978,939
4283,0,974,946
4284,0,978,952
4285,0,971,945
4286,0,975,945
4287,0,975,941
4288,0,980,938
4289,0,973,937
4290,0,961,947
4291,0,970,938
4292,0,965,946
4293,0,970,940
4294,0,968,937
4295,0,964,941
4296,0,965,943
4297,0,974,932
4298,0,971,934
4299,0,975,939
4300,0,977,931
4301,0,972,933
4302,0,973,940
4303,0,988,942
4304,0,986,926
4305,0,974,937
4306,0,978,942
4307,0,985,943
4308,0,983,948
4309,0,991,947
4310,0,998,943
4311,0,976,945
4312,0,982,954
4313,0,983,952
4314,0,977,955
4315,0,986,945
4316,0,991,945
4317,0,993,939
4318,0,979,942
4319,0,982,937
4320,0,982,939
4321,0,978,947
4322,0,987,940
4323,0,986,939
4324,0,983,940
4325,0,969,950
4326,0,973,947
4327,0,974,945
4328,0,975,948
4329,0,959,971
4330,0,967,1000
4331,0,970,1060
4332,0,972,1127
4333,0,966,1162
4334,0,975,1157
4335,0,975,1122
4336,0,970,1135
4337,0,977,1092
4338,0,978,1078
4339,0,967,1085
4340,0,993,1074
4341,0,990,1036
4342,0,988,1026
4343,0,1034,1077
4344,0,987,1027
4345,0,980,1009
4346,0,991,1011
4347,0,995,1021
4348,0,1021,997
4349,0,1071,993
4350,0,1163,993
4351,0,1179,983
4352,0,1216,967
4353,0,1237,961
4354,0,1174,983
4355,0,1167,968
4356,0,1136,975
4357,0,1135,965
4358,0,1127,966
4359,0,1103,957
4360,0,1073,967
4361,0,1085,960
4362,0,1071,955
4363,0,1044,949
4364,0,1035,957
4365,0,1017,965
4366,0,1031,955
4367,0,1029,943
4368,0,1025,935
4369,0,1004,945
4370,0,993,941
4371,0,1003,937
4372,0,999,943
4373,0,993,944
4374,0,976,939
4375,0,964,936
4376,0,970,943
4377,0,982,947
4378,0,984,941
4379,0,985,931
4380,0,990,932
4381,0,976,932
4382,0,982,927
4383,0,985,930
4384,0,980,931
4385,0,990,940
4386,0,991,932
4387,0,991,932
4388,0,981,933
4389,0,970,948
4390,0,986,949
4391,0,988,942
4392,0,975,950
4393,0,980,943
4394,0,978,947
4395,0,971,954
4396,0,975,956
4397,0,979,951
4398,0,975,949
4399,0,977,944
4400,0,972,941
4401,0,983,951
4402,0,971,955
4403,0,960,948
4404,0,967,948
4405,0,967,945
4406,0,968,941
4407,0,961,946
4408,0,965,945
4409,0,971,945
4410,0,962,938
4411,0,961,940
4412,0,963,939
4413,0,966,944
4414,0,969,938
4415,0,962,940
4416,0,974,935
4417,0,966,934
4418,0,961,931
4419,0,957,947
4420,0,967,936
4421,0,967,930
4422,0,973,936
4423,0,986,946
4424,0,978,947
4425,0,983,944
4426,0,986,937
4427,0,975,953
4428,0,975,949
4429,0,976,945
4430,0,980,942
4431,0,978,954
4432,0,975,947
4433,0,969,946
4434,0,978,949
4435,0,971,945
4436,0,972,949
4437,0,975,944
4438,0,969,954
4439,0,971,943
4440,0,970,948
4441,0,975,943
4442,0,979,949
4443,0,985,943
4444,0,980,941
4445,0,974,946
4446,0,974,935
4447,0,974,943
4448,0,964,939
4449,0,971,948
4450,0,982,940
4451,0,971,937
4452,0,961,932
4453,0,965,942
4454,0,962,936
4455,0,960,929
4456,0,976,939
4457,0,969,939
4458,0,975,939
4459,0,980,930
4460,0,980,942
4461,0,982,939
4462,0,984,937
4463,0,987,942
4464,0,980,936
4465,0,978,939
4466,0,973,945
4467,0,980,950
4468,0,990,947
4469,0,982,951
4470,0,972,949
4471,0,985,950
4472,0,987,952
4473,0,979,946
4474,0,984,944
4475,0,972,952
4476,0,975,943
4477,0,981,951
4478,0,981,949
4479,0,983,944
4480,0,989,942
4481,0,972,943
4482,0,975,949
4483,0,968,943
4484,0,971,951
4485,0,971,948
4486,0,969,943
4487,0,969,939
4488,0,975,932
4489,0,965,935
4490,0,961,937
4491,0,968,941
4492,0,958,937
4493,0,966,945
4494,0,964,937
4495,0,979,935
4496,0,968,925
4497,0,970,932
4498,0,981,939
4499,0,978,936
4500,0,972,946
4501,0,980,939
4502,0,987,950
4503,0,987,947
4504,0,978,946
4505,0,970,948
4506,0,976,945
4507,0,992,947
4508,0,979,944
4509,0,990,947
4510,0,981,950
4511,0,975,945
4512,0,982,946
4513,0,981,945
4514,0,989,937
4515,0,986,944
4516,0,968,953
4517,0,980,954
4518,0,981,941
4519,0,986,944
4520,0,973,946
4521,0,982,948
4522,0,979,947
4523,0,975,945
4524,0,976,952
4525,0,973,944
4526,0,977,944
4527,0,968,939
4528,0,983,941
4529,0,973,943
4530,0,956,947
4531,0,967,946
4532,0,963,938
4533,0,964,937
4534,0,959,935
4535,0,984,937
4536,0,970,935
4537,0,974,932
4538,0,984,935
4539,0,964,935
4540,0,980,944
4541,0,972,946
4542,0,994,940
4543,0,985,939
4544,0,991,940
4545,0,981,945
4546,0,982,939
4547,0,975,956
4548,0,985,947
4549,0,983,946
4550,0,976,949
4551,0,986,943
4552,0,991,948
4553,0,988,947
4554,0,977,951
4555,0,972,943
4556,0,984,943
4557,0,975,955
4558,0,985,950
4559,0,987,952
4560,0,989,951
4561,0,975,943
4562,0,980,943
4563,0,971,957
4564,0,971,957
4565,0,979,942
4566,0,967,940
4567,0,974,956
4568,0,964,939
4569,0,961,939
4570,0,968,943
4571,0,978,938
4572,0,968,936
4573,0,966,942
4574,0,975,945
4575,0,974,937
4576,0,966,930
4577,0,988,935
4578,0,981,927
4579,0,982,927
4580,0,978,939
4581,0,976,939
4582,0,981,942
4583,0,985,938
4584,0,987,938
4585,0,977,951
4586,0,987,944
4587,0,986,944
4588,0,976,942
4589,0,988,938
4590,0,993,941
4591,0,978,944
4592,0,987,949
4593,0,980,939
4594,0,969,951
4595,0,987,951
4596,0,986,948
4597,0,985,950
4598,0,977,949
4599,0,984,956
4600,0,976,950
4601,0,985,939
4602,0,973,949
4603,0,970,943
4604,0,969,949
4605,0,966,947
4606,0,970,943
4607,0,972,936
4608,0,972,939
4609,0,966,937
4610,0,963,939
4611,0,963,938
4612,0,968,943
4613,0,981,958
4614,0,960,946
4615,0,972,934
4616,0,983,932
4617,0,990,935
4618,0,973,937
4619,0,981,928
4620,0,980,933
4621,0,977,945
4622,0,985,945
4623,0,981,937
4624,0,970,944
4625,0,987,946
4626,0,995,943
4627,0,984,944
4628,0,984,945
4629,0,989,951
4630,0,985,947
4631,0,982,952
4632,0,980,948
4633,0,979,949
4634,0,993,938
4635,0,988,947
4636,0,982,943
4637,0,989,944
4638,0,989,956
4639,0,991,942
4640,0,981,947
4641,0,984,958
4642,0,982,975
4643,0,976,1015
4644,0,967,1095
4645,0,973,1148
4646,0,969,1183
4647,0,975,1156
4648,0,970,1154
4649,0,965,1120
4650,0,972,1098
4651,0,968,1100
4652,0,958,1072
4653,0,969,1052
4654,0,982,1035
4655,0,972,1037
4656,0,979,1024
4657,0,972,1000
4658,0,963,1014
4659,0,980,992
4660,0,1003,996
4661,0,1038,987
4662,0,1086,992
4663,0,1139,984
4664,0,1215,974
4665,0,1216,972
4666,0,1192,975
4667,0,1176,985
4668,0,1155,975
4669,0,1143,981
4670,0,1126,983
4671,0,1105,952
4672,0,1095,953
4673,0,1056,944
4674,0,1062,966
4675,0,1062,949
4676,0,1053,949
4677,0,1040,959
4678,0,1024,963
4679,0,1017,946
4680,0,1029,946
4681,0,1026,942
4682,0,993,946
4683,0,1007,949
4684,0,1003,947
4685,0,990,948
4686,0,992,949
4687,0,988,947
4688,0,978,950
4689,0,973,940
4690,0,974,943
4691,0,983,941
4692,0,979,939
4693,0,967,943
4694,0,964,934
4695,0,969,936
4696,0,963,939
4697,0,972,937
4698,0,975,933
4699,0,985,937
4700,0,984,928
4701,0,965,935
4702,0,983,933
4703,0,979,942
4704,0,983,936
4705,0,984,933
4706,0,978,950
4707,0,973,946
4708,0,969,947
4709,0,985,949
4710,0,971,943
4711,0,978,939
4712,0,977,946
4713,0,971,952
4714,0,973,941
4715,0,983,954
4716,0,980,947
4717,0,977,945
4718,0,972,943
4719,0,972,945
4720,0,974,945
4721,0,969,945
4722,0,965,947
4723,0,971,949
4724,0,965,945
4725,0,960,943
4726,0,955,944
4727,0,961,939
4728,0,964,943
4729,0,971,941
4730,0,953,940
4731,0,959,937
4732,0,962,936
4733,0,961,937
4734,0,960,937
4735,0,970,935
4736,0,969,941
4737,0,973,936
4738,0,971,941
4739,0,971,936
4740,0,980,934
4741,0,977,937
4742,0,978,935
4743,0,984,934
4744,0,976,948
4745,0,980,947
4746,0,978,940
4747,0,981,938
4748,0,979,944
4749,0,978,945
4750,0,991,948
4751,0,986,947
4752,0,971,954
4753,0,973,945
4754,0,973,957
4755,0,974,947
4756,0,985,952
4757,0,979,948
4758,0,976,944
4759,0,978,946
4760,0,976,943
4761,0,978,949
4762,0,977,943
4763,0,975,948
4764,0,971,941
4765,0,981,941
4766,0,979,965
4767,0,966,944
4768,0,968,950
4769,0,968,940
4770,0,972,930
4771,0,960,939
4772,0,964,941
4773,0,956,935
4774,0,970,939
4775,0,966,944
4776,0,967,934
4777,0,966,942
4778,0,972,933
4779,0,978,938
4780,0,979,939
4781,0,971,937
4782,0,975,935
4783,0,977,938
4784,0,978,942
4785,0,979,947
4786,0,979,945
4787,0,981,949
4788,0,981,953
4789,0,974,945
4790,0,976,945
4791,0,976,944
4792,0,979,939
4793,0,979,946
4794,0,971,951
4795,0,981,949
4796,0,979,945
4797,0,977,947
4798,0,984,955
4799,0,991,949
4800,0,965,948
4801,0,977,953
4802,0,977,945
4803,0,977,945
4804,0,973,948
4805,0,971,945
4806,0,969,940
4807,0,978,938
4808,0,982,934
4809,0,970,937
4810,0,968,930
4811,0,964,937
4812,0,969,941
4813,0,964,931
4814,0,972,939
4815,0,973,931
4816,0,975,935
4817,0,981,930
4818,0,977,941
4819,0,981,941
4820,0,981,936
4821,0,980,935
4822,0,983,947
4823,0,985,942
4824,0,987,941
4825,0,984,945
4826,0,987,947
4827,0,991,940
4828,0,985,946
4829,0,991,945
4830,0,987,945
4831,0,971,944
4832,0,986,943
4833,0,990,949
4834,0,987,943
4835,0,972,950
4836,0,987,946
4837,0,990,951
4838,0,984,949
4839,0,979,948
4840,0,978,948
4841,0,979,946
4842,0,970,946
4843,0,970,946
4844,0,976,947
4845,0,976,942
4846,0,971,937
4847,0,971,936
4848,0,972,940
4849,0,959,943
4850,0,971,940
4851,0,967,937
4852,0,965,939
4853,0,1015,970
4854,0,976,962
4855,0,976,944
4856,0,984,933
4857,0,963,937
4858,0,974,953
4859,0,977,947
4860,0,981,938
4861,0,985,936
4862,0,995,939
4863,0,985,933
4864,0,979,947
4865,0,968,943
4866,0,980,951
4867,0,987,955
4868,0,978,956
4869,0,985,944
4870,0,976,946
4871,0,975,943
4872,0,985,944
4873,0,984,958
4874,0,985,953
4875,0,987,944
4876,0,987,946
4877,0,984,951
4878,0,985,940
4879,0,975,944
4880,0,978,943
4881,0,979,937
4882,0,966,947
4883,0,969,942
4884,0,972,951
4885,0,971,949
4886,0,972,940
4887,0,973,947
4888,0,976,943
4889,0,974,945
4890,0,978,931
4891,0,971,935
4892,0,963,938
4893,0,983,927
4894,0,970,933
4895,0,969,937
4896,0,972,935
4897,0,982,929
4898,0,981,940
4899,0,973,939
4900,0,995,939
4901,0,982,938
4902,0,978,936
4903,0,984,942
4904,0,985,943
4905,0,989,946
4906,0,995,946
4907,0,985,945
4908,0,987,950
4909,0,991,940
4910,0,976,953
4911,0,995,941
4912,0,986,937
4913,0,977,947
4914,0,987,949
4915,0,979,943
4916,0,991,944
4917,0,985,951
4918,0,988,944
4919,0,987,947
4920,0,1001,943
4921,0,975,942
4922,0,973,947
4923,0,973,951
4924,0,971,948
4925,0,978,939
4926,0,975,938
4927,0,975,930
4928,0,966,947
4929,0,978,940
4930,0,967,942
4931,0,980,937
4932,0,975,937
4933,0,968,941
4934,0,971,937
4935,0,983,927
4936,0,974,939
4937,0,970,931
4938,0,982,940
4939,0,989,940
4940,0,985,937
4941,0,991,933
4942,0,994,934
4943,0,976,946
4944,0,992,949
4945,0,987,945
4946,0,980,943
4947,0,976,954
4948,0,983,948
4949,0,980,963
4950,0,977,993
4951,0,983,1046
4952,0,975,1099
4953,0,983,1167
4954,0,995,1197
4955,0,985,1173
4956,0,980,1159
4957,0,991,1116
4958,0,987,1109
4959,0,988,1100
4960,0,986,1086
4961,0,984,1067
4962,0,987,1022
4963,0,971,1055
4964,0,973,1025
4965,0,977,1039
4966,0,981,1001
4967,0,971,992
4968,0,991,1005
4969,0,1035,1007
4970,0,1072,976
4971,0,1143,976
4972,0,1188,971
4973,0,1227,960
4974,0,1177,966
4975,0,1172,951
4976,0,1142,965
4977,0,1139,963
4978,0,1112,956
4979,0,1088,956
4980,0,1084,950
4981,0,1064,953
4982,0,1069,936
4983,0,1040,956
4984,0,1067,946
4985,0,1048,953
4986,0,1037,951
4987,0,1032,953
4988,0,1016,971
4989,0,1034,946
4990,0,1013,944
4991,0,1017,947
4992,0,995,952
4993,0,1003,955
4994,0,1005,959
4995,0,1005,947
4996,0,1001,956
4997,0,1001,963
4998,0,997,947
4999,0,984,948
5000,0,980,937
5001,0,987,949
5002,0,983,947
5003,0,980,950
5004,0,976,946
5005,0,975,943
5006,0,976,943
5007,0,960,940
5008,0,967,943
5009,0,959,932
5010,0,963,940
5011,0,958,939
5012,0,963,939
5013,0,963,940
5014,0,962,941
5015,0,973,934
5016,0,961,938
5017,0,974,936
5018,0,979,937
5019,0,969,938
5020,0,979,947
5021,0,985,945
5022,0,985,945
5023,0,977,947
5024,0,979,939
5025,0,981,944
5026,0,973,951
5027,0,970,947
5028,0,977,944
5029,0,973,947
5030,0,979,934
5031,0,973,949
5032,0,975,945
5033,0,977,947
5034,0,975,949
5035,0,976,949
5036,0,976,942
5037,0,976,943
5038,0,977,945
5039,0,975,943
5040,0,970,942
5041,0,967,945
5042,0,972,938
5043,0,963,944
5044,0,975,949
5045,0,966,948
5046,0,962,941
5047,0,968,933
5048,0,969,941
5049,0,961,940
5050,0,961,943
5051,0,959,939
5052,0,965,937
5053,0,967,931
5054,0,973,927
5055,0,967,931
5056,0,962,935
5057,0,962,936
5058,0,975,933
5059,0,980,937
5060,0,978,944
5061,0,969,947
5062,0,976,948
5063,0,982,945
5064,0,977,941
5065,0,983,941
5066,0,977,942
5067,0,973,942
5068,0,977,941
5069,0,983,943
5070,0,983,941
5071,0,970,948
5072,0,983,950
5073,0,981,957
5074,0,978,946
5075,0,983,945
5076,0,971,941
5077,0,978,948
5078,0,977,948
5079,0,975,953
5080,0,975,949
5081,0,978,933
5082,0,976,931
5083,0,979,934
5084,0,971,935
5085,0,971,943
5086,0,967,938
5087,0,964,935
5088,0,960,937
5089,0,971,935
5090,0,951,943
5091,0,964,938
5092,0,965,939
5093,0,960,935
5094,0,968,937
5095,0,965,942
5096,0,979,940
5097,0,975,939
5098,0,970,942
5099,0,973,936
5100,0,979,939
5101,0,969,944
5102,0,978,946
5103,0,985,945
5104,0,977,947
5105,0,979,951
5106,0,985,947
5107,0,975,945
5108,0,978,949
5109,0,983,939
5110,0,978,950
5111,0,980,946
5112,0,973,947
5113,0,979,949
5114,0,978,947
5115,0,975,949
5116,0,975,942
5117,0,984,940
5118,0,989,943
5119,0,977,937
5120,0,977,953
5121,0,965,947
5122,0,978,944
5123,0,974,946
5124,0,967,939
5125,0,971,936
5126,0,973,934
5127,0,973,929
5128,0,963,939
5129,0,969,937
5130,0,964,931
5131,0,968,939
5132,0,968,942
5133,0,967,936
5134,0,952,940
5135,0,967,939
5136,0,988,933
5137,0,976,947
5138,0,973,945
5139,0,984,934
5140,0,983,935
5141,0,974,937
5142,0,983,946
5143,0,985,950
5144,0,980,936
5145,0,981,936
5146,0,982,938
5147,0,975,943
5148,0,989,927
5149,0,983,943
5150,0,983,951
5151,0,987,943
5152,0,985,939
5153,0,986,941
5154,0,979,949
5155,0,993,941
5156,0,976,950
5157,0,980,947
5158,0,978,952
5159,0,972,952
5160,0,981,951
5161,0,983,947
5162,0,983,947
5163,0,986,945
5164,0,981,944
5165,0,975,933
5166,0,979,933
5167,0,976,942
5168,0,961,948
5169,0,966,942
5170,0,969,946
5171,0,959,941
5172,0,972,945
5173,0,980,939
5174,0,971,935
5175,0,985,935
5176,0,971,945
5177,0,971,950
5178,0,980,944
5179,0,974,940
5180,0,977,937
5181,0,989,939
5182,0,981,937
5183,0,977,946
5184,0,981,944
5185,0,986,951
5186,0,987,943
5187,0,978,950
5188,0,989,944
5189,0,979,947
5190,0,984,945
5191,0,993,937
5192,0,978,947
5193,0,983,939
5194,0,982,943
5195,0,981,946
5196,0,982,949
5197,0,989,943
5198,0,980,950
5199,0,981,947
5200,0,987,950
5201,0,976,944
5202,0,975,944
5203,0,983,951
5204,0,968,942
5205,0,970,945
5206,0,968,941
5207,0,968,944
5208,0,967,929
5209,0,967,929
5210,0,968,943
5211,0,960,940
5212,0,975,934
5213,0,975,928
5214,0,967,935
5215,0,973,935
5216,0,984,928
5217,0,981,930
5218,0,983,936
5219,0,989,947
5220,0,986,945
5221,0,993,941
5222,0,983,944
5223,0,987,954
5224,0,987,943
5225,0,987,945
5226,0,983,948
5227,0,983,948
5228,0,995,942
5229,0,982,953
5230,0,976,947
5231,0,984,953
5232,0,982,955
5233,0,987,944
5234,0,982,954
5235,0,986,952
5236,0,979,950
5237,0,989,949
5238,0,980,948
5239,0,976,936
5240,0,968,934
5241,0,972,943
5242,0,971,949
5243,0,970,947
5244,0,970,935
5245,0,972,943
5246,0,976,935
5247,0,966,938
5248,0,966,942
5249,0,971,945
5250,0,975,937
5251,0,973,939
5252,0,963,946
5253,0,969,935
5254,0,979,935
5255,0,981,941
5256,0,978,942
5257,0,984,939
5258,0,979,947
5259,0,986,959
5260,0,989,975
5261,0,981,1018
5262,0,977,1084
5263,0,980,1163
5264,0,988,1187
5265,0,989,1184
5266,0,976,1147
5267,0,993,1128
5268,0,976,1127
5269,0,992,1102
5270,0,986,1080
5271,0,981,1078
5272,0,992,1048
5273,0,988,1047
5274,0,995,1034
5275,0,983,1016
5276,0,984,1012
5277,0,990,1011
5278,0,1015,1015
5279,0,1039,994
5280,0,1111,983
5281,0,1155,983
5282,0,1199,978
5283,0,1204,984
5284,0,1207,961
5285,0,1159,956
5286,0,1144,962
5287,0,1135,959
5288,0,1115,966
5289,0,1080,961
5290,0,1087,963
5291,0,1067,939
5292,0,1067,954
5293,0,1047,953
5294,0,1047,949
5295,0,1039,944
5296,0,1039,943
5297,0,1019,942
5298,0,1015,940
5299,0,1023,938
5300,0,1009,937
5301,0,1021,937
5302,0,1017,945
5303,0,1005,948
5304,0,1004,954
5305,0,1009,953
5306,0,1005,954
5307,0,990,948
5308,0,976,945
5309,0,987,946
5310,0,993,944
5311,0,987,960
5312,0,989,955
5313,0,996,953
5314,0,989,947
5315,0,981,942
5316,0,988,948
5317,0,967,945
5318,0,983,935
5319,0,981,941
5320,0,987,951
5321,0,980,944
5322,0,965,937
5323,0,960,941
5324,0,981,933
5325,0,964,935
5326,0,949,938
5327,0,963,935
5328,0,963,934
5329,0,955,932
5330,0,954,943
5331,0,966,944
5332,0,961,941
5333,0,962,938
5334,0,969,938
5335,0,964,931
5336,0,976,932
5337,0,981,927
5338,0,984,926
5339,0,971,931
5340,0,981,934
5341,0,978,931
5342,0,982,941
5343,0,993,941
5344,0,994,938
5345,0,980,942
5346,0,968,946
5347,0,981,943
5348,0,978,941
5349,0,979,941
5350,0,968,949
5351,0,970,946
5352,0,974,951
5353,0,979,953
5354,0,991,945
5355,0,977,937
5356,0,979,942
5357,0,979,946
5358,0,975,945
5359,0,962,941
5360,0,963,950
5361,0,966,957
5362,0,960,943
5363,0,994,974
5364,0,993,970
5365,0,959,960
5366,0,959,945
5367,0,967,940
5368,0,962,948
5369,0,962,938
5370,0,963,940
5371,0,974,940
5372,0,970,928
5373,0,976,927
5374,0,961,927
5375,0,959,939
5376,0,975,939
5377,0,979,944
5378,0,974,936
5379,0,977,938
5380,0,989,940
5381,0,980,937
5382,0,976,941
5383,0,983,932
5384,0,983,946
5385,0,981,945
5386,0,972,944
5387,0,975,944
5388,0,979,945
5389,0,971,941
5390,0,971,950
5391,0,980,947
5392,0,980,948
5393,0,980,958
5394,0,974,950
5395,0,966,942
5396,0,970,946
5397,0,969,946
5398,0,975,945
5399,0,975,947
5400,0,979,941
5401,0,971,937
5402,0,977,940
5403,0,976,934
5404,0,971,939
5405,0,969,933
5406,0,965,937
5407,0,967,933
5408,0,965,934
5409,0,954,940
5410,0,965,942
5411,0,958,939
5412,0,966,933
5413,0,975,943
5414,0,969,932
5415,0,972,944
5416,0,975,938
5417,0,968,943
5418,0,985,935
5419,0,981,935
5420,0,978,938
5421,0,983,945
5422,0,984,943
5423,0,977,949
5424,0,979,944
5425,0,983,945
5426,0,982,943
5427,0,976,948
5428,0,975,948
5429,0,976,946
5430,0,979,948
5431,0,977,946
5432,0,976,946
5433,0,970,953
5434,0,976,954
5435,0,987,952
5436,0,975,942
5437,0,991,941
5438,0,981,943
5439,0,969,945
5440,0,967,949
5441,0,971,945
5442,0,970,945
5443,0,968,943
5444,0,966,945
5445,0,969,940
5446,0,969,941
5447,0,965,940
5448,0,965,938
5449,0,967,936
5450,0,965,939
5451,0,971,942
5452,0,967,938
5453,0,965,935
5454,0,974,940
5455,0,969,934
5456,0,965,953
5457,0,973,949
5458,0,986,939
5459,0,974,941
5460,0,975,943
5461,0,976,950
5462,0,975,949
5463,0,991,939
5464,0,984,938
5465,0,980,941
5466,0,977,944
5467,0,989,944
5468,0,987,948
5469,0,996,942
5470,0,989,949
5471,0,982,938
5472,0,987,941
5473,0,983,940
5474,0,984,944
5475,0,982,946
5476,0,979,949
5477,0,989,943
5478,0,983,946
5479,0,975,947
5480,0,982,945
5481,0,970,941
5482,0,977,940
5483,0,975,934
5484,0,968,938
5485,0,967,936
5486,0,970,939
5487,0,964,941
5488,0,966,932
5489,0,965,939
5490,0,962,934
5491,0,960,947
5492,0,975,928
5493,0,978,927
5494,0,986,931
5495,0,975,943
5496,0,967,938
5497,0,988,938
5498,0,976,948
5499,0,986,938
5500,0,983,936
5501,0,983,941
5502,0,985,945
5503,0,975,944
5504,0,979,952
5505,0,986,943
5506,0,984,943
5507,0,977,941
5508,0,988,946
5509,0,987,943
5510,0,994,930
5511,0,988,944
5512,0,985,942
5513,0,979,938
5514,0,975,947
5515,0,983,941
5516,0,986,943
5517,0,976,946
5518,0,977,944
5519,0,986,949
5520,0,983,938
5521,0,975,955
5522,0,970,948
5523,0,966,943
5524,0,974,940
5525,0,971,939
5526,0,967,929
5527,0,965,949
5528,0,981,943
5529,0,973,941
5530,0,973,935
5531,0,979,933
5532,0,975,930
5533,0,966,933
5534,0,979,927
5535,0,980,931
5536,0,983,939
5537,0,975,943
5538,0,989,935
5539,0,981,947
5540,0,987,932
5541,0,988,942
5542,0,982,946
5543,0,991,941
5544,0,984,948
5545,0,973,949
5546,0,985,948
5547,0,992,947
5548,0,987,940
5549,0,987,947
5550,0,981,948
5551,0,981,955
5552,0,979,943
5553,0,985,943
5554,0,984,942
5555,0,978,948
5556,0,989,940
5557,0,977,946
5558,0,980,946
5559,0,978,951
5560,0,979,943
5561,0,969,950
5562,0,964,945
5563,0,979,945
5564,0,975,946
5565,0,976,942
5566,0,967,938
5567,0,962,942
5568,0,966,937
5569,0,973,956
5570,0,971,1003
5571,0,974,1048
5572,0,981,1127
5573,0,968,1167
5574,0,983,1172
5575,0,972,1146
5576,0,986,1120
5577,0,986,1122
5578,0,978,1095
5579,0,997,1076
5580,0,986,1067
5581,0,985,1050
5582,0,992,1032
5583,0,988,1019
5584,0,988,1012
5585,0,983,1008
5586,0,985,1008
5587,0,987,1000
5588,0,1021,1019
5589,0,1063,994
5590,0,1111,1003
5591,0,1187,999
5592,0,1239,984
5593,0,1227,963
5594,0,1199,962
5595,0,1173,971
5596,0,1146,969
5597,0,1120,977
5598,0,1104,960
5599,0,1107,953
5600,0,1083,952
5601,0,1046,948
5602,0,1071,958
5603,0,1045,948
5604,0,1047,944
5605,0,1025,944
5606,0,1008,951
5607,0,1017,949
5608,0,1009,948
5609,0,1000,963
5610,0,998,941
5611,0,1023,933
5612,0,986,936
5613,0,989,928
5614,0,992,941
5615,0,1003,948
5616,0,997,932
5617,0,991,941
5618,0,989,940
5619,0,997,944
5620,0,981,946
5621,0,982,945
5622,0,996,943
5623,0,983,947
5624,0,981,951
5625,0,983,957
5626,0,977,955
5627,0,982,944
5628,0,992,948
5629,0,991,940
5630,0,970,943
5631,0,983,953
5632,0,989,950
5633,0,981,941
5634,0,982,944
5635,0,973,946
5636,0,978,944
5637,0,988,939
5638,0,979,939
5639,0,971,942
5640,0,971,947
5641,0,968,941
5642,0,969,945
5643,0,968,939
5644,0,954,936
5645,0,960,937
5646,0,958,937
5647,0,965,935
5648,0,964,935
5649,0,961,937
5650,0,967,941
5651,0,965,939
5652,0,973,935
5653,0,968,938
5654,0,972,937
5655,0,975,941
5656,0,976,940
5657,0,981,938
5658,0,980,940
5659,0,983,935
5660,0,977,930
5661,0,979,942
5662,0,985,939
5663,0,970,942
5664,0,975,949
5665,0,973,948
5666,0,976,947
5667,0,981,944
5668,0,979,947
5669,0,971,949
5670,0,976,945
5671,0,977,953
5672,0,977,945
5673,0,980,946
5674,0,986,943
5675,0,988,939
5676,0,980,941
5677,0,984,939
5678,0,977,945
5679,0,984,944
5680,0,971,952
5681,0,971,950
5682,0,970,951
5683,0,967,937
5684,0,968,939
5685,0,965,940
5686,0,963,932
5687,0,965,941
5688,0,962,936
5689,0,966,938
5690,0,966,941
5691,0,968,933
5692,0,971,934
5693,0,965,941
5694,0,960,943
5695,0,968,951
5696,0,983,938
5697,0,971,937
5698,0,970,939
5699,0,969,943
5700,0,986,940
5701,0,983,934
5702,0,972,939
5703,0,986,928
5704,0,990,942
5705,0,979,947
5706,0,977,945
5707,0,985,941
5708,0,975,941
5709,0,973,945
5710,0,981,950
5711,0,981,949
5712,0,979,952
5713,0,977,935
5714,0,977,950
5715,0,972,952
5716,0,969,948
5717,0,983,945
5718,0,976,939
5719,0,977,939
5720,0,973,937
5721,0,963,938
5722,0,972,937
5723,0,978,936
5724,0,967,938
5725,0,965,947
5726,0,966,933
5727,0,967,929
5728,0,962,941
5729,0,967,937
5730,0,974,939
5731,0,978,942
5732,0,971,935
5733,0,971,935
5734,0,968,939
5735,0,971,942
5736,0,970,942
5737,0,989,935
5738,0,985,939
5739,0,979,941
5740,0,974,942
5741,0,977,949
5742,0,975,948
5743,0,975,947
5744,0,972,948
5745,0,974,950
5746,0,972,952
5747,0,982,945
5748,0,983,947
5749,0,993,949
5750,0,978,945
5751,0,981,948
5752,0,983,958
5753,0,980,953
5754,0,980,950
5755,0,981,947
5756,0,988,944
5757,0,975,947
5758,0,969,951
5759,0,971,950
5760,0,985,941
5761,0,976,945
5762,0,977,942
5763,0,957,943
5764,0,976,942
5765,0,968,935
5766,0,973,943
5767,0,969,936
5768,0,965,937
5769,0,975,940
5770,0,969,948
5771,0,973,939
5772,0,969,941
5773,0,969,940
5774,0,976,937
5775,0,981,940
5776,0,982,938
5777,0,983,930
5778,0,983,942
5779,0,976,940
5780,0,979,944
5781,0,974,953
5782,0,988,947
5783,0,989,943
5784,0,988,942
5785,0,991,935
5786,0,980,940
5787,0,990,940
5788,0,983,944
5789,0,1002,946
5790,0,995,942
5791,0,987,945
5792,0,980,957
5793,0,985,945
5794,0,986,944
5795,0,996,948
5796,0,977,952
5797,0,977,946
5798,0,975,948
5799,0,970,949
5800,0,971,952
5801,0,980,942
5802,0,986,942
5803,0,977,941
5804,0,978,938
5805,0,969,937
5806,0,967,942
5807,0,963,936
5808,0,963,944
5809,0,969,946
5810,0,969,943
5811,0,981,938
5812,0,971,949
5813,0,974,934
5814,0,975,933
5815,0,975,33717
5816,0,970,943
5817,0,967,929
5818,0,970,935
5819,0,973,929
5820,0,968,935
5821,0,975,933
5822,0,975,923
5823,0,972,927
5824,0,979,932
5825,0,981,935
5826,0,985,934
5827,0,974,946
5828,0,979,942
5829,0,982,935
5830,0,977,939
5831,0,977,951
5832,0,979,945
5833,0,973,944
5834,0,977,948
5835,0,973,950
5836,0,976,952
5837,0,975,944
5838,0,975,943
5839,0,969,937
5840,0,971,944
5841,0,975,942
5842,0,972,943
5843,0,975,943
5844,0,973,945
5845,0,968,949
5846,0,969,936
5847,0,962,941
5848,0,959,945
5849,0,962,945
5850,0,966,935
5851,0,964,940
5852,0,959,932
5853,0,956,945
5854,0,974,938
5855,0,958,938
5856,0,959,941
5857,0,968,933
5858,0,967,931
5859,0,973,930
5860,0,973,943
5861,0,969,943
5862,0,974,932
5863,0,977,931
5864,0,975,929
5865,0,974,943
5866,0,989,948
5867,0,981,948
5868,0,981,946
5869,0,979,941
5870,0,977,944
5871,0,981,949
5872,0,980,946
5873,0,986,940
5874,0,965,942
5875,0,970,949
5876,0,989,939
5877,0,976,951
5878,0,975,952
5879,0,983,940
5880,0,970,944
5881,0,976,950
5882,0,969,955
5883,0,967,952
5884,0,979,946
5885,0,978,945
5886,0,971,943
5887,0,969,941
5888,0,977,938
5889,0,970,937
5890,0,964,935
5891,0,975,936
5892,0,971,939
5893,0,971,929
5894,0,961,935
5895,0,957,948
5896,0,965,939
5897,0,971,941
5898,0,959,936
5899,0,974,936
5900,0,971,944
5901,0,975,941
5902,0,982,941
5903,0,990,941
5904,0,987,939
5905,0,985,937
5906,0,984,936
5907,0,983,943
5908,0,976,948
5909,0,977,946
5910,0,978,946
5911,0,979,945
5912,0,975,951
5913,0,983,941
5914,0,982,942
5915,0,981,939
5916,0,979,940
5917,0,979,947
5918,0,981,949
5919,0,979,943
5920,0,979,947
5921,0,981,941
5922,0,984,945
5923,0,978,950
5924,0,969,945
5925,0,974,951
5926,0,976,939
5927,0,971,942
5928,0,969,943
5929,0,971,938
5930,0,980,924
5931,0,973,930
5932,0,965,930
5933,0,966,937
5934,0,968,936
5935,0,960,931
5936,0,962,945
5937,0,972,942
5938,0,962,940
5939,0,974,941
5940,0,979,942
5941,0,967,934
5942,0,972,939
5943,0,977,933
5944,0,974,934
5945,0,974,942
5946,0,979,942
5947,0,986,943
5948,0,988,932
5949,0,1000,938
5950,0,993,941
5951,0,981,942
5952,0,989,949
5953,0,990,933
5954,0,983,943
5955,0,993,941
5956,0,985,942
5957,0,983,944
5958,0,978,955
5959,0,978,951
5960,0,980,949
5961,0,979,943
5962,0,975,948
5963,0,972,953
5964,0,979,952
5965,0,968,959
5966,0,967,947
5967,0,972,943
5968,0,972,936
5969,0,971,939
5970,0,980,939
5971,0,960,941
5972,0,964,950
5973,0,973,938
5974,0,959,940
5975,0,972,935
5976,0,965,936
5977,0,975,936
5978,0,973,936
5979,0,974,940
5980,0,969,943
5981,0,970,943
5982,0,979,942
5983,0,982,939
5984,0,988,938
5985,0,983,945
5986,0,995,931
5987,0,979,946
5988,0,975,951
5989,0,980,949
5990,0,983,943
5991,0,986,950
5992,0,982,944
5993,0,994,948
5994,0,985,942
5995,0,987,944
5996,0,984,949
5997,0,990,948
5998,0,971,948
5999,0,971,954
6000,0,975,948
6001,0,992,942
6002,0,975,943
6003,0,973,955
6004,0,986,950
6005,0,975,937
6006,0,967,947
6007,0,971,941
6008,0,963,941
6009,0,973,941
6010,0,970,942
6011,0,963,939
6012,0,969,939
6013,0,973,928
6014,0,967,926
6015,0,966,931
6016,0,968,924
6017,0,980,933
6018,0,971,937
6019,0,986,940
6020,0,991,931
6021,0,981,935
6022,0,975,940
6023,0,985,937
6024,0,981,939
6025,0,986,937
6026,0,983,942
6027,0,982,950
6028,0,984,935
6029,0,987,944
6030,0,980,946
6031,0,981,944
6032,0,994,951
6033,0,986,941
6034,0,985,938
6035,0,979,942
6036,0,985,946
6037,0,983,947
6038,0,989,941
6039,0,991,943
6040,0,974,946
6041,0,980,944
6042,0,979,952
6043,0,985,951
6044,0,977,944
6045,0,978,947
6046,0,973,954
6047,0,975,947
6048,0,981,941
6049,0,968,935
6050,0,970,934
6051,0,960,948
6052,0,973,940
6053,0,969,939
6054,0,972,939
6055,0,969,982
6056,0,971,991
6057,0,983,1027
6058,0,971,1103
6059,0,974,1138
6060,0,963,1169
6061,0,988,1155
6062,0,985,1136
6063,0,971,1122
6064,0,979,1097
6065,0,987,1088
6066,0,986,1067
6067,0,989,1050
6068,0,977,1040
6069,0,978,1039
6070,0,980,1043
6071,0,983,1003
6072,0,986,1008
6073,0,991,995
6074,0,1015,1001
6075,0,1067,1006
6076,0,1122,993
6077,0,1184,981
6078,0,1227,980
6079,0,1205,960
6080,0,1174,961
6081,0,1158,956
6082,0,1147,953
6083,0,1135,967
6084,0,1123,959
6085,0,1107,960
6086,0,1050,964
6087,0,1057,952
6088,0,1044,949
6089,0,1036,947
6090,0,1043,964
6091,0,1031,949
6092,0,1000,939
6093,0,1019,938
6094,0,990,946
6095,0,991,946
6096,0,999,939
6097,0,984,935
6098,0,1015,944
6099,0,1003,939
6100,0,991,946
6101,0,1003,937
6102,0,984,936
6103,0,999,943
6104,0,988,941
6105,0,990,941
6106,0,983,939
6107,0,981,938
6108,0,989,947
6109,0,975,952
6110,0,975,946
6111,0,996,944
6112,0,979,943
6113,0,985,935
6114,0,980,939
6115,0,974,944
6116,0,972,951
6117,0,974,951
6118,0,969,940
6119,0,966,946
6120,0,976,945
6121,0,972,946
6122,0,976,936
6123,0,972,945
6124,0,969,943
6125,0,972,939
6126,0,965,941
6127,0,961,941
6128,0,961,936
6129,0,965,941
6130,0,955,934
6131,0,967,941
6132,0,961,935
6133,0,958,940
6134,0,956,941
6135,0,962,935
6136,0,963,933
6137,0,958,933
6138,0,961,944
6139,0,966,930
6140,0,975,938
6141,0,984,934
6142,0,974,930
6143,0,979,932
6144,0,979,927
6145,0,984,933
6146,0,981,939
6147,0,980,936
6148,0,983,934
6149,0,978,937
6150,0,977,946
6151,0,978,942
6152,0,973,948
6153,0,973,943
6154,0,981,945
6155,0,979,953
6156,0,972,942
6157,0,973,960
6158,0,975,959
6159,0,973,937
6160,0,978,943
6161,0,971,948
6162,0,978,940
6163,0,966,953
6164,0,966,944
6165,0,972,943
6166,0,973,939
6167,0,969,932
6168,0,971,942
6169,0,971,925
6170,0,966,934
6171,0,960,939
6172,0,960,942
6173,0,964,935
6174,0,961,938
6175,0,978,943
6176,0,967,934
6177,0,969,931
6178,0,969,932
6179,0,967,944
6180,0,975,941
6181,0,977,943
6182,0,980,933
6183,0,973,944
6184,0,974,945
6185,0,978,942
6186,0,985,935
6187,0,973,937
6188,0,977,935
6189,0,982,946
6190,0,976,947
6191,0,975,942
6192,0,984,943
6193,0,978,955
6194,0,980,953
6195,0,980,958
6196,0,972,940
6197,0,973,947
6198,0,975,943
6199,0,974,943
6200,0,973,947
6201,0,981,948
6202,0,974,942
6203,0,974,948
6204,0,979,942
6205,0,970,951
6206,0,964,937
6207,0,965,943
6208,0,971,938
6209,0,957,936
6210,0,967,939
6211,0,975,933
6212,0,978,931
6213,0,965,937
6214,0,977,945
6215,0,963,940
6216,0,968,934
6217,0,962,943
6218,0,968,943
6219,0,969,941
6220,0,969,941
6221,0,971,937
6222,0,977,938
6223,0,987,937
6224,0,975,944
6225,0,981,946
6226,0,981,945
6227,0,974,947
6228,0,979,952
6229,0,983,950
6230,0,974,950
6231,0,1023,977
6232,0,989,964
6233,0,983,951
6234,0,985,945
6235,0,973,948
6236,0,972,955
6237,0,975,940
6238,0,977,946
6239,0,987,946
6240,0,977,951
6241,0,982,948
6242,0,982,948
6243,0,970,944
6244,0,971,942
6245,0,972,939
6246,0,973,944
6247,0,966,943
6248,0,968,948
6249,0,967,936
6250,0,975,933
6251,0,961,936
6252,0,970,933
6253,0,966,938
6254,0,961,940
6255,0,969,936
6256,0,977,931
6257,0,969,942
6258,0,971,940
6259,0,980,928
6260,0,974,945
6261,0,976,944
6262,0,982,942
6263,0,976,941
6264,0,984,938
6265,0,984,936
6266,0,983,941
6267,0,990,935
6268,0,991,937
6269,0,983,943
6270,0,982,940
6271,0,988,943
6272,0,995,942
6273,0,982,944
6274,0,983,943
6275,0,981,939
6276,0,987,945
6277,0,978,948
6278,0,982,945
6279,0,974,944
6280,0,977,942
6281,0,979,945
6282,0,977,951
6283,0,975,950
6284,0,978,943
6285,0,972,946
6286,0,979,937
6287,0,972,938
6288,0,963,931
6289,0,975,937
6290,0,970,933
6291,0,959,943
6292,0,963,938
6293,0,967,938
6294,0,973,946
6295,0,964,950
6296,0,975,952
6297,0,978,940
6298,0,988,935
6299,0,973,923
6300,0,972,935
6301,0,979,941
6302,0,972,938
6303,0,977,940
6304,0,988,943
6305,0,988,939
6306,0,982,942
6307,0,986,951
6308,0,983,946
6309,0,996,945
6310,0,986,944
6311,0,987,944
6312,0,981,949
6313,0,992,944
6314,0,990,941
6315,0,982,942
6316,0,976,944
6317,0,982,952
6318,0,984,957
6319,0,986,947
6320,0,985,937
6321,0,976,947
6322,0,972,954
6323,0,974,950
6324,0,972,942
6325,0,974,943
6326,0,973,945
6327,0,961,942
6328,0,963,944
6329,0,973,939
6330,0,967,936
6331,0,975,935
6332,0,973,935
6333,0,976,925
6334,0,968,947
6335,0,972,930
6336,0,980,933
6337,0,970,933
6338,0,986,925
6339,0,996,933
6340,0,990,929
6341,0,971,939
6342,0,982,936
6343,0,992,939
6344,0,995,935
6345,0,987,941
6346,0,986,951
6347,0,982,946
6348,0,976,946
6349,0,989,941
6350,0,984,944
6351,0,992,943
6352,0,978,947
6353,0,983,941
6354,0,977,941
6355,0,969,955
6356,0,985,953
6357,0,985,943
6358,0,976,946
6359,0,987,944
6360,0,993,934
6361,0,979,952
6362,0,988,946
6363,0,977,947
6364,0,976,978
6365,0,967,1001
6366,0,972,1053
6367,0,972,1099
6368,0,980,1179
6369,0,988,1180
6370,0,970,1160
6371,0,969,1143
6372,0,965,1133
6373,0,980,1089
6374,0,968,1088
6375,0,975,1064
6376,0,973,1051
6377,0,976,1038
6378,0,982,1017
6379,0,974,1031
6380,0,985,1019
6381,0,977,1015
6382,0,986,994
6383,0,1011,986
6384,0,1039,987
6385,0,1099,987
6386,0,1143,994
6387,0,1196,981
6388,0,1211,976
6389,0,1206,983
6390,0,1171,953
6391,0,1154,956
6392,0,1128,979
6393,0,1122,968
6394,0,1106,959
6395,0,1090,953
6396,0,1091,956
6397,0,1072,944
6398,0,1037,952
6399,0,1040,950
6400,0,1043,950
6401,0,1042,948
6402,0,1016,951
6403,0,1030,947
6404,0,1012,947
6405,0,984,950
6406,0,979,936
6407,0,997,937
6408,0,995,940
6409,0,976,941
6410,0,982,936
6411,0,991,947
6412,0,967,939
6413,0,968,944
6414,0,991,936
6415,0,985,930
6416,0,967,930
6417,0,981,931
6418,0,981,932
6419,0,975,941
6420,0,976,941
6421,0,976,943
6422,0,975,941
6423,0,987,937
6424,0,984,934
6425,0,987,940
6426,0,973,933
6427,0,983,947
6428,0,971,946
6429,0,983,950
6430,0,973,944
6431,0,979,939
6432,0,980,945
6433,0,975,941
6434,0,967,943
6435,0,972,941
6436,0,971,943
6437,0,980,942
6438,0,965,939
6439,0,970,940
6440,0,965,943
6441,0,976,938
6442,0,972,951
6443,0,962,946
6444,0,969,951
6445,0,973,939
6446,0,963,940
6447,0,961,948
6448,0,971,936
6449,0,962,943
6450,0,967,943
6451,0,961,939
6452,0,952,931
6453,0,954,937
6454,0,955,938
6455,0,959,935
6456,0,974,941
6457,0,959,941
6458,0,970,937
6459,0,977,939
6460,0,977,934
6461,0,978,941
6462,0,977,940
6463,0,981,936
6464,0,984,941
6465,0,981,943
6466,0,984,930
6467,0,982,933
6468,0,971,933
6469,0,979,941
6470,0,976,945
6471,0,980,952
6472,0,978,949
6473,0,983,951
6474,0,973,950
6475,0,969,948
6476,0,968,948
6477,0,978,942
6478,0,982,945
6479,0,981,946
6480,0,976,940
6481,0,970,941
6482,0,964,953
6483,0,964,944
6484,0,967,949
6485,0,966,940
6486,0,963,942
6487,0,968,935
6488,0,965,935
6489,0,973,937
6490,0,969,933
6491,0,966,938
6492,0,961,937
6493,0,956,933
6494,0,977,935
6495,0,971,931
6496,0,975,937
6497,0,958,939
6498,0,960,945
6499,0,963,935
6500,0,973,942
6501,0,977,943
6502,0,976,947
6503,0,971,950
6504,0,993,943
6505,0,989,937
6506,0,984,943
6507,0,983,948
6508,0,971,941
6509,0,967,944
6510,0,979,942
6511,0,987,952
6512,0,973,952
6513,0,972,943
6514,0,974,941
6515,0,990,949
6516,0,977,947
6517,0,975,950
6518,0,971,948
6519,0,971,947
6520,0,980,948
6521,0,986,945
6522,0,981,939
6523,0,984,935
6524,0,971,931
6525,0,974,936
6526,0,972,940
6527,0,972,935
6528,0,959,936
6529,0,965,942
6530,0,970,931
6531,0,968,934
6532,0,953,937
6533,0,964,938
6534,0,962,937
6535,0,971,932
6536,0,982,943
6537,0,966,935
6538,0,966,932
6539,0,973,935
6540,0,973,948
6541,0,987,941
6542,0,972,939
6543,0,976,939
6544,0,979,938
6545,0,989,939
6546,0,967,950
6547,0,979,945
6548,0,977,944
6549,0,976,946
6550,0,978,946
6551,0,990,945
6552,0,993,941
6553,0,986,939
6554,0,973,948
6555,0,977,940
6556,0,970,946
6557,0,979,945
6558,0,980,943
6559,0,977,937
6560,0,979,940
6561,0,970,942
6562,0,973,943
6563,0,966,948
6564,0,976,941
6565,0,973,935
6566,0,963,937
6567,0,963,951
6568,0,979,942
6569,0,973,939
6570,0,973,936
6571,0,969,932
6572,0,975,938
6573,0,970,938
6574,0,972,937
6575,0,977,932
6576,0,965,943
6577,0,971,942
6578,0,980,934
6579,0,976,941
6580,0,973,937
6581,0,982,943
6582,0,975,938
6583,0,986,946
6584,0,986,947
6585,0,993,945
6586,0,986,943
6587,0,991,948
6588,0,995,943
6589,0,979,946
6590,0,987,942
6591,0,989,935
6592,0,986,944
6593,0,990,940
6594,0,981,944
6595,0,987,945
6596,0,967,953
6597,0,989,949
6598,0,986,949
6599,0,986,944
6600,0,981,944
6601,0,971,950
6602,0,962,959
6603,0,974,949
6604,0,960,949
6605,0,969,943
6606,0,975,931
6607,0,964,941
6608,0,978,935
6609,0,967,947
6610,0,967,947
6611,0,966,936
6612,0,973,936
6613,0,970,945
6614,0,964,941
6615,0,983,939
6616,0,978,935
6617,0,988,939
6618,0,977,943
6619,0,979,940
6620,0,980,939
6621,0,983,944
6622,0,984,939
6623,0,995,943
6624,0,992,944
6625,0,971,946
6626,0,979,953
6627,0,987,956
6628,0,987,946
6629,0,984,940
6630,0,988,954
6631,0,991,947
6632,0,981,942
6633,0,983,941
6634,0,986,947
6635,0,999,949
6636,0,984,956
6637,0,983,949
6638,0,985,945
6639,0,981,945
6640,0,978,949
6641,0,972,949
6642,0,984,938
6643,0,976,946
6644,0,972,948
6645,0,975,941
6646,0,973,941
6647,0,976,942
6648,0,959,942
6649,0,972,945
6650,0,969,939
6651,0,981,934
6652,0,982,943
6653,0,968,938
6654,0,988,927
6655,0,984,925
6656,0,980,934
6657,0,982,927
6658,0,981,929
6659,0,988,932
6660,0,980,934
6661,0,985,935
6662,0,982,939
6663,0,989,943
6664,0,989,942
6665,0,989,937
6666,0,994,945
6667,0,991,954
6668,0,979,956
6669,0,985,945
6670,0,991,943
6671,0,983,951
6672,0,987,957
6673,0,985,952
6674,0,967,953
6675,0,988,974
6676,0,982,1019
6677,0,984,1069
6678,0,979,1143
6679,0,987,1191
6680,0,985,1188
6681,0,983,1152
6682,0,976,1140
6683,0,977,1109
6684,0,979,1084
6685,0,970,1093
6686,0,979,1050
6687,0,975,1052
6688,0,975,1019
6689,0,968,1039
6690,0,971,1038
6691,0,972,1014
6692,0,967,1003
6693,0,981,980
6694,0,1007,991
6695,0,1061,986
6696,0,1127,968
6697,0,1175,981
6698,0,1231,973
6699,0,1216,972
6700,0,1168,977
6701,0,1152,960
6702,0,1140,967
6703,0,1131,953
6704,0,1111,965
6705,0,1096,963
6706,0,1074,953
6707,0,1060,948
6708,0,1070,975
6709,0,1041,964
6710,0,1049,963
6711,0,1024,961
6712,0,1016,955
6713,0,1031,952
6714,0,1026,949
6715,0,1015,949
6716,0,1009,941
6717,0,992,945
6718,0,995,947
6719,0,1011,950
6720,0,983,950
6721,0,995,947
6722,0,998,950
6723,0,991,947
6724,0,974,949
6725,0,970,944
6726,0,989,944
6727,0,970,932
6728,0,959,937
6729,0,968,951
6730,0,961,938
6731,0,961,929
6732,0,965,940
6733,0,971,943
6734,0,967,940
6735,0,967,935
6736,0,972,932
6737,0,981,938
6738,0,965,934
6739,0,979,935
6740,0,982,938
6741,0,994,949
6742,0,1017,973
6743,0,979,956
6744,0,973,953
6745,0,975,941
6746,0,979,949
6747,0,974,948
6748,0,969,948
6749,0,975,951
6750,0,975,951
6751,0,986,944
6752,0,971,943
6753,0,973,953
6754,0,968,949
6755,0,973,950
6756,0,976,941
6757,0,971,943
6758,0,973,947
6759,0,971,948
6760,0,979,941
6761,0,974,941
6762,0,970,941
6763,0,963,943
6764,0,965,932
6765,0,968,934
6766,0,968,929
6767,0,961,930
6768,0,957,941
6769,0,951,937
6770,0,971,938
6771,0,964,941
6772,0,952,940
6773,0,969,943
6774,0,965,937
6775,0,971,949
6776,0,972,947
6777,0,966,938
6778,0,969,935
6779,0,975,925
6780,0,985,937
6781,0,974,939
6782,0,980,931
6783,0,982,939
6784,0,976,950
6785,0,984,945
6786,0,985,941
6787,0,974,944
6788,0,967,945
6789,0,981,945
6790,0,985,945
6791,0,994,946
6792,0,979,945
6793,0,979,957
6794,0,978,949
6795,0,984,953
6796,0,977,948
6797,0,983,940
6798,0,972,951
6799,0,977,949
6800,0,968,950
6801,0,974,949
6802,0,968,949
6803,0,965,943
6804,0,962,938
6805,0,965,942
6806,0,965,947
6807,0,971,945
6808,0,963,936
6809,0,960,947
6810,0,972,935
6811,0,958,945
6812,0,955,945
6813,0,964,938
6814,0,971,941
6815,0,973,935
6816,0,972,935
6817,0,972,939
6818,0,979,949
6819,0,983,938
6820,0,981,937
6821,0,973,945
6822,0,975,946
6823,0,983,940
6824,0,988,942
6825,0,985,939
6826,0,984,947
6827,0,979,944
6828,0,977,953
6829,0,979,941
6830,0,979,940
6831,0,972,940
6832,0,976,950
6833,0,984,949
6834,0,982,947
6835,0,971,964
6836,0,979,944
6837,0,978,945
6838,0,981,951
6839,0,971,947
6840,0,973,951
6841,0,976,945
6842,0,979,937
6843,0,969,939
6844,0,968,935
6845,0,981,947
6846,0,967,936
6847,0,974,940
6848,0,974,947
6849,0,972,937
6850,0,961,932
6851,0,959,937
6852,0,968,942
6853,0,962,936
6854,0,970,942
6855,0,969,946
6856,0,962,938
6857,0,972,937
6858,0,980,936
6859,0,980,938
6860,0,978,941
6861,0,981,939
6862,0,974,952
6863,0,979,942
6864,0,983,945
6865,0,974,948
6866,0,973,943
6867,0,981,950
6868,0,977,947
6869,0,977,943
6870,0,991,938
6871,0,981,942
6872,0,984,943
6873,0,989,941
6874,0,968,945
6875,0,975,949
6876,0,979,946
6877,0,985,946
6878,0,988,945
6879,0,984,944
6880,0,975,946
6881,0,973,947
6882,0,972,941
6883,0,979,945
6884,0,967,949
6885,0,973,942
6886,0,974,941
6887,0,974,938
6888,0,967,937
6889,0,963,945
6890,0,971,934
6891,0,967,945
6892,0,963,935
6893,0,970,936
6894,0,973,928
6895,0,965,939
6896,0,965,941
6897,0,978,938
6898,0,975,934
6899,0,985,939
6900,0,986,938
6901,0,978,943
6902,0,983,940
6903,0,988,937
6904,0,984,940
6905,0,979,941
6906,0,982,945
6907,0,979,944
6908,0,983,939
6909,0,985,947
6910,0,984,948
6911,0,979,944
6912,0,974,947
6913,0,992,945
6914,0,985,947
6915,0,968,947
6916,0,972,942
6917,0,982,946
6918,0,976,940
6919,0,972,941
6920,0,972,950
6921,0,966,944
6922,0,969,951
6923,0,966,954
6924,0,971,943
6925,0,972,948
6926,0,961,941
6927,0,966,935
6928,0,966,937
6929,0,953,946
6930,0,973,944
6931,0,964,945
6932,0,964,936
6933,0,974,942
6934,0,978,937
6935,0,971,944
6936,0,970,947
6937,0,979,941
6938,0,981,936
6939,0,984,938
6940,0,976,939
6941,0,986,938
6942,0,996,938
6943,0,988,942
6944,0,981,947
6945,0,981,955
6946,0,982,962
6947,0,987,944
6948,0,990,942
6949,0,974,951
6950,0,985,959
6951,0,990,943
6952,0,987,947
6953,0,976,942
6954,0,980,940
6955,0,991,943
6956,0,978,948
6957,0,993,943
6958,0,997,942
6959,0,972,945
6960,0,975,948
6961,0,979,941
6962,0,975,949
6963,0,981,943
6964,0,991,937
6965,0,975,947
6966,0,967,939
6967,0,969,947
6968,0,958,935
6969,0,970,932
6970,0,980,929
6971,0,972,930
6972,0,973,943
6973,0,973,934
6974,0,979,934
6975,0,972,936
6976,0,995,925
6977,0,995,939
6978,0,987,935
6979,0,978,944
6980,0,978,940
6981,0,989,942
6982,0,985,936
6983,0,987,948
6984,0,982,973
6985,0,988,1000
6986,0,980,1029
6987,0,974,1101
6988,0,979,1163
6989,0,992,1195
6990,0,981,1175
6991,0,991,1149
6992,0,978,1125
6993,0,971,1116
6994,0,985,1102
6995,0,977,1080
6996,0,980,1070
6997,0,975,1069
6998,0,979,1043
6999,0,974,1045
7000,0,987,1008
7001,0,982,1018
7002,0,971,1012
7003,0,998,1003
7004,0,1023,1006
7005,0,1087,999
7006,0,1131,980
7007,0,1180,974
7008,0,1191,974
7009,0,1154,971
7010,0,1163,961
7011,0,1143,961
7012,0,1143,955
7013,0,1099,943
7014,0,1111,951
7015,0,1099,959
7016,0,1068,944
7017,0,1050,948
7018,0,1057,937
7019,0,1040,946
7020,0,1046,945
7021,0,1024,955
7022,0,1031,959
7023,0,1028,948
7024,0,1027,949
7025,0,1005,938
7026,0,1011,952
7027,0,1000,954
7028,0,1004,948
7029,0,1017,954
7030,0,1005,949
7031,0,996,956
7032,0,995,959
7033,0,997,941
7034,0,986,937
7035,0,999,938
7036,0,975,951
7037,0,991,940
7038,0,984,934
7039,0,975,939
7040,0,981,941
7041,0,983,936
7042,0,970,941
7043,0,969,944
7044,0,964,931
7045,0,964,939
7046,0,966,933
7047,0,962,935
7048,0,958,938
7049,0,956,934
7050,0,969,937
7051,0,952,941
7052,0,963,935
7053,0,969,930
7054,0,971,931
7055,0,972,932
7056,0,968,943
7057,0,969,935
7058,0,971,937
7059,0,970,934
7060,0,977,936
7061,0,976,936
7062,0,977,930
7063,0,976,932
7064,0,991,938
7065,0,974,944
7066,0,976,952
7067,0,974,953
7068,0,981,946
7069,0,976,943
7070,0,981,942
7071,0,978,940
7072,0,971,945
7073,0,982,951
7074,0,979,949
7075,0,974,935
7076,0,964,952
7077,0,974,944
7078,0,971,939
7079,0,986,940
7080,0,983,939
7081,0,968,945
7082,0,968,943
7083,0,967,940
7084,0,960,939
7085,0,966,943
7086,0,958,936
7087,0,962,945
7088,0,975,939
7089,0,962,941
7090,0,973,938
7091,0,960,934
7092,0,967,934
7093,0,961,939
7094,0,971,932
7095,0,972,943
7096,0,981,939
7097,0,983,935
7098,0,979,932
7099,0,975,935
7100,0,984,931
7101,0,975,935
7102,0,979,939
7103,0,981,941
7104,0,986,934
7105,0,990,941
7106,0,971,942
7107,0,973,948
7108,0,977,944
7109,0,976,953
7110,0,979,947
7111,0,976,957
7112,0,970,941
7113,0,971,946
7114,0,977,948
7115,0,985,947
7116,0,991,938
7117,0,983,948
7118,0,987,946
7119,0,975,940
7120,0,972,952
7121,0,965,953
7122,0,958,941
7123,0,965,947
7124,0,964,948
7125,0,963,940
7126,0,966,941
7127,0,965,940
7128,0,963,942
7129,0,964,939
7130,0,959,941
7131,0,962,949
7132,0,967,930
7133,0,978,934
7134,0,969,937
7135,0,969,931
7136,0,975,939
7137,0,972,940
7138,0,974,935
7139,0,977,937
7140,0,976,938
7141,0,983,941
7142,0,980,938
7143,0,988,931
7144,0,973,943
7145,0,979,945
7146,0,987,944
7147,0,983,946
7148,0,985,953
7149,0,984,943
7150,0,984,943
7151,0,978,949
7152,0,982,950
7153,0,986,943
7154,0,981,958
7155,0,978,949
7156,0,981,950
7157,0,975,948
7158,0,982,948
7159,0,970,952
7160,0,984,942
7161,0,976,937
7162,0,978,938
7163,0,972,938
7164,0,972,944
7165,0,970,936
7166,0,971,930
7167,0,971,937
7168,0,977,930
7169,0,964,936
7170,0,963,935
7171,0,972,945
7172,0,980,939
7173,0,974,934
7174,0,969,934
7175,0,972,935
7176,0,975,937
7177,0,978,948
7178,0,974,936
7179,0,986,937
7180,0,983,938
7181,0,982,937
7182,0,980,941
7183,0,983,939
7184,0,978,950
7185,0,979,952
7186,0,981,944
7187,0,983,950
7188,0,979,945
7189,0,976,939
7190,0,981,948
7191,0,987,947
7192,0,979,944
7193,0,979,943
7194,0,983,946
7195,0,981,953
7196,0,978,942
7197,0,977,942
7198,0,985,936
7199,0,974,943
7200,0,970,947
7201,0,972,949
7202,0,969,954
7203,0,975,947
7204,0,967,942
7205,0,970,944
7206,0,967,943
7207,0,967,934
7208,0,967,936
7209,0,967,941
7210,0,980,932
7211,0,971,941
7212,0,980,933
7213,0,978,933
7214,0,978,945
7215,0,973,943
7216,0,972,943
7217,0,973,945
7218,0,972,943
7219,0,981,949
7220,0,980,946
7221,0,984,948
7222,0,982,949
7223,0,977,945
7224,0,989,945
7225,0,982,944
7226,0,982,943
7227,0,987,949
7228,0,984,939
7229,0,978,939
7230,0,982,936
7231,0,989,946
7232,0,987,942
7233,0,988,941
7234,0,976,949
7235,0,985,944
7236,0,981,949
7237,0,978,943
7238,0,972,948
7239,0,975,942
7240,0,976,943
7241,0,974,954
7242,0,975,945
7243,0,971,938
7244,0,973,936
7245,0,973,939
7246,0,963,943
7247,0,967,928
7248,0,959,943
7249,0,969,939
7250,0,964,944
7251,0,967,933
7252,0,1018,979
7253,0,982,949
7254,0,968,950
7255,0,980,936
7256,0,975,946
7257,0,979,945
7258,0,971,949
7259,0,975,946
7260,0,986,939
7261,0,981,949
7262,0,991,938
7263,0,974,946
7264,0,969,948
7265,0,983,944
7266,0,987,945
7267,0,979,948
7268,0,983,945
7269,0,981,950
7270,0,982,946
7271,0,982,946
7272,0,981,947
7273,0,987,947
7274,0,979,944
7275,0,978,948
7276,0,986,949
7277,0,980,942
7278,0,975,951
7279,0,974,950
7280,0,971,944
7281,0,973,943
7282,0,971,946
7283,0,973,936
7284,0,971,945
7285,0,965,935
7286,0,966,940
7287,0,968,943
7288,0,964,934
7289,0,973,929
7290,0,968,938
7291,0,969,933
7292,0,979,943
7293,0,983,961
7294,0,978,1003
7295,0,978,1079
7296,0,973,1131
7297,0,987,1183
7298,0,974,1176
7299,0,983,1130
7300,0,988,1125
7301,0,986,1092
7302,0,983,1084
7303,0,986,1090
7304,0,989,1079
7305,0,975,1061
7306,0,975,1035
7307,0,979,1039
7308,0,991,1022
7309,0,985,1015
7310,0,988,992
7311,0,1001,1007
7312,0,1019,1005
7313,0,1077,992
7314,0,1130,999
7315,0,1200,976
7316,0,1226,991
7317,0,1200,977
7318,0,1180,973
7319,0,1144,979
7320,0,1126,965
7321,0,1127,979
7322,0,1092,954
7323,0,1083,971
7324,0,1064,952
7325,0,1060,958
7326,0,1055,944
7327,0,1024,959
7328,0,1031,952
7329,0,1008,944
7330,0,1012,951
7331,0,1008,962
7332,0,1011,937
7333,0,1011,941
7334,0,1002,934
7335,0,1008,937
7336,0,999,935
7337,0,1015,937
7338,0,1005,935
7339,0,991,939
7340,0,996,938
7341,0,1009,939
7342,0,984,948
7343,0,994,959
7344,0,984,944
7345,0,987,950
7346,0,981,945
7347,0,979,943
7348,0,971,950
7349,0,969,949
7350,0,981,948
7351,0,979,946
7352,0,981,938
7353,0,987,942
7354,0,987,945
7355,0,967,944
7356,0,982,944
7357,0,972,938
7358,0,970,944
7359,0,975,944
7360,0,974,939
7361,0,962,945
7362,0,957,936
7363,0,971,933
7364,0,955,936
7365,0,963,939
7366,0,954,935
7367,0,953,941
7368,0,956,940
7369,0,963,932
7370,0,962,933
7371,0,963,930
7372,0,963,924
7373,0,965,932
7374,0,974,935
7375,0,974,936
7376,0,977,937
7377,0,972,935
7378,0,977,953
7379,0,982,940
7380,0,985,938
7381,0,985,949
7382,0,975,945
7383,0,975,946
7384,0,977,950
7385,0,970,952
7386,0,969,951
7387,0,975,947
7388,0,979,948
7389,0,982,942
7390,0,972,944
7391,0,966,949
7392,0,963,957
7393,0,976,946
7394,0,987,953
7395,0,978,951
7396,0,966,945
7397,0,969,946
7398,0,968,949
7399,0,971,951
7400,0,967,944
7401,0,963,943
7402,0,957,937
7403,0,962,940
7404,0,969,938
7405,0,962,938
7406,0,963,943
7407,0,960,941
7408,0,959,937
7409,0,958,938
7410,0,963,935
7411,0,964,935
7412,0,971,937
7413,0,973,938
7414,0,975,937
7415,0,974,940
7416,0,981,933
7417,0,984,929
7418,0,974,933
7419,0,977,939
7420,0,986,937
7421,0,989,943
7422,0,977,943
7423,0,985,939
7424,0,979,940
7425,0,971,940
7426,0,980,945
7427,0,982,941
7428,0,973,945
7429,0,979,939
7430,0,973,951
7431,0,973,948
7432,0,971,951
7433,0,976,959
7434,0,976,951
7435,0,984,938
7436,0,979,939
7437,0,974,943
7438,0,975,942
7439,0,968,945
7440,0,973,945
7441,0,968,944
7442,0,963,940
7443,0,963,942
7444,0,975,938
7445,0,961,934
7446,0,968,934
7447,0,964,935
7448,0,957,936
7449,0,955,941
7450,0,963,936
7451,0,971,933
7452,0,971,934
7453,0,968,930
7454,0,972,932
7455,0,973,934
7456,0,982,941
7457,0,981,936
7458,0,978,933
7459,0,971,943
7460,0,973,951
7461,0,983,943
7462,0,989,933
7463,0,986,935
7464,0,984,947
7465,0,976,944
7466,0,974,952
7467,0,981,944
7468,0,982,946
7469,0,981,944
7470,0,982,947
7471,0,983,943
7472,0,978,949
7473,0,983,947
7474,0,976,950
7475,0,980,943
7476,0,974,952
7477,0,969,948
7478,0,973,947
7479,0,975,935
7480,0,979,939
7481,0,974,939
7482,0,971,939
7483,0,967,942
7484,0,973,943
7485,0,965,944
7486,0,962,942
7487,0,980,928
7488,0,973,931
7489,0,965,939
7490,0,961,937
7491,0,978,934
7492,0,977,929
7493,0,971,935
7494,0,973,941
7495,0,971,939
7496,0,980,933
7497,0,982,938
7498,0,982,938
7499,0,990,935
7500,0,985,939
7501,0,981,944
7502,0,989,931
7503,0,985,951
7504,0,995,951
7505,0,985,950
7506,0,980,946
7507,0,982,949
7508,0,986,944
7509,0,979,947
7510,0,989,947
7511,0,975,946
7512,0,977,947
7513,0,974,947
7514,0,972,951
7515,0,975,933
7516,0,985,939
7517,0,981,935
7518,0,967,957
7519,0,969,955
7520,0,974,952
7521,0,977,947
7522,0,969,938
7523,0,964,944
7524,0,969,942
7525,0,971,941
7526,0,976,931
7527,0,978,942
7528,0,973,933
7529,0,967,938
7530,0,958,943
7531,0,966,938
7532,0,979,940
7533,0,970,939
7534,0,972,939
7535,0,969,931
7536,0,978,939
7537,0,985,948
7538,0,996,947
7539,0,989,946
7540,0,983,938
7541,0,975,951
7542,0,995,943
7543,0,992,945
7544,0,997,942
7545,0,986,937
7546,0,982,937
7547,0,993,951
7548,0,996,947
7549,0,979,946
7550,0,987,944
7551,0,991,935
7552,0,984,935
7553,0,973,946
7554,0,985,948
7555,0,990,948
7556,0,980,940
7557,0,971,945
7558,0,971,954
7559,0,967,952
7560,0,969,958
7561,0,971,952
7562,0,974,947
7563,0,977,937
7564,0,958,938
7565,0,969,941
7566,0,962,943
7567,0,964,947
7568,0,973,937
7569,0,963,949
7570,0,964,941
7571,0,981,941
7572,0,980,936
7573,0,971,931
7574,0,984,935
7575,0,975,944
7576,0,976,941
7577,0,983,939
7578,0,975,943
7579,0,980,943
7580,0,984,941
7581,0,983,938
7582,0,976,949
7583,0,974,943
7584,0,993,946
7585,0,987,941
7586,0,984,941
7587,0,973,952
7588,0,982,951
7589,0,983,946
7590,0,989,949
7591,0,981,953
7592,0,986,945
7593,0,986,946
7594,0,976,949
7595,0,981,946
7596,0,993,944
7597,0,970,953
7598,0,977,950
7599,0,979,942
7600,0,967,943
7601,0,967,956
7602,0,974,983
7603,0,972,1016
7604,0,967,1070
7605,0,965,1143
7606,0,977,1195
7607,0,971,1157
7608,0,971,1124
7609,0,967,1135
7610,0,967,1100
7611,0,977,1083
7612,0,970,1064
7613,0,970,1049
7614,0,980,1053
7615,0,975,1026
7616,0,985,1027
7617,0,969,1042
7618,0,989,1019
7619,0,983,990
7620,0,1007,984
7621,0,1047,991
7622,0,1079,1011
7623,0,1159,984
7624,0,1223,976
7625,0,1212,984
7626,0,1196,985
7627,0,1179,955
7628,0,1144,959
7629,0,1139,963
7630,0,1120,973
7631,0,1092,963
7632,0,1088,961
7633,0,1090,977
7634,0,1063,953
7635,0,1065,955
7636,0,1059,958
7637,0,1047,969
7638,0,1038,950
7639,0,1029,956
7640,0,1029,954
7641,0,1015,955
7642,0,993,944
7643,0,994,942
7644,0,1011,940
7645,0,999,939
7646,0,987,942
7647,0,984,951
7648,0,965,942
7649,0,993,946
7650,0,989,931
7651,0,985,933
7652,0,989,938
7653,0,999,926
7654,0,980,931
7655,0,984,928
7656,0,985,935
7657,0,980,936
7658,0,984,938
7659,0,995,933
7660,0,980,937
7661,0,985,943
7662,0,979,946
7663,0,972,939
7664,0,975,946
7665,0,979,952
7666,0,980,941
7667,0,981,953
7668,0,978,945
7669,0,975,945
7670,0,980,956
7671,0,984,941
7672,0,975,941
7673,0,974,946
7674,0,973,951
7675,0,984,945
7676,0,977,945
7677,0,970,938
7678,0,980,934
7679,0,971,928
7680,0,963,938
7681,0,962,954
7682,0,960,939
7683,0,960,940
7684,0,963,943
7685,0,958,939
7686,0,951,946
7687,0,957,953
7688,0,956,945
7689,0,964,940
7690,0,961,929
7691,0,966,934
7692,0,967,942
7693,0,971,933
7694,0,972,942
7695,0,967,937
7696,0,975,934
7697,0,972,941
7698,0,970,938
7699,0,978,939
7700,0,985,940
7701,0,989,937
7702,0,982,944
7703,0,979,948
7704,0,977,956
7705,0,975,946
7706,0,971,947
7707,0,978,944
7708,0,981,944
7709,0,974,937
7710,0,974,939
7711,0,974,954
7712,0,974,952
7713,0,974,939
7714,0,973,945
7715,0,974,948
7716,0,975,953
7717,0,975,947
7718,0,970,943
7719,0,981,945
7720,0,973,946
7721,0,974,941
7722,0,968,941
7723,0,970,933
7724,0,963,929
7725,0,953,940
7726,0,967,940
7727,0,967,941
7728,0,957,938
7729,0,963,934
7730,0,962,937
7731,0,965,939
7732,0,968,943
7733,0,964,944
7734,0,982,931
7735,0,977,931
7736,0,983,933
7737,0,976,930
7738,0,980,944
7739,0,984,943
7740,0,982,947
7741,0,979,945
7742,0,989,954
7743,0,987,943
7744,0,961,945
7745,0,981,950
7746,0,977,953
7747,0,972,946
7748,0,974,943
7749,0,977,944
7750,0,970,946
7751,0,974,948
7752,0,973,952
7753,0,976,947
7754,0,983,945
7755,0,977,945
7756,0,976,939
7757,0,975,944
7758,0,965,949
7759,0,967,949
7760,0,970,941
7761,0,969,949
7762,0,1005,957
7763,0,977,963
7764,0,963,939
7765,0,975,937
7766,0,960,939
7767,0,963,935
7768,0,959,936
7769,0,963,934
7770,0,975,926
7771,0,977,931
7772,0,972,933
7773,0,969,939
7774,0,960,940
7775,0,970,938
7776,0,975,934
7777,0,980,932
7778,0,974,944
7779,0,971,943
7780,0,982,945
7781,0,982,938
7782,0,989,941
7783,0,988,927
7784,0,987,937
7785,0,986,948
7786,0,972,946
7787,0,974,948
7788,0,982,942
7789,0,990,949
7790,0,981,946
7791,0,976,947
7792,0,977,939
7793,0,977,949
7794,0,968,946
7795,0,980,947
7796,0,974,943
7797,0,972,945
7798,0,979,942
7799,0,978,936
7800,0,968,936
7801,0,967,945
7802,0,959,934
7803,0,960,935
7804,0,963,935
7805,0,978,940
7806,0,974,936
7807,0,966,925
7808,0,961,945
7809,0,971,942
7810,0,963,932
7811,0,973,949
7812,0,978,934
7813,0,967,936
7814,0,981,939
7815,0,977,940
7816,0,987,937
7817,0,978,938
7818,0,987,923
7819,0,975,940
7820,0,987,935
7821,0,985,940
7822,0,980,944
7823,0,987,946
7824,0,983,945
7825,0,982,943
7826,0,984,949
7827,0,984,945
7828,0,981,941
7829,0,979,946
7830,0,987,955
7831,0,975,951
7832,0,978,948
7833,0,986,952
7834,0,979,949
7835,0,978,936
7836,0,984,945
7837,0,972,945
7838,0,976,33716
7839,0,979,941
7840,0,979,943
7841,0,980,939
7842,0,972,939
7843,0,970,945
7844,0,974,942
7845,0,979,936
7846,0,958,948
7847,0,962,945
7848,0,962,930
7849,0,970,935
7850,0,952,938
7851,0,955,944
7852,0,960,942
7853,0,956,940
7854,0,960,936
7855,0,960,939
7856,0,963,937
7857,0,962,933
7858,0,971,940
7859,0,968,937
7860,0,966,936
7861,0,968,935
7862,0,978,941
7863,0,975,950
7864,0,971,947
7865,0,967,930
7866,0,980,940
7867,0,979,949
7868,0,986,944
7869,0,979,946
7870,0,975,946
7871,0,973,947
7872,0,976,947
7873,0,985,938
7874,0,981,940
7875,0,973,943
7876,0,967,952
7877,0,971,950
7878,0,980,952
7879,0,984,939
7880,0,980,940
7881,0,971,950
7882,0,973,955
7883,0,980,949
7884,0,970,949
7885,0,968,944
7886,0,960,945
7887,0,966,948
7888,0,963,948
7889,0,959,939
7890,0,964,937
7891,0,958,939
7892,0,961,942
7893,0,965,936
7894,0,959,939
7895,0,964,936
7896,0,964,937
7897,0,969,939
7898,0,975,945
7899,0,971,943
7900,0,980,940
7901,0,978,935
7902,0,979,932
7903,0,981,940
7904,0,979,934
7905,0,978,941
7906,0,977,940
7907,0,987,946
7908,0,974,937
7909,0,976,944
7910,0,971,945
7911,0,982,948
7912,0,983,949
7913,0,977,947
7914,0,974,953
7915,0,972,952
7916,0,971,956
7917,0,977,948
7918,0,978,943
7919,0,982,941
7920,0,983,941
7921,0,976,945
7922,0,982,941
7923,0,972,951
7924,0,964,941
7925,0,974,949
7926,0,961,949
7927,0,974,949
7928,0,963,943
7929,0,959,942
7930,0,967,940
7931,0,976,926
7932,0,966,932
7933,0,962,944
7934,0,964,938
7935,0,960,941
7936,0,971,933
7937,0,975,935
7938,0,974,930
7939,0,972,934
7940,0,979,940
7941,0,971,951
7942,0,978,950
7943,0,975,942
7944,0,980,945
7945,0,981,945
7946,0,984,946
7947,0,987,944
7948,0,977,949
7949,0,978,941
7950,0,974,947
7951,0,979,951
7952,0,986,947
7953,0,984,947
7954,0,975,943
7955,0,974,946
7956,0,981,946
7957,0,984,942
7958,0,975,944
7959,0,978,941
7960,0,976,946
7961,0,974,947
7962,0,973,945
7963,0,965,942
7964,0,978,952
7965,0,984,938
7966,0,974,939
7967,0,973,947
7968,0,975,931
7969,0,958,932
7970,0,975,935
7971,0,972,940
7972,0,968,936
7973,0,974,940
7974,0,958,940
7975,0,967,941
7976,0,972,943
7977,0,971,940
7978,0,964,929
7979,0,974,937
7980,0,975,943
7981,0,979,945
7982,0,981,948
7983,0,983,938
7984,0,994,940
7985,0,978,945
7986,0,976,943
7987,0,989,946
7988,0,970,954
7989,0,985,951
7990,0,975,952
7991,0,980,965
7992,0,982,945
7993,0,982,949
7994,0,975,950
7995,0,992,947
7996,0,975,953
7997,0,987,951
7998,0,976,945
7999,0,974,950
8000,0,983,949
8001,0,988,948
8002,0,973,943
8003,0,975,949
8004,0,971,949
8005,0,978,947
8006,0,987,935
8007,0,994,945
8008,0,965,943
8009,0,967,947
8010,0,972,935
8011,0,966,930
8012,0,957,933
8013,0,975,939
8014,0,974,936
8015,0,967,940
8016,0,971,935
8017,0,983,931
8018,0,971,933
8019,0,972,933
8020,0,986,928
8021,0,979,941
8022,0,989,943
8023,0,983,948
8024,0,985,943
8025,0,979,942
8026,0,978,946
8027,0,990,939
8028,0,991,940
8029,0,987,936
8030,0,987,946
8031,0,989,949
8032,0,988,939
8033,0,981,942
8034,0,975,949
8035,0,983,938
8036,0,991,943
8037,0,979,942
8038,0,979,949
8039,0,979,946
8040,0,963,943
8041,0,984,940
8042,0,977,949
8043,0,977,947
8044,0,977,947
8045,0,975,951
8046,0,966,947
8047,0,974,939
8048,0,972,937
8049,0,971,944
8050,0,971,934
8051,0,971,932
8052,0,962,943
8053,0,973,934
8054,0,968,943
8055,0,980,934
8056,0,967,945
8057,0,977,949
8058,0,968,940
8059,0,978,934
8060,0,979,941
8061,0,981,934
8062,0,984,934
8063,0,976,946
8064,0,989,942
8065,0,993,940
8066,0,995,945
8067,0,990,948
8068,0,978,952
8069,0,984,948
8070,0,988,943
8071,0,981,943
8072,0,981,948
8073,0,983,947
8074,0,991,939
8075,0,987,940
8076,0,981,959
8077,0,987,982
8078,0,985,1069
8079,0,978,1100
8080,0,987,1142
8081,0,983,1190
8082,0,979,1189
8083,0,978,1165
8084,0,985,1116
8085,0,975,1131
8086,0,977,1102
8087,0,971,1079
8088,0,973,1056
8089,0,976,1040
8090,0,971,1039
8091,0,971,1020
8092,0,977,1021
8093,0,969,996
8094,0,974,984
8095,0,1007,977
8096,0,1047,973
8097,0,1088,991
8098,0,1167,991
8099,0,1219,972
8100,0,1220,977
8101,0,1215,958
8102,0,1175,967
8103,0,1133,960
8104,0,1135,963
8105,0,1128,974
8106,0,1115,970
8107,0,1086,967
8108,0,1064,956
8109,0,1061,948
8110,0,1063,957
8111,0,1048,956
8112,0,1066,931
8113,0,1050,943
8114,0,1047,946
8115,0,1033,948
8116,0,1025,953
8117,0,996,950
8118,0,1002,955
8119,0,1018,962
8120,0,1033,982
8121,0,1014,960
8122,0,984,950
8123,0,991,935
8124,0,977,944
8125,0,978,954
8126,0,986,942
8127,0,978,946
8128,0,976,931
8129,0,972,938
8130,0,978,933
8131,0,967,931
8132,0,967,940
8133,0,965,937
8134,0,963,932
8135,0,975,936
8136,0,974,939
8137,0,979,949
8138,0,977,924
8139,0,977,929
8140,0,971,933
8141,0,979,935
8142,0,979,935
8143,0,980,942
8144,0,983,935
8145,0,989,942
8146,0,981,952
8147,0,978,946
8148,0,977,949
8149,0,979,949
8150,0,977,944
8151,0,973,959
8152,0,975,952
8153,0,972,949
8154,0,971,947
8155,0,973,935
8156,0,985,938
8157,0,985,946
8158,0,980,945
8159,0,976,943
8160,0,975,947
8161,0,976,943
8162,0,970,946
8163,0,973,943
8164,0,970,939
8165,0,960,944
8166,0,968,950
8167,0,967,938
8168,0,966,941
8169,0,956,941
8170,0,956,945
8171,0,965,937
8172,0,959,931
8173,0,963,937
8174,0,967,940
8175,0,981,932
8176,0,973,929
8177,0,970,936
8178,0,977,930
8179,0,966,939
8180,0,973,944
8181,0,975,937
8182,0,976,934
8183,0,975,938
8184,0,983,943
8185,0,992,930
8186,0,983,945
8187,0,975,949
8188,0,969,946
8189,0,980,949
8190,0,974,947
8191,0,979,948
8192,0,979,949
8193,0,985,941
8194,0,983,948
8195,0,979,950
8196,0,972,947
8197,0,969,947
8198,0,973,947
8199,0,971,945
8200,0,970,950
8201,0,979,947
8202,0,981,943
8203,0,974,941
8204,0,978,945
8205,0,968,942
8206,0,967,942
8207,0,973,949
8208,0,975,935
8209,0,954,942
8210,0,957,937
8211,0,962,940
8212,0,968,937
8213,0,963,943
8214,0,968,933
8215,0,967,933
8216,0,972,931
8217,0,974,936
8218,0,973,934
8219,0,971,935
8220,0,978,929
8221,0,984,936
8222,0,975,938
8223,0,983,937
8224,0,997,931
8225,0,978,933
8226,0,979,944
8227,0,988,938
8228,0,984,941
8229,0,976,945
8230,0,984,947
8231,0,981,954
8232,0,985,952
8233,0,975,942
8234,0,971,948
8235,0,974,948
8236,0,979,950
8237,0,983,945
8238,0,981,950
8239,0,978,943
8240,0,972,942
8241,0,980,937
8242,0,973,941
8243,0,968,947
8244,0,976,937
8245,0,968,948
8246,0,964,951
8247,0,954,948
8248,0,976,941
8249,0,966,939
8250,0,968,939
8251,0,963,946
8252,0,960,935
8253,0,968,936
8254,0,974,932
8255,0,975,931
8256,0,980,934
8257,0,982,931
8258,0,969,942
8259,0,970,941
8260,0,974,946
8261,0,974,942
8262,0,983,937
8263,0,982,941
8264,0,975,937
8265,0,985,947
8266,0,994,939
8267,0,984,950
8268,0,984,944
8269,0,978,946
8270,0,988,945
8271,0,981,939
8272,0,989,942
8273,0,981,944
8274,0,975,954
8275,0,983,944
8276,0,979,955
8277,0,979,952
8278,0,973,946
8279,0,976,944
8280,0,974,947
8281,0,970,951
8282,0,963,950
8283,0,979,943
8284,0,973,943
8285,0,969,931
8286,0,967,943
8287,0,970,935
8288,0,972,938
8289,0,965,931
8290,0,968,938
8291,0,976,935
8292,0,966,938
8293,0,964,937
8294,0,964,936
8295,0,975,939
8296,0,977,935
8297,0,973,937
8298,0,971,937
8299,0,978,937
8300,0,982,943
8301,0,972,946
8302,0,985,934
8303,0,989,945
8304,0,988,937
8305,0,981,945
8306,0,980,948
8307,0,964,956
8308,0,992,949
8309,0,982,949
8310,0,980,948
8311,0,977,955
8312,0,985,946
8313,0,979,948
8314,0,985,949
8315,0,980,945
8316,0,974,960
8317,0,976,944
8318,0,982,945
8319,0,985,947
8320,0,981,943
8321,0,981,939
8322,0,972,942
8323,0,972,951
8324,0,971,949
8325,0,979,942
8326,0,968,939
8327,0,971,943
8328,0,979,940
8329,0,969,941
8330,0,972,928
8331,0,959,938
8332,0,970,935
8333,0,967,940
8334,0,961,934
8335,0,972,928
8336,0,976,928
8337,0,971,936
8338,0,974,941
8339,0,974,945
8340,0,987,938
8341,0,982,944
8342,0,986,937
8343,0,975,948
8344,0,975,949
8345,0,981,942
8346,0,991,951
8347,0,989,943
8348,0,989,946
8349,0,981,948
8350,0,984,947
8351,0,994,940
8352,0,991,940
8353,0,983,947
8354,0,991,949
8355,0,990,942
8356,0,981,939
8357,0,974,939
8358,0,983,945
8359,0,979,944
8360,0,972,953
8361,0,979,945
8362,0,981,947
8363,0,980,941
8364,0,977,943
8365,0,972,946
8366,0,973,944
8367,0,981,936
8368,0,961,940
8369,0,969,934
8370,0,972,944
8371,0,952,936
8372,0,966,945
8373,0,970,944
8374,0,971,941
8375,0,967,944
8376,0,975,934
8377,0,987,936
8378,0,993,937
8379,0,975,930
8380,0,977,943
8381,0,979,943
8382,0,982,947
8383,0,978,943
8384,0,987,954
8385,0,989,970
8386,0,979,1011
8387,0,971,1083
8388,0,975,1151
8389,0,990,1191
8390,0,990,1191
8391,0,982,1163
8392,0,977,1143
8393,0,988,1122
8394,0,985,1086
8395,0,975,1079
8396,0,987,1048
8397,0,979,1045
8398,0,970,1040
8399,0,979,1049
8400,0,989,1016
8401,0,986,1010
8402,0,984,1019
8403,0,991,992
8404,0,1011,1003
8405,0,1052,980
8406,0,1127,976
8407,0,1183,990
8408,0,1201,974
8409,0,1191,960
8410,0,1156,952
8411,0,1159,965
8412,0,1135,955
8413,0,1096,948
8414,0,1092,962
8415,0,1095,959
8416,0,1079,951
8417,0,1083,948
8418,0,1071,939
8419,0,1040,937
8420,0,1049,947
8421,0,1030,948
8422,0,1029,944
8423,0,1019,952
8424,0,1023,950
8425,0,1018,945
8426,0,1017,948
8427,0,993,945
8428,0,996,950
8429,0,1007,947
8430,0,998,943
8431,0,994,952
8432,0,990,944
8433,0,989,945
8434,0,979,945
8435,0,978,946
8436,0,993,934
8437,0,978,944
8438,0,975,948
8439,0,972,950
8440,0,979,941
8441,0,979,943
8442,0,978,931
8443,0,964,943
8444,0,958,947
8445,0,962,945
8446,0,975,942
8447,0,963,930
8448,0,961,930
8449,0,955,943
8450,0,952,939
8451,0,961,945
8452,0,965,933
8453,0,959,939
8454,0,969,934
8455,0,970,941
8456,0,961,936
8457,0,979,928
8458,0,971,936
8459,0,970,934
8460,0,974,927
8461,0,975,946
8462,0,979,937
8463,0,978,932
8464,0,980,941
8465,0,965,949
8466,0,980,948
8467,0,974,963
8468,0,975,955
8469,0,976,944
8470,0,966,945
8471,0,970,945
8472,0,979,949
8473,0,980,955
8474,0,974,944
8475,0,976,945
8476,0,975,939
8477,0,973,944
8478,0,968,940
8479,0,979,942
8480,0,973,944
8481,0,974,943
8482,0,979,950
8483,0,980,933
8484,0,964,933
8485,0,968,939
8486,0,966,937
8487,0,963,931
8488,0,964,944
8489,0,959,940
8490,0,962,933
8491,0,967,937
8492,0,975,939
8493,0,969,937
8494,0,973,930
8495,0,962,929
8496,0,969,949
8497,0,972,930
8498,0,966,941
8499,0,970,941
8500,0,974,943
8501,0,969,944
8502,0,971,940
8503,0,982,941
8504,0,977,944
8505,0,991,947
8506,0,978,938
8507,0,975,953
8508,0,976,950
8509,0,976,948
8510,0,975,949
8511,0,988,945
8512,0,976,936
8513,0,975,945
8514,0,974,944
8515,0,975,946
8516,0,981,943
8517,0,981,942
8518,0,979,943
8519,0,974,950
8520,0,974,955
8521,0,979,938
8522,0,965,944
8523,0,969,941
8524,0,967,940
8525,0,960,941
8526,0,967,941
8527,0,967,942
8528,0,954,940
8529,0,967,937
8530,0,951,938
8531,0,974,933
8532,0,965,942
8533,0,965,933
8534,0,964,936
8535,0,969,937
8536,0,967,941
8537,0,987,941
8538,0,981,935
8539,0,976,933
8540,0,985,936
8541,0,977,932
8542,0,994,931
8543,0,988,936
8544,0,989,935
8545,0,991,939
8546,0,998,945
8547,0,987,935
8548,0,979,945
8549,0,984,940
8550,0,983,940
8551,0,979,946
8552,0,977,948
8553,0,979,944
8554,0,974,940
8555,0,985,939
8556,0,977,947
8557,0,975,942
8558,0,984,945
8559,0,977,943
8560,0,987,946
8561,0,972,935
8562,0,966,946
8563,0,963,945
8564,0,974,948
8565,0,969,939
8566,0,971,943
8567,0,969,936
8568,0,967,936
8569,0,971,935
8570,0,966,939
8571,0,966,951
8572,0,971,935
8573,0,973,928
8574,0,972,934
8575,0,980,930
8576,0,985,931
8577,0,968,934
8578,0,975,936
8579,0,975,940
8580,0,988,937
8581,0,982,937
8582,0,984,934
8583,0,989,947
8584,0,987,947
8585,0,980,940
8586,0,983,947
8587,0,996,946
8588,0,969,933
8589,0,976,943
8590,0,984,951
8591,0,985,941
8592,0,971,945
8593,0,975,945
8594,0,984,945
8595,0,985,949
8596,0,982,958
8597,0,993,950
8598,0,979,947
8599,0,977,945
8600,0,972,948
8601,0,974,949
8602,0,969,942
8603,0,981,937
8604,0,965,931
8605,0,959,942
8606,0,972,935
8607,0,975,927
8608,0,982,934
8609,0,973,925
8610,0,971,931
8611,0,976,928
8612,0,964,935
8613,0,973,934
8614,0,971,935
8615,0,973,943
8616,0,980,940
8617,0,978,944
8618,0,981,939
8619,0,973,941
8620,0,978,941
8621,0,991,944
8622,0,985,950
8623,0,983,945
8624,0,991,943
8625,0,995,947
8626,0,990,951
8627,0,985,950
8628,0,977,950
8629,0,981,955
8630,0,1040,983
8631,0,989,956
8632,0,979,951
8633,0,989,948
8634,0,980,955
8635,0,979,950
8636,0,977,953
8637,0,979,946
8638,0,982,941
8639,0,982,939
8640,0,976,936
8641,0,969,944
8642,0,966,946
8643,0,962,945
8644,0,977,932
8645,0,964,936
8646,0,968,937
8647,0,968,950
8648,0,975,942
8649,0,966,934
8650,0,965,946
8651,0,972,935
8652,0,966,940
8653,0,973,934
8654,0,968,932
8655,0,984,936
8656,0,968,935
8657,0,978,942
8658,0,984,934
8659,0,973,942
8660,0,974,943
8661,0,988,940
8662,0,983,945
8663,0,983,941
8664,0,979,937
8665,0,989,935
8666,0,989,937
8667,0,990,937
8668,0,990,942
8669,0,979,944
8670,0,989,941
8671,0,985,950
8672,0,989,944
8673,0,983,948
8674,0,993,940
8675,0,987,939
8676,0,975,944
8677,0,980,943
8678,0,991,943
8679,0,984,939
8680,0,969,942
8681,0,969,949
8682,0,970,949
8683,0,974,949
8684,0,965,951
8685,0,969,943
8686,0,981,938
8687,0,961,941
8688,0,973,933
8689,0,972,931
8690,0,963,943
8691,0,967,934
8692,0,972,937
8693,0,983,932
8694,0,967,950
8695,0,983,965
8696,0,979,1001
8697,0,991,1048
8698,0,973,1131
8699,0,984,1183
8700,0,994,1176
8701,0,983,1152
8702,0,993,1124
8703,0,989,1116
8704,0,986,1103
8705,0,978,1088
8706,0,980,1083
8707,0,969,1067
8708,0,993,1054
8709,0,978,1042
8710,0,979,1035
8711,0,976,1011
8712,0,983,1000
8713,0,999,1015
8714,0,1047,1003
8715,0,1053,992
8716,0,1111,997
8717,0,1152,996
8718,0,1222,981
8719,0,1228,960
8720,0,1169,985
8721,0,1152,985
8722,0,1143,965
8723,0,1119,969
8724,0,1123,969
8725,0,1095,944
8726,0,1072,963
8727,0,1042,944
8728,0,1051,951
8729,0,1025,937
8730,0,1029,938
8731,0,1043,946
8732,0,1017,953
8733,0,1031,944
8734,0,1027,947
8735,0,1008,928
8736,0,996,931
8737,0,1023,942
8738,0,1004,941
8739,0,998,940
8740,0,1001,940
8741,0,997,934
8742,0,984,939
8743,0,998,944
8744,0,971,943
8745,0,985,945
8746,0,991,944
8747,0,987,951
8748,0,987,951
8749,0,992,943
8750,0,980,947
8751,0,984,948
8752,0,983,937
8753,0,975,943
8754,0,964,948
8755,0,977,939
8756,0,971,948
8757,0,983,955
8758,0,970,956
8759,0,974,944
8760,0,973,946
8761,0,970,945
8762,0,963,943
8763,0,967,948
8764,0,961,940
8765,0,955,949
8766,0,968,929
8767,0,965,936
8768,0,954,933
8769,0,959,940
8770,0,955,938
8771,0,967,938
8772,0,971,937
8773,0,963,937
8774,0,962,940
8775,0,969,932
8776,0,975,932
8777,0,976,936
8778,0,971,938
8779,0,970,946
8780,0,969,947
8781,0,981,935
8782,0,986,937
8783,0,976,935
8784,0,954,944
8785,0,973,947
8786,0,971,945
8787,0,977,947
8788,0,979,947
8789,0,987,947
8790,0,981,950
8791,0,977,948
8792,0,973,948
8793,0,975,949
8794,0,983,941
8795,0,980,945
8796,0,976,941
8797,0,977,940
8798,0,975,945
8799,0,977,943
8800,0,963,941
8801,0,973,944
8802,0,967,941
8803,0,962,934
8804,0,958,948
8805,0,957,937
8806,0,967,940
8807,0,963,935
8808,0,962,937
8809,0,953,952
8810,0,960,939
8811,0,961,937
8812,0,965,944
8813,0,977,931
8814,0,967,929
8815,0,970,932
8816,0,972,933
8817,0,970,933
8818,0,977,938
8819,0,972,939
8820,0,974,937
8821,0,978,937
8822,0,982,937
8823,0,974,937
8824,0,981,945
8825,0,978,943
8826,0,980,947
8827,0,975,947
8828,0,982,946
8829,0,978,943
8830,0,981,946
8831,0,984,941
8832,0,975,948
8833,0,972,955
8834,0,968,959
8835,0,975,945
8836,0,974,940
8837,0,974,940
8838,0,974,952
8839,0,984,947
8840,0,987,942
8841,0,977,942
8842,0,965,941
8843,0,964,942
8844,0,970,941
8845,0,970,950
8846,0,969,930
8847,0,963,935
8848,0,959,936
8849,0,961,936
8850,0,969,937
8851,0,963,941
8852,0,969,945
8853,0,960,944
8854,0,971,947
8855,0,969,942
8856,0,971,936
8857,0,979,936
8858,0,990,934
8859,0,979,930
8860,0,970,941
8861,0,973,935
8862,0,980,947
8863,0,983,941
8864,0,988,961
8865,0,992,939
8866,0,987,940
8867,0,974,950
8868,0,980,953
8869,0,979,946
8870,0,985,949
8871,0,984,948
8872,0,986,946
8873,0,973,945
8874,0,972,943
8875,0,970,948
8876,0,979,948
8877,0,977,938
8878,0,975,943
8879,0,982,942
8880,0,977,942
8881,0,966,940
8882,0,974,949
8883,0,970,953
8884,0,959,950
8885,0,962,941
8886,0,967,938
8887,0,966,945
8888,0,964,935
8889,0,963,934
8890,0,959,934
8891,0,965,953
8892,0,967,938
8893,0,978,937
8894,0,975,933
8895,0,987,939
8896,0,968,933
8897,0,977,942
8898,0,973,951
8899,0,1003,941
8900,0,977,939
8901,0,979,943
8902,0,979,945
8903,0,985,942
8904,0,986,939
8905,0,980,946
8906,0,990,943
8907,0,983,948
8908,0,979,943
8909,0,986,946
8910,0,995,937
8911,0,985,946
8912,0,986,946
8913,0,983,946
8914,0,978,951
8915,0,980,945
8916,0,984,947
8917,0,980,945
8918,0,978,945
8919,0,975,945
8920,0,973,945
8921,0,977,941
8922,0,980,935
8923,0,977,933
8924,0,985,942
8925,0,977,933
8926,0,971,933
8927,0,967,940
8928,0,966,937
8929,0,980,931
8930,0,966,934
8931,0,958,936
8932,0,981,930
8933,0,969,934
8934,0,981,936
8935,0,970,939
8936,0,978,937
8937,0,984,943
8938,0,979,949
8939,0,979,943
8940,0,991,943
8941,0,985,941
8942,0,983,940
8943,0,989,944
8944,0,984,939
8945,0,971,948
8946,0,988,957
8947,0,977,952
8948,0,979,945
8949,0,974,945
8950,0,982,944
8951,0,980,951
8952,0,982,942
8953,0,982,946
8954,0,970,944
8955,0,977,946
8956,0,986,949
8957,0,985,954
8958,0,982,944
8959,0,983,939
8960,0,978,942
8961,0,972,948
8962,0,967,953
8963,0,969,937
8964,0,969,947
8965,0,973,943
8966,0,964,947
8967,0,973,939
8968,0,974,936
8969,0,968,939
8970,0,967,930
8971,0,969,937
8972,0,984,934
8973,0,965,933
8974,0,985,939
8975,0,975,934
8976,0,975,942
8977,0,991,934
8978,0,981,942
8979,0,978,941
8980,0,992,934
8981,0,982,950
8982,0,978,941
8983,0,981,941
8984,0,991,953
8985,0,992,944
8986,0,989,943
8987,0,991,946
8988,0,987,950
8989,0,996,945
8990,0,985,946
8991,0,967,938
8992,0,978,942
8993,0,985,938
8994,0,985,939
8995,0,976,947
8996,0,970,955
8997,0,982,946
8998,0,978,947
8999,0,978,948
9000,0,975,930
9001,0,977,944
9002,0,979,946
9003,0,970,943
9004,0,975,937
9005,0,978,930
9006,0,968,965
9007,0,972,999
9008,0,972,1069
9009,0,965,1111
9010,0,978,1173
9011,0,974,1171
9012,0,970,1171
9013,0,981,1131
9014,0,981,1103
9015,0,982,1072
9016,0,983,1064
9017,0,975,1056
9018,0,976,1059
9019,0,988,1028
9020,0,982,1023
9021,0,991,1027
9022,0,998,1000
9023,0,991,1003
9024,0,990,1023
9025,0,1013,991
9026,0,1055,1007
9027,0,1135,976
9028,0,1191,991
9029,0,1229,988
9030,0,1216,979
9031,0,1179,962
9032,0,1139,970
9033,0,1166,974
9034,0,1145,985
9035,0,1113,969
9036,0,1103,960
9037,0,1081,969
9038,0,1080,963
9039,0,1063,954
9040,0,1061,956
9041,0,1045,947
9042,0,1031,949
9043,0,1015,953
9044,0,1022,946
9045,0,992,951
9046,0,996,949
9047,0,1009,943
9048,0,989,948
9049,0,1001,931
9050,0,997,935
9051,0,1001,935
9052,0,986,932
9053,0,984,929
9054,0,985,931
9055,0,991,933
9056,0,980,933
9057,0,986,928
9058,0,986,927
9059,0,987,943
9060,0,984,942
9061,0,980,938
9062,0,993,940
9063,0,976,949
9064,0,987,945
9065,0,983,949
9066,0,978,947
9067,0,985,954
9068,0,992,944
9069,0,969,932
9070,0,981,944
9071,0,974,944
9072,0,969,943
9073,0,963,944
9074,0,969,943
9075,0,977,947
9076,0,975,944
9077,0,965,945
9078,0,985,943
9079,0,971,944
9080,0,967,936
9081,0,961,939
9082,0,971,945
9083,0,965,944
9084,0,963,935
9085,0,961,932
9086,0,969,936
9087,0,955,937
9088,0,952,937
9089,0,958,941
9090,0,960,938
9091,0,972,933
9092,0,970,933
9093,0,971,941
9094,0,968,932
9095,0,976,934
9096,0,975,932
9097,0,978,932
9098,0,969,932
9099,0,971,937
9100,0,973,952
9101,0,982,950
9102,0,985,945
9103,0,978,943
9104,0,975,944
9105,0,974,942
9106,0,975,943
9107,0,978,938
9108,0,979,948
9109,0,973,944
9110,0,976,942
9111,0,970,943
9112,0,979,944
9113,0,986,940
9114,0,987,940
9115,0,977,944
9116,0,981,941
9117,0,980,941
9118,0,976,934
9119,0,982,939
9120,0,979,938
9121,0,976,937
9122,0,967,951
9123,0,959,940
9124,0,963,937
9125,0,967,938
9126,0,961,939
9127,0,958,942
9128,0,960,945
9129,0,960,939
9130,0,965,944
9131,0,967,941
9132,0,977,933
9133,0,982,931
9134,0,968,923
9135,0,976,931
9136,0,967,934
9137,0,975,940
9138,0,981,944
9139,0,975,941
9140,0,1014,963
9141,0,995,966
9142,0,974,952
9143,0,976,944
9144,0,970,942
9145,0,977,948
9146,0,974,954
9147,0,985,935
9148,0,975,945
9149,0,983,943
9150,0,978,943
9151,0,975,938
9152,0,965,943
9153,0,981,946
9154,0,983,940
9155,0,975,941
9156,0,971,946
9157,0,971,943
9158,0,976,938
9159,0,987,933
9160,0,966,937
9161,0,967,945
9162,0,968,936
9163,0,965,939
9164,0,968,939
9165,0,962,935
9166,0,954,935
9167,0,954,938
9168,0,958,938
9169,0,960,940
9170,0,971,940
9171,0,967,945
9172,0,970,936
9173,0,964,936
9174,0,964,939
9175,0,969,939
9176,0,983,937
9177,0,990,934
9178,0,979,933
9179,0,989,940
9180,0,978,939
9181,0,988,939
9182,0,979,937
9183,0,974,945
9184,0,981,935
9185,0,981,944
9186,0,974,942
9187,0,974,955
9188,0,979,948
9189,0,976,939
9190,0,974,946
9191,0,985,946
9192,0,972,941
9193,0,982,939
9194,0,975,945
9195,0,982,946
9196,0,982,942
9197,0,975,937
9198,0,978,941
9199,0,975,937
9200,0,967,939
9201,0,970,943
9202,0,968,942
9203,0,953,938
9204,0,975,943
9205,0,969,940
9206,0,965,937
9207,0,962,927
9208,0,963,931
9209,0,964,940
9210,0,965,937
9211,0,977,937
9212,0,971,935
9213,0,978,936
9214,0,969,937
9215,0,966,944
9216,0,971,949
9217,0,975,934
9218,0,983,946
9219,0,980,947
9220,0,981,947
9221,0,983,949
9222,0,983,925
9223,0,992,944
9224,0,980,941
9225,0,982,947
9226,0,980,945
9227,0,976,945
9228,0,977,948
9229,0,989,943
9230,0,977,947
9231,0,983,947
9232,0,982,952
9233,0,981,947
9234,0,974,956
9235,0,981,943
9236,0,979,945
9237,0,987,944
9238,0,979,945
9239,0,985,943
9240,0,982,943
9241,0,978,935
9242,0,978,941
9243,0,972,944
9244,0,965,935
9245,0,969,933
9246,0,974,931
9247,0,979,931
9248,0,975,933
9249,0,968,930
9250,0,969,941
9251,0,972,936
9252,0,976,942
9253,0,976,939
9254,0,975,933
9255,0,966,942
9256,0,983,941
9257,0,979,939
9258,0,971,941
9259,0,997,938
9260,0,988,943
9261,0,977,960
9262,0,995,943
9263,0,986,950
9264,0,981,945
9265,0,981,949
9266,0,976,947
9267,0,984,949
9268,0,981,949
9269,0,990,947
9270,0,980,951
9271,0,980,939
9272,0,980,949
9273,0,982,944
9274,0,983,951
9275,0,982,950
9276,0,987,942
9277,0,976,941
9278,0,971,940
9279,0,958,947
9280,0,976,950
9281,0,972,949
9282,0,963,939
9283,0,975,944
9284,0,968,935
9285,0,967,938
9286,0,968,931
9287,0,973,925
9288,0,974,937
9289,0,975,930
9290,0,964,937
9291,0,963,935
9292,0,976,930
9293,0,981,932
9294,0,978,936
9295,0,980,941
9296,0,979,934
9297,0,974,934
9298,0,976,936
9299,0,986,936
